                      :-) GROMACS - gmx mdrun, 2026.3 (-:

Copyright 1991-2026 The GROMACS Authors.
GROMACS is free software; you can redistribute it and/or modify it
under the terms of the GNU Lesser General Public License
as published by the Free Software Foundation; either version 2.1
of the License, or (at your option) any later version.

                         Current GROMACS contributors:
       Mark Abraham           Andrey Alekseenko           Brian Andrews       
        Paul Bauer              Cathrine Bergh              Hugh Bird         
      Eliane Briand               Ania Brown                Yiqi Chen         
      Mahesh Doijade            Giacomo Fiorin          Stefan Fleischmann    
      Sergey Gorelov         Gilles Gouaillardet            Alan Gray         
   Farzaneh Jalalypour         Petter Johansson          Carsten Kutzner      
    Grzegorz Łazarski         Justin A. Lemkul          Magnus Lundborg      
        Julio Maia               Pascal Merz             Vedran Miletić      
      Dmitry Morozov           Lukas Müllender           Szilárd Páll      
 Andrea Pasquadibisceglie     Michele Pellegrino         Nicola Piasentin     
     Daniele Rapetti         Muhammad Umair Sadiq         Hubert Santuz       
      Michael Shirts           Tatiana Shugaeva          Alexey Shvetsov      
     Bálint Soproni            Philip Turner            Alessandra Villa     
        Yang Zhang        

                         Previous GROMACS contributors:
        Emile Apol             Rossen Apostolov           James Barnett       
      Vladimir Basov        Herman J.C. Berendsen          Par Bjelkmar       
      Christian Blau          Viacheslav Bolnykh            Kevin Boyd        
    Aldert van Buuren          Carlo Camilloni           Rudi van Drunen      
      Anton Feenstra           Oliver Fleetwood            Vytas Gapsys       
       Gaurav Garg             Gerrit Groenhof            Bert de Groot       
      Anca Hamuraru           Vincent Hindriksen          Victor Holanda      
     M. Eric Irrgang           Aleksei Iupinov              Joe Jordan        
    Christoph Junghans        Prashanth Kanduri        Dimitrios Karkoulis    
       Peter Kasson             Sebastian Kehl           Sebastian Keller     
        Jiri Kraus               Per Larsson              Viveca Lindahl      
      Erik Marklund           Pieter Meulenhoff           Teemu Murtola       
       Julien Nabet              Sander Pronk             Roland Schulz       
      Alfons Sijbers         David van der Spoel          Peter Tieleman      
      Carsten Uphoff             Jon Vincent             Teemu Virolainen     
    Christian Wennberg     Sebastian Wingbermühle         Maarten Wolf       
      Artem Zhmurov       

                  Coordinated by the GROMACS project leaders:
                           Berk Hess and Erik Lindahl

GROMACS:      gmx mdrun, version 2026.3
Executable:   /usr/local/gromacs/bin/gmx
Data prefix:  /usr/local/gromacs
Working dir:  /home/user/IC2/membrana_POPC/gromos54a7
Process ID:   32574
Command line:
  gmx mdrun -v -deffnm nvt

GROMACS version:     2026.3
Precision:           mixed
Memory model:        64 bit
MPI library:         thread_mpi
MPI version:         built in
OpenMP support:      enabled (GMX_OPENMP_MAX_THREADS = 128)
GPU support:         disabled
SIMD instructions:   AVX2_256
CPU FFT library:     fftw-3.3.10-sse2-avx-avx2-avx2_128
GPU FFT library:     none
Multi-GPU FFT:       none
RDTSCP:              enabled
TNG support:         enabled
Hwloc support:       disabled
Tracing support:     disabled
Colvars support:     enabled (version 2025-10-13)
CP2K support:        disabled
Torch support:       disabled
Plumed support:      enabled
C compiler:          /usr/bin/cc GNU 13.3.0
C compiler flags:    -fexcess-precision=fast -funroll-all-loops -mavx2 -mfma -Wno-missing-field-initializers -O3 -DNDEBUG
C++ compiler:        /usr/bin/c++ GNU 13.3.0
C++ compiler flags:  -fexcess-precision=fast -funroll-all-loops -mavx2 -mfma -Wno-missing-field-initializers -Wno-stringop-truncation -Wno-cast-function-type-strict SHELL:-fopenmp -O3 -DNDEBUG
BLAS library:        Internal
LAPACK library:      Internal


Running on 1 node with total 24 cores, 32 processing units
Hardware detected on host alfredoIII:
  CPU info:
    Vendor: Intel
    Brand:  Intel(R) Core(TM) i9-14900K
    Family: 6   Model: 183   Stepping: 1
    Features: aes apic avx avx2 clfsh cmov cx8 cx16 f16c fma htt intel lahf mmx msr nonstop_tsc pcid pclmuldq pdcm pdpe1gb popcnt pse rdrnd rdtscp sha sse2 sse3 sse4.1 sse4.2 ssse3 tdt x2apic
  Hardware topology: Basic
    Packages, cores, and logical processors:
    [indices refer to OS logical processors]
      Package  0: [   0   1] [   2   3] [   4   5] [   6   7] [   8   9] [  10  11] [  12  13] [  14  15] [  16] [  17] [  18] [  19] [  20] [  21] [  22] [  23] [  24] [  25] [  26] [  27] [  28] [  29] [  30] [  31]
    CPU limit set by OS: -1   Recommended max number of threads: 32


++++ PLEASE READ AND CITE THE FOLLOWING REFERENCE ++++
M. J. Abraham, T. Murtola, R. Schulz, S. Páll, J. C. Smith, B. Hess, E.
Lindahl
GROMACS: High performance molecular simulations through multi-level
parallelism from laptops to supercomputers
SoftwareX (2015)
https://doi.org/10.1016/j.softx.2015.06.001
-------- -------- --- Thank You --- -------- --------


++++ PLEASE READ AND CITE THE FOLLOWING REFERENCE ++++
S. Páll, M. J. Abraham, C. Kutzner, B. Hess, E. Lindahl
Tackling Exascale Software Challenges in Molecular Dynamics Simulations with
GROMACS
In S. Markidis & E. Laure (Eds.), Solving Software Challenges for Exascale (2015)
https://doi.org/10.1007/978-3-319-15976-8_1
-------- -------- --- Thank You --- -------- --------


++++ PLEASE READ AND CITE THE FOLLOWING REFERENCE ++++
S. Pronk, S. Páll, R. Schulz, P. Larsson, P. Bjelkmar, R. Apostolov, M. R.
Shirts, J. C. Smith, P. M. Kasson, D. van der Spoel, B. Hess, E. Lindahl
GROMACS 4.5: a high-throughput and highly parallel open source molecular
simulation toolkit
Bioinformatics (2013)
https://doi.org/10.1093/bioinformatics/btt055
-------- -------- --- Thank You --- -------- --------


++++ PLEASE READ AND CITE THE FOLLOWING REFERENCE ++++
B. Hess, C. Kutzner, D. van der Spoel, E. Lindahl
GROMACS 4: Algorithms for highly efficient, load-balanced, and scalable
molecular simulation
J. Chem. Theory Comput. (2008)
https://doi.org/10.1021/ct700301q
-------- -------- --- Thank You --- -------- --------


++++ PLEASE READ AND CITE THE FOLLOWING REFERENCE ++++
D. van der Spoel, E. Lindahl, B. Hess, G. Groenhof, A. E. Mark, H. J. C.
Berendsen
GROMACS: Fast, Flexible and Free
J. Comp. Chem. (2005)
https://doi.org/10.1002/jcc.20291
-------- -------- --- Thank You --- -------- --------


++++ PLEASE READ AND CITE THE FOLLOWING REFERENCE ++++
E. Lindahl, B. Hess, D. van der Spoel
GROMACS 3.0: A package for molecular simulation and trajectory analysis
J. Mol. Mod. (2001)
https://doi.org/10.1007/s008940100045
-------- -------- --- Thank You --- -------- --------


++++ PLEASE READ AND CITE THE FOLLOWING REFERENCE ++++
H. J. C. Berendsen, D. van der Spoel and R. van Drunen
GROMACS: A message-passing parallel molecular dynamics implementation
Comp. Phys. Comm. (1995)
https://doi.org/10.1016/0010-4655(95)00042-E
-------- -------- --- Thank You --- -------- --------


++++ PLEASE CITE THE DOI FOR THIS VERSION OF GROMACS ++++
https://doi.org/10.5281/zenodo.20845217
-------- -------- --- Thank You --- -------- --------

Input Parameters:
   integrator                     = md
   tinit                          = 0
   dt                             = 0.002
   nsteps                         = 50000
   init-step                      = 0
   simulation-part                = 1
   mts                            = false
   mass-repartition-factor        = 1
   comm-mode                      = Linear
   nstcomm                        = 1
   bd-fric                        = 0
   ld-seed                        = -93398409
   emtol                          = 10
   emstep                         = 0.01
   niter                          = 20
   fcstep                         = 0
   nstcgsteep                     = 1000
   nbfgscorr                      = 10
   rtpi                           = 0.05
   nstxout                        = 100
   nstvout                        = 100
   nstfout                        = 0
   nstlog                         = 100
   nstcalcenergy                  = 100
   nstenergy                      = 100
   nstxout-compressed             = 0
   compressed-x-precision         = 1000
   cutoff-scheme                  = Verlet
   nstlist                        = 5
   pbc                            = xyz
   periodic-molecules             = false
   verlet-buffer-tolerance        = 0.005
   verlet-buffer-pressure-tolerance = 0.5
   rlist                          = 1.2
   coulombtype                    = PME
   coulomb-modifier               = Potential-shift
   rcoulomb-switch                = 0
   rcoulomb                       = 1.2
   epsilon-r                      = 1
   epsilon-rf                     = inf
   vdw-type                       = Cut-off
   vdw-modifier                   = Potential-shift
   rvdw-switch                    = 0
   rvdw                           = 1.2
   DispCorr                       = EnerPres
   table-extension                = 1
   fourierspacing                 = 0.16
   fourier-nx                     = 40
   fourier-ny                     = 40
   fourier-nz                     = 100
   pme-order                      = 4
   ewald-rtol                     = 1e-05
   ewald-rtol-lj                  = 0.001
   lj-pme-comb-rule               = Geometric
   ewald-geometry                 = 3d
   epsilon-surface                = 0
   ensemble-temperature-setting   = constant
   ensemble-temperature           = 300
   tcoupl                         = V-rescale
   nsttcouple                     = 10
   nh-chain-length                = 0
   print-nose-hoover-chain-variables = false
   pcoupl                         = No
   refcoord-scaling               = No
   posres-com: not available
   posres-comB: not available
   QMMM                           = false
qm-opts:
   ngQM                           = 0
   constraint-algorithm           = Lincs
   continuation                   = false
   Shake-SOR                      = false
   shake-tol                      = 0.0001
   lincs-order                    = 4
   lincs-iter                     = 1
   lincs-warnangle                = 30
   nwall                          = 0
   wall-type                      = 9-3
   wall-r-linpot                  = -1
   wall-atomtype[0]               = -1
   wall-atomtype[1]               = -1
   wall-density[0]                = 0
   wall-density[1]                = 0
   wall-ewald-zfac                = 3
   pull                           = false
   awh                            = false
   rotation                       = false
   interactiveMD                  = false
   disre                          = No
   disre-weighting                = Conservative
   disre-mixed                    = false
   dr-fc                          = 1000
   dr-tau                         = 0
   nstdisreout                    = 100
   orire-fc                       = 0
   orire-tau                      = 0
   nstorireout                    = 100
   free-energy                    = no
   cos-acceleration               = 0
   deform (3x3):
      deform[    0]={ 0.00000e+00,  0.00000e+00,  0.00000e+00}
      deform[    1]={ 0.00000e+00,  0.00000e+00,  0.00000e+00}
      deform[    2]={ 0.00000e+00,  0.00000e+00,  0.00000e+00}
   simulated-tempering            = false
   swapcoords                     = no
   userint1                       = 0
   userint2                       = 0
   userint3                       = 0
   userint4                       = 0
   userreal1                      = 0
   userreal2                      = 0
   userreal3                      = 0
   userreal4                      = 0
   applied-forces:
     electric-field:
       x:
         E0                       = 0
         omega                    = 0
         t0                       = 0
         sigma                    = 0
       y:
         E0                       = 0
         omega                    = 0
         t0                       = 0
         sigma                    = 0
       z:
         E0                       = 0
         omega                    = 0
         t0                       = 0
         sigma                    = 0
     density-guided-simulation:
       active                     = false
       group                      = protein
       similarity-measure         = inner-product
       atom-spreading-weight      = unity
       force-constant             = 1e+09
       gaussian-transform-spreading-width = 0.2
       gaussian-transform-spreading-range-in-multiples-of-width = 4
       reference-density-filename = reference.mrc
       nst                        = 1
       normalize-densities        = true
       adaptive-force-scaling     = false
       adaptive-force-scaling-time-constant = 4
       shift-vector               = 
       transformation-matrix      = 
     qmmm-cp2k:
       active                     = false
       qmgroup                    = System
       qmmethod                   = PBE
       qmfilenames                = 
       qmcharge                   = 0
       qmmultiplicity             = 1
     colvars:
       active                     = false
       configfile                 = 
       seed                       = -1
     nnpot:
       active                     = false
       modelfile                  = model.pt
       input-group                = System
       link-type                  = H
       link-distance              = 0.1
       pair-cutoff                = 0
       embedding                  = mechanical
       nnp-charge                 = 0
       model-input1               = 
       model-input2               = 
       model-input3               = 
       model-input4               = 
       model-input5               = 
       model-input6               = 
       model-input7               = 
       model-input8               = 
       model-input9               = 
   fast-multipole-method:
     fmm:
       backend                    = inactive
       exafmm-order               = 6
       exafmm-direct-range        = 2
       exafmm-direct-provider     = GROMACS
       exafmm-tree-type           = uniform
       exafmm-tree-depth          = 0
       exafmm-max-particles-per-cell = 0
       fmsolvr-order              = 8
       fmsolvr-direct-range       = 1
       fmsolvr-direct-provider    = FMM
       fmsolvr-dipole-compensation = true
       fmsolvr-tree-depth         = 3
       fmsolvr-sparse             = false
grpopts:
   nrdf:       13437
   ref-t:         300
   tau-t:         0.1
annealing:          No
annealing-npoints:           0
   acc:	           0           0           0
   nfreeze:           N           N           N
   energygrp-flags[  0]: 0

Changing nstlist from 5 to 100, rlist from 1.2 to 1.345

Update groups can not be used for this system because there are three or more consecutively coupled constraints

Initializing Domain Decomposition on 32 ranks
Dynamic load balancing: auto
Minimum cell size due to atom displacement: 0.514 nm
Initial maximum distances in bonded interactions:
    two-body bonded interactions: 0.411 nm, LJ-14, atoms 6126 6129
  multi-body bonded interactions: 0.411 nm, Proper Dih., atoms 6126 6129
Minimum cell size due to bonded interactions: 0.452 nm
Maximum distance for 5 constraints, at 120 deg. angles, all-trans: 0.771 nm
Estimated maximum distance required for P-LINCS: 0.771 nm
This distance will limit the DD cell size, you can override this with -rcon
Scaling the initial minimum size with 1/0.8 (option -dds) = 1.25
Guess for relative PME load: 0.49
Will use 16 particle-particle and 16 PME only ranks
This is a guess, check the performance at the end of the log file
Using 16 separate PME ranks, as guessed by mdrun
Optimizing the DD grid for 16 cells with a minimum initial size of 0.964 nm
The maximum allowed number of cells is: X 6 Y 6 Z 16
Domain decomposition grid 4 x 2 x 2, separate PME ranks 16
PME domain decomposition: 4 x 4 x 1
Interleaving PP and PME ranks
This rank does only particle-particle work.
Domain decomposition rank 0, coordinates 0 0 0

The initial number of communication pulses is: X 1 Y 1 Z 1
The initial domain decomposition cell size is: X 1.58 nm Y 3.17 nm Z 8.00 nm

The maximum allowed distance for atoms involved in interactions is:
                 non-bonded interactions           1.345 nm
            two-body bonded interactions  (-rdd)   1.345 nm
          multi-body bonded interactions  (-rdd)   1.345 nm
  atoms separated by up to 5 constraints  (-rcon)  1.577 nm

When dynamic load balancing gets turned on, these settings will change to:
The maximum number of communication pulses is: X 2 Y 1 Z 1
The minimum size for domain decomposition cells is 1.015 nm
The requested allowed shrink of DD cells (option -dds) is: 0.80
The allowed shrink of domain decomposition cells is: X 0.64 Y 0.42 Z 0.17
The maximum allowed distance for atoms involved in interactions is:
                 non-bonded interactions           1.345 nm
            two-body bonded interactions  (-rdd)   1.345 nm
          multi-body bonded interactions  (-rdd)   1.015 nm
  atoms separated by up to 5 constraints  (-rcon)  1.015 nm

Local state does not use filler particles

Using 32 MPI threads
Using 1 OpenMP thread per tMPI thread

System total charge: 0.000
Will do PME sum in reciprocal space for electrostatic interactions.

++++ PLEASE READ AND CITE THE FOLLOWING REFERENCE ++++
U. Essmann, L. Perera, M. L. Berkowitz, T. Darden, H. Lee, L. G. Pedersen 
A smooth particle mesh Ewald method
J. Chem. Phys. (1995)
https://doi.org/10.1063/1.470117
-------- -------- --- Thank You --- -------- --------

Using a Gaussian width (1/beta) of 0.384195 nm for Ewald
Potential shift: LJ r^-12: -1.122e-01 r^-6: -3.349e-01, Ewald -8.333e-06
Initialized non-bonded Coulomb Ewald tables, spacing: 1.02e-03 size: 1176

Generated table with 1172 data points for 1-4 COUL.
Tabscale = 500 points/nm
Generated table with 1172 data points for 1-4 LJ6.
Tabscale = 500 points/nm
Generated table with 1172 data points for 1-4 LJ12.
Tabscale = 500 points/nm
Long Range LJ corr.: <C6> 6.3084e-03


Using SIMD4xM 4x8 nonbonded short-range kernels

Using a dual 4x8 pair-list setup updated with dynamic pruning:
  outer list: updated every 100 steps, buffer 0.145 nm, rlist 1.345 nm
  inner list: updated every   6 steps, buffer 0.001 nm, rlist 1.201 nm
At tolerance 0.005 kJ/mol/ps per atom, equivalent classical 1x1 list would be:
  outer list: updated every 100 steps, buffer 0.200 nm, rlist 1.400 nm
  inner list: updated every   6 steps, buffer 0.017 nm, rlist 1.217 nm

The average pressure is off by at most 0.47 bar due to missing LJ interactions

Using full Lennard-Jones parameter combination matrix
Removing pbc first time

Linking all bonded interactions to atoms


Pinning threads with an auto-selected logical cpu stride of 1

Initializing Parallel LINear Constraint Solver

++++ PLEASE READ AND CITE THE FOLLOWING REFERENCE ++++
B. Hess
P-LINCS: A Parallel Linear Constraint Solver for molecular simulation
J. Chem. Theory Comput. (2008)
https://doi.org/10.1021/ct700200b
-------- -------- --- Thank You --- -------- --------

The number of constraints is 6528
There are constraints between atoms in different decomposition domains,
will communicate selected coordinates each lincs iteration
Intra-simulation communication will occur every 10 steps.

++++ PLEASE READ AND CITE THE FOLLOWING REFERENCE ++++
G. Bussi, D. Donadio, M. Parrinello
Canonical sampling through velocity rescaling
J. Chem. Phys. (2007)
https://doi.org/10.1063/1.2408420
-------- -------- --- Thank You --- -------- --------

There are: 6656 Atoms
Atom distribution over 16 domains: av 416 stddev 422 min 0 max 1050

Constraining the starting coordinates (step 0)

Constraining the coordinates at t0-dt (step 0)
Center of mass motion removal mode is Linear
We have the following groups for center of mass motion removal:
  0:  POPC
RMS relative constraint deviation after constraining: 1.01e-05
Initial temperature: 301.244 K

Started mdrun on rank 0 Fri Oct  2 12:06:35 2026

           Step           Time
              0        0.00000

   Energies (kJ/mol)
       G96Angle    Proper Dih.  Improper Dih.          LJ-14     Coulomb-14
    1.20487e+04    1.09012e+04    5.79917e+02   -8.49300e+02    2.70780e+04
        LJ (SR)  Disper. corr.   Coulomb (SR)   Coul. recip.      Potential
   -1.38671e+04   -1.05137e+03   -1.50042e+05    1.76631e+04   -9.75392e+04
    Kinetic En.   Total Energy  Conserved En.    Temperature Pres. DC (bar)
    1.68412e+04   -8.06980e+04   -8.06980e+04    3.01486e+02   -2.74575e+01
 Pressure (bar)   Constr. rmsd
    1.65545e+03    5.25436e-06


DD  step 99 load imb.: force 65.0%  pme mesh/force 0.300
           Step           Time
            100        0.20000

   Energies (kJ/mol)
       G96Angle    Proper Dih.  Improper Dih.          LJ-14     Coulomb-14
    1.29760e+04    1.31827e+04    7.30415e+02   -1.60454e+03    2.38929e+04
        LJ (SR)  Disper. corr.   Coulomb (SR)   Coul. recip.      Potential
   -2.23113e+04   -1.05137e+03   -1.49579e+05    9.30732e+03   -1.14457e+05
    Kinetic En.   Total Energy  Conserved En.    Temperature Pres. DC (bar)
    2.64730e+04   -8.79843e+04   -7.99918e+04    4.73911e+02   -2.74575e+01
 Pressure (bar)   Constr. rmsd
    2.31868e+02    5.65280e-06


DD  step 199 load imb.: force 63.9%  pme mesh/force 0.386

step 200 Turning on dynamic load balancing, because the performance loss due to load imbalance is 31.9 %.
           Step           Time
            200        0.40000

   Energies (kJ/mol)
       G96Angle    Proper Dih.  Improper Dih.          LJ-14     Coulomb-14
    1.15959e+04    1.22220e+04    6.76121e+02   -1.56195e+03    2.28511e+04
        LJ (SR)  Disper. corr.   Coulomb (SR)   Coul. recip.      Potential
   -2.31839e+04   -1.05137e+03   -1.49883e+05    5.30134e+03   -1.23034e+05
    Kinetic En.   Total Energy  Conserved En.    Temperature Pres. DC (bar)
    2.15225e+04   -1.01511e+05   -7.99979e+04    3.85288e+02   -2.74575e+01
 Pressure (bar)   Constr. rmsd
    1.41348e+02    4.17857e-06


DD  step 299  vol min/aver 0.918  load imb.: force 73.5%  pme mesh/force 0.304
           Step           Time
            300        0.60000

   Energies (kJ/mol)
       G96Angle    Proper Dih.  Improper Dih.          LJ-14     Coulomb-14
    1.11599e+04    1.14155e+04    6.46281e+02   -1.53979e+03    2.24897e+04
        LJ (SR)  Disper. corr.   Coulomb (SR)   Coul. recip.      Potential
   -2.41043e+04   -1.05137e+03   -1.50066e+05    4.06454e+03   -1.26986e+05
    Kinetic En.   Total Energy  Conserved En.    Temperature Pres. DC (bar)
    1.84250e+04   -1.08561e+05   -7.99973e+04    3.29838e+02   -2.74575e+01
 Pressure (bar)   Constr. rmsd
    1.60303e+02    3.81601e-06


DD  step 399  vol min/aver 0.819  load imb.: force 63.0%  pme mesh/force 0.377
           Step           Time
            400        0.80000

   Energies (kJ/mol)
       G96Angle    Proper Dih.  Improper Dih.          LJ-14     Coulomb-14
    1.06344e+04    1.15827e+04    5.80273e+02   -1.48679e+03    2.21068e+04
        LJ (SR)  Disper. corr.   Coulomb (SR)   Coul. recip.      Potential
   -2.45652e+04   -1.05137e+03   -1.50475e+05    3.57294e+03   -1.29102e+05
    Kinetic En.   Total Energy  Conserved En.    Temperature Pres. DC (bar)
    1.73857e+04   -1.11716e+05   -7.99975e+04    3.11232e+02   -2.74575e+01
 Pressure (bar)   Constr. rmsd
   -2.06010e+00    3.82793e-06


DD  step 499  vol min/aver 0.735  load imb.: force 70.0%  pme mesh/force 0.369
           Step           Time
            500        1.00000

   Energies (kJ/mol)
       G96Angle    Proper Dih.  Improper Dih.          LJ-14     Coulomb-14
    1.04687e+04    1.13484e+04    5.85425e+02   -1.42382e+03    2.21167e+04
        LJ (SR)  Disper. corr.   Coulomb (SR)   Coul. recip.      Potential
   -2.50078e+04   -1.05137e+03   -1.50494e+05    3.21364e+03   -1.30244e+05
    Kinetic En.   Total Energy  Conserved En.    Temperature Pres. DC (bar)
    1.72625e+04   -1.12982e+05   -7.99955e+04    3.09027e+02   -2.74575e+01
 Pressure (bar)   Constr. rmsd
    3.79326e+01    3.76068e-06


DD  step 599  vol min/aver 0.615  load imb.: force 105.2%  pme mesh/force 0.350
           Step           Time
            600        1.20000

   Energies (kJ/mol)
       G96Angle    Proper Dih.  Improper Dih.          LJ-14     Coulomb-14
    1.10797e+04    1.16041e+04    5.62158e+02   -1.51511e+03    2.15371e+04
        LJ (SR)  Disper. corr.   Coulomb (SR)   Coul. recip.      Potential
   -2.52331e+04   -1.05137e+03   -1.50071e+05    2.89519e+03   -1.30193e+05
    Kinetic En.   Total Energy  Conserved En.    Temperature Pres. DC (bar)
    1.68678e+04   -1.13325e+05   -7.99923e+04    3.01962e+02   -2.74575e+01
 Pressure (bar)   Constr. rmsd
    6.32025e+00    3.86969e-06


DD  step 699  vol min/aver 0.530  load imb.: force 78.5%  pme mesh/force 0.432
           Step           Time
            700        1.40000

   Energies (kJ/mol)
       G96Angle    Proper Dih.  Improper Dih.          LJ-14     Coulomb-14
    1.08666e+04    1.16570e+04    5.99880e+02   -1.43962e+03    2.13706e+04
        LJ (SR)  Disper. corr.   Coulomb (SR)   Coul. recip.      Potential
   -2.54785e+04   -1.05137e+03   -1.50118e+05    2.88819e+03   -1.30705e+05
    Kinetic En.   Total Energy  Conserved En.    Temperature Pres. DC (bar)
    1.70988e+04   -1.13607e+05   -7.99925e+04    3.06097e+02   -2.74575e+01
 Pressure (bar)   Constr. rmsd
   -4.16606e+00    3.85284e-06


DD  step 799  vol min/aver 0.433  load imb.: force 41.8%  pme mesh/force 0.621
           Step           Time
            800        1.60000

   Energies (kJ/mol)
       G96Angle    Proper Dih.  Improper Dih.          LJ-14     Coulomb-14
    1.12537e+04    1.16062e+04    5.74694e+02   -1.54637e+03    2.09837e+04
        LJ (SR)  Disper. corr.   Coulomb (SR)   Coul. recip.      Potential
   -2.56522e+04   -1.05137e+03   -1.50213e+05    2.73953e+03   -1.31305e+05
    Kinetic En.   Total Energy  Conserved En.    Temperature Pres. DC (bar)
    1.71561e+04   -1.14149e+05   -7.99916e+04    3.07123e+02   -2.74575e+01
 Pressure (bar)   Constr. rmsd
   -1.88669e+02    4.12724e-06


DD  step 899  vol min/aver 0.362  load imb.: force 36.8%  pme mesh/force 0.510
           Step           Time
            900        1.80000

   Energies (kJ/mol)
       G96Angle    Proper Dih.  Improper Dih.          LJ-14     Coulomb-14
    1.12183e+04    1.16368e+04    6.65560e+02   -1.39760e+03    2.01094e+04
        LJ (SR)  Disper. corr.   Coulomb (SR)   Coul. recip.      Potential
   -2.57200e+04   -1.05137e+03   -1.49782e+05    2.59936e+03   -1.31721e+05
    Kinetic En.   Total Energy  Conserved En.    Temperature Pres. DC (bar)
    1.69774e+04   -1.14744e+05   -7.99921e+04    3.03924e+02   -2.74575e+01
 Pressure (bar)   Constr. rmsd
   -8.38633e+01    4.17813e-06


DD  step 999  vol min/aver 0.333  load imb.: force 35.0%  pme mesh/force 0.541
           Step           Time
           1000        2.00000

   Energies (kJ/mol)
       G96Angle    Proper Dih.  Improper Dih.          LJ-14     Coulomb-14
    1.14124e+04    1.13309e+04    5.77368e+02   -1.45308e+03    2.02210e+04
        LJ (SR)  Disper. corr.   Coulomb (SR)   Coul. recip.      Potential
   -2.59451e+04   -1.05137e+03   -1.49763e+05    2.59252e+03   -1.32079e+05
    Kinetic En.   Total Energy  Conserved En.    Temperature Pres. DC (bar)
    1.69838e+04   -1.15095e+05   -7.99901e+04    3.04038e+02   -2.74575e+01
 Pressure (bar)   Constr. rmsd
   -9.63625e+01    4.17711e-06


DD  step 1099  vol min/aver 0.317  load imb.: force 14.5%  pme mesh/force 0.633
           Step           Time
           1100        2.20000

   Energies (kJ/mol)
       G96Angle    Proper Dih.  Improper Dih.          LJ-14     Coulomb-14
    1.12151e+04    1.11940e+04    6.80341e+02   -1.30299e+03    2.00626e+04
        LJ (SR)  Disper. corr.   Coulomb (SR)   Coul. recip.      Potential
   -2.59158e+04   -1.05137e+03   -1.50141e+05    2.44371e+03   -1.32815e+05
    Kinetic En.   Total Energy  Conserved En.    Temperature Pres. DC (bar)
    1.69350e+04   -1.15880e+05   -7.99893e+04    3.03165e+02   -2.74575e+01
 Pressure (bar)   Constr. rmsd
   -7.46504e+01    4.00942e-06


DD  step 1199  vol min/aver 0.327  load imb.: force 10.1%  pme mesh/force 0.650
           Step           Time
           1200        2.40000

   Energies (kJ/mol)
       G96Angle    Proper Dih.  Improper Dih.          LJ-14     Coulomb-14
    1.14943e+04    1.14821e+04    5.98628e+02   -1.46401e+03    2.01211e+04
        LJ (SR)  Disper. corr.   Coulomb (SR)   Coul. recip.      Potential
   -2.62234e+04   -1.05137e+03   -1.49904e+05    2.49866e+03   -1.32448e+05
    Kinetic En.   Total Energy  Conserved En.    Temperature Pres. DC (bar)
    1.66944e+04   -1.15754e+05   -7.99871e+04    2.98857e+02   -2.74575e+01
 Pressure (bar)   Constr. rmsd
   -2.46820e+02    4.18817e-06


DD  step 1299  vol min/aver 0.332  load imb.: force  8.2%  pme mesh/force 0.659
           Step           Time
           1300        2.60000

   Energies (kJ/mol)
       G96Angle    Proper Dih.  Improper Dih.          LJ-14     Coulomb-14
    1.15599e+04    1.11386e+04    6.23810e+02   -1.28445e+03    1.97903e+04
        LJ (SR)  Disper. corr.   Coulomb (SR)   Coul. recip.      Potential
   -2.62332e+04   -1.05137e+03   -1.50073e+05    2.37192e+03   -1.33157e+05
    Kinetic En.   Total Energy  Conserved En.    Temperature Pres. DC (bar)
    1.69918e+04   -1.16165e+05   -7.99879e+04    3.04182e+02   -2.74575e+01
 Pressure (bar)   Constr. rmsd
   -5.55689e+01    4.32643e-06


DD  step 1399  vol min/aver 0.330  load imb.: force  7.6%  pme mesh/force 0.615
           Step           Time
           1400        2.80000

   Energies (kJ/mol)
       G96Angle    Proper Dih.  Improper Dih.          LJ-14     Coulomb-14
    1.15076e+04    1.13102e+04    6.24535e+02   -1.27227e+03    1.98221e+04
        LJ (SR)  Disper. corr.   Coulomb (SR)   Coul. recip.      Potential
   -2.64269e+04   -1.05137e+03   -1.50121e+05    2.45548e+03   -1.33151e+05
    Kinetic En.   Total Energy  Conserved En.    Temperature Pres. DC (bar)
    1.69708e+04   -1.16180e+05   -7.99872e+04    3.03806e+02   -2.74575e+01
 Pressure (bar)   Constr. rmsd
   -2.07069e+02    4.22395e-06


DD  step 1499  vol min/aver 0.330  load imb.: force  4.6%  pme mesh/force 0.692
           Step           Time
           1500        3.00000

   Energies (kJ/mol)
       G96Angle    Proper Dih.  Improper Dih.          LJ-14     Coulomb-14
    1.18706e+04    1.13736e+04    6.53059e+02   -1.44501e+03    2.01016e+04
        LJ (SR)  Disper. corr.   Coulomb (SR)   Coul. recip.      Potential
   -2.65512e+04   -1.05137e+03   -1.50290e+05    2.28041e+03   -1.33058e+05
    Kinetic En.   Total Energy  Conserved En.    Temperature Pres. DC (bar)
    1.67930e+04   -1.16265e+05   -7.99871e+04    3.00623e+02   -2.74575e+01
 Pressure (bar)   Constr. rmsd
   -9.43959e+01    4.37319e-06


DD  step 1599  vol min/aver 0.335  load imb.: force  6.7%  pme mesh/force 0.643
           Step           Time
           1600        3.20000

   Energies (kJ/mol)
       G96Angle    Proper Dih.  Improper Dih.          LJ-14     Coulomb-14
    1.21132e+04    1.13252e+04    6.81764e+02   -1.46185e+03    2.00310e+04
        LJ (SR)  Disper. corr.   Coulomb (SR)   Coul. recip.      Potential
   -2.66850e+04   -1.05137e+03   -1.50256e+05    2.22705e+03   -1.33076e+05
    Kinetic En.   Total Energy  Conserved En.    Temperature Pres. DC (bar)
    1.70498e+04   -1.16026e+05   -7.99865e+04    3.05221e+02   -2.74575e+01
 Pressure (bar)   Constr. rmsd
   -2.18074e+02    4.40529e-06


DD  step 1699  vol min/aver 0.333  load imb.: force  4.2%  pme mesh/force 0.641
           Step           Time
           1700        3.40000

   Energies (kJ/mol)
       G96Angle    Proper Dih.  Improper Dih.          LJ-14     Coulomb-14
    1.18424e+04    1.14579e+04    6.27766e+02   -1.38119e+03    1.99453e+04
        LJ (SR)  Disper. corr.   Coulomb (SR)   Coul. recip.      Potential
   -2.67387e+04   -1.05137e+03   -1.50269e+05    2.19005e+03   -1.33377e+05
    Kinetic En.   Total Energy  Conserved En.    Temperature Pres. DC (bar)
    1.66562e+04   -1.16721e+05   -7.99856e+04    2.98173e+02   -2.74575e+01
 Pressure (bar)   Constr. rmsd
   -1.89969e+02    4.28860e-06


DD  step 1799  vol min/aver 0.331  load imb.: force  4.3%  pme mesh/force 0.596
           Step           Time
           1800        3.60000

   Energies (kJ/mol)
       G96Angle    Proper Dih.  Improper Dih.          LJ-14     Coulomb-14
    1.17329e+04    1.13593e+04    6.91770e+02   -1.48194e+03    1.97818e+04
        LJ (SR)  Disper. corr.   Coulomb (SR)   Coul. recip.      Potential
   -2.66233e+04   -1.05137e+03   -1.50061e+05    2.22129e+03   -1.33431e+05
    Kinetic En.   Total Energy  Conserved En.    Temperature Pres. DC (bar)
    1.66491e+04   -1.16782e+05   -7.99845e+04    2.98047e+02   -2.74575e+01
 Pressure (bar)   Constr. rmsd
   -1.25976e+02    4.42399e-06


DD  step 1899  vol min/aver 0.327  load imb.: force  3.9%  pme mesh/force 0.640
           Step           Time
           1900        3.80000

   Energies (kJ/mol)
       G96Angle    Proper Dih.  Improper Dih.          LJ-14     Coulomb-14
    1.22479e+04    1.10810e+04    6.11039e+02   -1.19203e+03    1.96112e+04
        LJ (SR)  Disper. corr.   Coulomb (SR)   Coul. recip.      Potential
   -2.70190e+04   -1.05137e+03   -1.50021e+05    2.17951e+03   -1.33553e+05
    Kinetic En.   Total Energy  Conserved En.    Temperature Pres. DC (bar)
    1.67463e+04   -1.16807e+05   -7.99812e+04    2.99787e+02   -2.74575e+01
 Pressure (bar)   Constr. rmsd
   -1.17619e+02    4.45867e-06


DD  step 1999  vol min/aver 0.329  load imb.: force  8.1%  pme mesh/force 0.623
           Step           Time
           2000        4.00000

   Energies (kJ/mol)
       G96Angle    Proper Dih.  Improper Dih.          LJ-14     Coulomb-14
    1.23860e+04    1.07904e+04    7.29308e+02   -1.40942e+03    1.95792e+04
        LJ (SR)  Disper. corr.   Coulomb (SR)   Coul. recip.      Potential
   -2.69192e+04   -1.05137e+03   -1.50230e+05    2.19657e+03   -1.33929e+05
    Kinetic En.   Total Energy  Conserved En.    Temperature Pres. DC (bar)
    1.68158e+04   -1.17113e+05   -7.99833e+04    3.01032e+02   -2.74575e+01
 Pressure (bar)   Constr. rmsd
   -1.53786e+02    4.49003e-06


DD  step 2099  vol min/aver 0.331  load imb.: force  5.0%  pme mesh/force 0.628
           Step           Time
           2100        4.20000

   Energies (kJ/mol)
       G96Angle    Proper Dih.  Improper Dih.          LJ-14     Coulomb-14
    1.19481e+04    1.09128e+04    7.28382e+02   -1.24325e+03    1.90399e+04
        LJ (SR)  Disper. corr.   Coulomb (SR)   Coul. recip.      Potential
   -2.70302e+04   -1.05137e+03   -1.49780e+05    2.15326e+03   -1.34323e+05
    Kinetic En.   Total Energy  Conserved En.    Temperature Pres. DC (bar)
    1.64700e+04   -1.17853e+05   -7.99821e+04    2.94840e+02   -2.74575e+01
 Pressure (bar)   Constr. rmsd
   -1.89498e+02    4.20240e-06


DD  step 2199  vol min/aver 0.340  load imb.: force  6.5%  pme mesh/force 0.605
           Step           Time
           2200        4.40000

   Energies (kJ/mol)
       G96Angle    Proper Dih.  Improper Dih.          LJ-14     Coulomb-14
    1.21931e+04    1.07992e+04    6.13002e+02   -1.15287e+03    1.95704e+04
        LJ (SR)  Disper. corr.   Coulomb (SR)   Coul. recip.      Potential
   -2.68331e+04   -1.05137e+03   -1.50306e+05    2.10098e+03   -1.34067e+05
    Kinetic En.   Total Energy  Conserved En.    Temperature Pres. DC (bar)
    1.66446e+04   -1.17422e+05   -7.99812e+04    2.97967e+02   -2.74575e+01
 Pressure (bar)   Constr. rmsd
   -6.24532e+01    4.61644e-06


DD  step 2299  vol min/aver 0.336  load imb.: force  4.2%  pme mesh/force 0.682
           Step           Time
           2300        4.60000

   Energies (kJ/mol)
       G96Angle    Proper Dih.  Improper Dih.          LJ-14     Coulomb-14
    1.23440e+04    1.08190e+04    6.01468e+02   -1.34047e+03    1.96642e+04
        LJ (SR)  Disper. corr.   Coulomb (SR)   Coul. recip.      Potential
   -2.71723e+04   -1.05137e+03   -1.50243e+05    2.10932e+03   -1.34270e+05
    Kinetic En.   Total Energy  Conserved En.    Temperature Pres. DC (bar)
    1.70288e+04   -1.17241e+05   -7.99826e+04    3.04845e+02   -2.74575e+01
 Pressure (bar)   Constr. rmsd
   -2.23890e+02    4.46611e-06


DD  step 2399  vol min/aver 0.346  load imb.: force  5.4%  pme mesh/force 0.649
           Step           Time
           2400        4.80000

   Energies (kJ/mol)
       G96Angle    Proper Dih.  Improper Dih.          LJ-14     Coulomb-14
    1.22017e+04    1.09142e+04    5.82890e+02   -8.34506e+02    1.90454e+04
        LJ (SR)  Disper. corr.   Coulomb (SR)   Coul. recip.      Potential
   -2.72540e+04   -1.05137e+03   -1.50135e+05    2.11180e+03   -1.34419e+05
    Kinetic En.   Total Energy  Conserved En.    Temperature Pres. DC (bar)
    1.67351e+04   -1.17684e+05   -7.99822e+04    2.99585e+02   -2.74575e+01
 Pressure (bar)   Constr. rmsd
   -1.64482e+01    4.30191e-06


DD  step 2499  vol min/aver 0.336  load imb.: force  4.1%  pme mesh/force 0.680
           Step           Time
           2500        5.00000

   Energies (kJ/mol)
       G96Angle    Proper Dih.  Improper Dih.          LJ-14     Coulomb-14
    1.22254e+04    1.09827e+04    6.64553e+02   -1.25169e+03    1.96994e+04
        LJ (SR)  Disper. corr.   Coulomb (SR)   Coul. recip.      Potential
   -2.73889e+04   -1.05137e+03   -1.50163e+05    2.13818e+03   -1.34145e+05
    Kinetic En.   Total Energy  Conserved En.    Temperature Pres. DC (bar)
    1.69490e+04   -1.17196e+05   -7.99818e+04    3.03415e+02   -2.74575e+01
 Pressure (bar)   Constr. rmsd
   -2.19581e+02    4.57979e-06


DD  step 2599  vol min/aver 0.328  load imb.: force  3.4%  pme mesh/force 0.648
           Step           Time
           2600        5.20000

   Energies (kJ/mol)
       G96Angle    Proper Dih.  Improper Dih.          LJ-14     Coulomb-14
    1.22774e+04    1.07267e+04    7.12592e+02   -1.21121e+03    1.93098e+04
        LJ (SR)  Disper. corr.   Coulomb (SR)   Coul. recip.      Potential
   -2.73400e+04   -1.05137e+03   -1.50090e+05    2.06513e+03   -1.34601e+05
    Kinetic En.   Total Energy  Conserved En.    Temperature Pres. DC (bar)
    1.68251e+04   -1.17775e+05   -7.99801e+04    3.01198e+02   -2.74575e+01
 Pressure (bar)   Constr. rmsd
   -1.03590e+02    4.33515e-06


DD  step 2699  vol min/aver 0.332  load imb.: force  6.5%  pme mesh/force 0.623
           Step           Time
           2700        5.40000

   Energies (kJ/mol)
       G96Angle    Proper Dih.  Improper Dih.          LJ-14     Coulomb-14
    1.22424e+04    1.06541e+04    7.40775e+02   -1.14857e+03    1.89099e+04
        LJ (SR)  Disper. corr.   Coulomb (SR)   Coul. recip.      Potential
   -2.75843e+04   -1.05137e+03   -1.49909e+05    2.05483e+03   -1.35091e+05
    Kinetic En.   Total Energy  Conserved En.    Temperature Pres. DC (bar)
    1.68410e+04   -1.18250e+05   -7.99793e+04    3.01481e+02   -2.74575e+01
 Pressure (bar)   Constr. rmsd
   -1.16680e+02    4.37897e-06


DD  step 2799  vol min/aver 0.327  load imb.: force  6.0%  pme mesh/force 0.678
           Step           Time
           2800        5.60000

   Energies (kJ/mol)
       G96Angle    Proper Dih.  Improper Dih.          LJ-14     Coulomb-14
    1.22036e+04    1.06319e+04    6.72244e+02   -1.13059e+03    1.87967e+04
        LJ (SR)  Disper. corr.   Coulomb (SR)   Coul. recip.      Potential
   -2.76431e+04   -1.05137e+03   -1.49483e+05    2.08734e+03   -1.34916e+05
    Kinetic En.   Total Energy  Conserved En.    Temperature Pres. DC (bar)
    1.67551e+04   -1.18161e+05   -7.99795e+04    2.99944e+02   -2.74575e+01
 Pressure (bar)   Constr. rmsd
   -1.24732e+02    4.37292e-06


DD  step 2899  vol min/aver 0.329  load imb.: force  7.3%  pme mesh/force 0.645
           Step           Time
           2900        5.80000

   Energies (kJ/mol)
       G96Angle    Proper Dih.  Improper Dih.          LJ-14     Coulomb-14
    1.22500e+04    1.06918e+04    7.14099e+02   -1.04385e+03    1.86467e+04
        LJ (SR)  Disper. corr.   Coulomb (SR)   Coul. recip.      Potential
   -2.77761e+04   -1.05137e+03   -1.49559e+05    2.05985e+03   -1.35068e+05
    Kinetic En.   Total Energy  Conserved En.    Temperature Pres. DC (bar)
    1.67517e+04   -1.18316e+05   -7.99790e+04    2.99883e+02   -2.74575e+01
 Pressure (bar)   Constr. rmsd
   -6.81552e+01    4.52270e-06


DD  step 2999  vol min/aver 0.336  load imb.: force  5.3%  pme mesh/force 0.629
           Step           Time
           3000        6.00000

   Energies (kJ/mol)
       G96Angle    Proper Dih.  Improper Dih.          LJ-14     Coulomb-14
    1.20990e+04    1.03305e+04    6.09843e+02   -1.09628e+03    1.86741e+04
        LJ (SR)  Disper. corr.   Coulomb (SR)   Coul. recip.      Potential
   -2.76256e+04   -1.05137e+03   -1.49327e+05    2.12769e+03   -1.35259e+05
    Kinetic En.   Total Energy  Conserved En.    Temperature Pres. DC (bar)
    1.65102e+04   -1.18749e+05   -7.99786e+04    2.95561e+02   -2.74575e+01
 Pressure (bar)   Constr. rmsd
   -7.48865e+01    4.51128e-06


DD  step 3099  vol min/aver 0.345  load imb.: force  5.9%  pme mesh/force 0.639
           Step           Time
           3100        6.20000

   Energies (kJ/mol)
       G96Angle    Proper Dih.  Improper Dih.          LJ-14     Coulomb-14
    1.22570e+04    1.07248e+04    6.72556e+02   -1.19770e+03    1.87080e+04
        LJ (SR)  Disper. corr.   Coulomb (SR)   Coul. recip.      Potential
   -2.78723e+04   -1.05137e+03   -1.49573e+05    2.06667e+03   -1.35266e+05
    Kinetic En.   Total Energy  Conserved En.    Temperature Pres. DC (bar)
    1.67190e+04   -1.18547e+05   -7.99793e+04    2.99297e+02   -2.74575e+01
 Pressure (bar)   Constr. rmsd
   -1.75911e+02    4.67062e-06


DD  step 3199  vol min/aver 0.345  load imb.: force  5.0%  pme mesh/force 0.631
           Step           Time
           3200        6.40000

   Energies (kJ/mol)
       G96Angle    Proper Dih.  Improper Dih.          LJ-14     Coulomb-14
    1.22198e+04    1.03698e+04    7.40979e+02   -1.10280e+03    1.88720e+04
        LJ (SR)  Disper. corr.   Coulomb (SR)   Coul. recip.      Potential
   -2.77440e+04   -1.05137e+03   -1.49918e+05    2.02914e+03   -1.35585e+05
    Kinetic En.   Total Energy  Conserved En.    Temperature Pres. DC (bar)
    1.69678e+04   -1.18617e+05   -7.99811e+04    3.03751e+02   -2.74575e+01
 Pressure (bar)   Constr. rmsd
   -1.09046e+02    4.56140e-06


DD  step 3299  vol min/aver 0.353  load imb.: force  2.9%  pme mesh/force 0.667
           Step           Time
           3300        6.60000

   Energies (kJ/mol)
       G96Angle    Proper Dih.  Improper Dih.          LJ-14     Coulomb-14
    1.25889e+04    1.04874e+04    6.15977e+02   -1.25953e+03    1.88507e+04
        LJ (SR)  Disper. corr.   Coulomb (SR)   Coul. recip.      Potential
   -2.78060e+04   -1.05137e+03   -1.49830e+05    2.02654e+03   -1.35378e+05
    Kinetic En.   Total Energy  Conserved En.    Temperature Pres. DC (bar)
    1.64885e+04   -1.18889e+05   -7.99785e+04    2.95172e+02   -2.74575e+01
 Pressure (bar)   Constr. rmsd
   -2.61043e+02    4.77324e-06


DD  step 3399  vol min/aver 0.350  load imb.: force 10.3%  pme mesh/force 0.558
           Step           Time
           3400        6.80000

   Energies (kJ/mol)
       G96Angle    Proper Dih.  Improper Dih.          LJ-14     Coulomb-14
    1.23498e+04    1.06829e+04    7.11528e+02   -1.19871e+03    1.87235e+04
        LJ (SR)  Disper. corr.   Coulomb (SR)   Coul. recip.      Potential
   -2.79236e+04   -1.05137e+03   -1.49787e+05    2.03208e+03   -1.35461e+05
    Kinetic En.   Total Energy  Conserved En.    Temperature Pres. DC (bar)
    1.70057e+04   -1.18455e+05   -7.99781e+04    3.04431e+02   -2.74575e+01
 Pressure (bar)   Constr. rmsd
   -2.14720e+02    4.85328e-06


DD  step 3499  vol min/aver 0.342  load imb.: force  4.3%  pme mesh/force 0.648
           Step           Time
           3500        7.00000

   Energies (kJ/mol)
       G96Angle    Proper Dih.  Improper Dih.          LJ-14     Coulomb-14
    1.22328e+04    1.07273e+04    6.56141e+02   -1.06267e+03    1.92086e+04
        LJ (SR)  Disper. corr.   Coulomb (SR)   Coul. recip.      Potential
   -2.79497e+04   -1.05137e+03   -1.50109e+05    1.96288e+03   -1.35385e+05
    Kinetic En.   Total Energy  Conserved En.    Temperature Pres. DC (bar)
    1.66436e+04   -1.18742e+05   -7.99775e+04    2.97948e+02   -2.74575e+01
 Pressure (bar)   Constr. rmsd
   -1.10029e+02    4.70528e-06


DD  step 3599  vol min/aver 0.340  load imb.: force  2.3%  pme mesh/force 0.645
           Step           Time
           3600        7.20000

   Energies (kJ/mol)
       G96Angle    Proper Dih.  Improper Dih.          LJ-14     Coulomb-14
    1.25294e+04    1.04149e+04    7.05918e+02   -1.20408e+03    1.86839e+04
        LJ (SR)  Disper. corr.   Coulomb (SR)   Coul. recip.      Potential
   -2.79925e+04   -1.05137e+03   -1.49638e+05    2.05688e+03   -1.35495e+05
    Kinetic En.   Total Energy  Conserved En.    Temperature Pres. DC (bar)
    1.66516e+04   -1.18843e+05   -7.99755e+04    2.98091e+02   -2.74575e+01
 Pressure (bar)   Constr. rmsd
   -2.19414e+02    4.68411e-06


DD  step 3699  vol min/aver 0.343  load imb.: force  3.4%  pme mesh/force 0.624
           Step           Time
           3700        7.40000

   Energies (kJ/mol)
       G96Angle    Proper Dih.  Improper Dih.          LJ-14     Coulomb-14
    1.26580e+04    1.06805e+04    7.47402e+02   -1.02247e+03    1.84267e+04
        LJ (SR)  Disper. corr.   Coulomb (SR)   Coul. recip.      Potential
   -2.79788e+04   -1.05137e+03   -1.49684e+05    1.98956e+03   -1.35235e+05
    Kinetic En.   Total Energy  Conserved En.    Temperature Pres. DC (bar)
    1.65086e+04   -1.18726e+05   -7.99737e+04    2.95531e+02   -2.74575e+01
 Pressure (bar)   Constr. rmsd
   -1.70526e+02    4.60232e-06


DD  step 3799  vol min/aver 0.344  load imb.: force  6.4%  pme mesh/force 0.600
           Step           Time
           3800        7.60000

   Energies (kJ/mol)
       G96Angle    Proper Dih.  Improper Dih.          LJ-14     Coulomb-14
    1.26321e+04    1.04742e+04    7.33781e+02   -1.21061e+03    1.90594e+04
        LJ (SR)  Disper. corr.   Coulomb (SR)   Coul. recip.      Potential
   -2.79043e+04   -1.05137e+03   -1.49926e+05    1.96650e+03   -1.35227e+05
    Kinetic En.   Total Energy  Conserved En.    Temperature Pres. DC (bar)
    1.69128e+04   -1.18314e+05   -7.99746e+04    3.02767e+02   -2.74575e+01
 Pressure (bar)   Constr. rmsd
   -1.60044e+02    4.60093e-06


DD  step 3899  vol min/aver 0.345  load imb.: force  4.9%  pme mesh/force 0.625
           Step           Time
           3900        7.80000

   Energies (kJ/mol)
       G96Angle    Proper Dih.  Improper Dih.          LJ-14     Coulomb-14
    1.24740e+04    1.03181e+04    7.34990e+02   -8.44127e+02    1.83565e+04
        LJ (SR)  Disper. corr.   Coulomb (SR)   Coul. recip.      Potential
   -2.79043e+04   -1.05137e+03   -1.49619e+05    2.04407e+03   -1.35491e+05
    Kinetic En.   Total Energy  Conserved En.    Temperature Pres. DC (bar)
    1.66912e+04   -1.18800e+05   -7.99765e+04    2.98801e+02   -2.74575e+01
 Pressure (bar)   Constr. rmsd
   -1.03835e+02    4.59439e-06


DD  step 3999  vol min/aver 0.340  load imb.: force  4.5%  pme mesh/force 0.645
           Step           Time
           4000        8.00000

   Energies (kJ/mol)
       G96Angle    Proper Dih.  Improper Dih.          LJ-14     Coulomb-14
    1.26710e+04    1.05875e+04    7.19745e+02   -1.10117e+03    1.83604e+04
        LJ (SR)  Disper. corr.   Coulomb (SR)   Coul. recip.      Potential
   -2.79087e+04   -1.05137e+03   -1.49633e+05    1.95405e+03   -1.35402e+05
    Kinetic En.   Total Energy  Conserved En.    Temperature Pres. DC (bar)
    1.66599e+04   -1.18742e+05   -7.99758e+04    2.98240e+02   -2.74575e+01
 Pressure (bar)   Constr. rmsd
   -1.26018e+02    4.69404e-06


DD  step 4099  vol min/aver 0.337  load imb.: force  3.7%  pme mesh/force 0.631
           Step           Time
           4100        8.20000

   Energies (kJ/mol)
       G96Angle    Proper Dih.  Improper Dih.          LJ-14     Coulomb-14
    1.24689e+04    1.03971e+04    6.77106e+02   -1.07119e+03    1.86839e+04
        LJ (SR)  Disper. corr.   Coulomb (SR)   Coul. recip.      Potential
   -2.76908e+04   -1.05137e+03   -1.49786e+05    1.99947e+03   -1.35372e+05
    Kinetic En.   Total Energy  Conserved En.    Temperature Pres. DC (bar)
    1.68639e+04   -1.18509e+05   -7.99777e+04    3.01893e+02   -2.74575e+01
 Pressure (bar)   Constr. rmsd
   -1.62806e+02    4.79619e-06


DD  step 4199  vol min/aver 0.333  load imb.: force  3.6%  pme mesh/force 0.625
           Step           Time
           4200        8.40000

   Energies (kJ/mol)
       G96Angle    Proper Dih.  Improper Dih.          LJ-14     Coulomb-14
    1.29678e+04    1.06606e+04    7.29946e+02   -1.19728e+03    1.84274e+04
        LJ (SR)  Disper. corr.   Coulomb (SR)   Coul. recip.      Potential
   -2.81136e+04   -1.05137e+03   -1.49429e+05    2.02138e+03   -1.34984e+05
    Kinetic En.   Total Energy  Conserved En.    Temperature Pres. DC (bar)
    1.70739e+04   -1.17910e+05   -7.99766e+04    3.05650e+02   -2.74575e+01
 Pressure (bar)   Constr. rmsd
   -2.96117e+02    4.83805e-06


DD  step 4299  vol min/aver 0.328  load imb.: force  2.4%  pme mesh/force 0.610
           Step           Time
           4300        8.60000

   Energies (kJ/mol)
       G96Angle    Proper Dih.  Improper Dih.          LJ-14     Coulomb-14
    1.25039e+04    1.06701e+04    6.93666e+02   -1.09258e+03    1.86159e+04
        LJ (SR)  Disper. corr.   Coulomb (SR)   Coul. recip.      Potential
   -2.80317e+04   -1.05137e+03   -1.49528e+05    2.04079e+03   -1.35179e+05
    Kinetic En.   Total Energy  Conserved En.    Temperature Pres. DC (bar)
    1.69436e+04   -1.18236e+05   -7.99758e+04    3.03318e+02   -2.74575e+01
 Pressure (bar)   Constr. rmsd
   -1.88843e+02    4.65778e-06


DD  step 4399  vol min/aver 0.326  load imb.: force  4.1%  pme mesh/force 0.666
           Step           Time
           4400        8.80000

   Energies (kJ/mol)
       G96Angle    Proper Dih.  Improper Dih.          LJ-14     Coulomb-14
    1.24647e+04    1.05628e+04    7.41254e+02   -1.06367e+03    1.85312e+04
        LJ (SR)  Disper. corr.   Coulomb (SR)   Coul. recip.      Potential
   -2.80094e+04   -1.05137e+03   -1.49668e+05    2.00533e+03   -1.35487e+05
    Kinetic En.   Total Energy  Conserved En.    Temperature Pres. DC (bar)
    1.68570e+04   -1.18630e+05   -7.99742e+04    3.01768e+02   -2.74575e+01
 Pressure (bar)   Constr. rmsd
   -9.32486e+01    4.59498e-06


DD  step 4499  vol min/aver 0.323  load imb.: force  3.5%  pme mesh/force 0.677
           Step           Time
           4500        9.00000

   Energies (kJ/mol)
       G96Angle    Proper Dih.  Improper Dih.          LJ-14     Coulomb-14
    1.23969e+04    1.07364e+04    6.57845e+02   -9.65125e+02    1.87270e+04
        LJ (SR)  Disper. corr.   Coulomb (SR)   Coul. recip.      Potential
   -2.81045e+04   -1.05137e+03   -1.49872e+05    1.94087e+03   -1.35534e+05
    Kinetic En.   Total Energy  Conserved En.    Temperature Pres. DC (bar)
    1.66555e+04   -1.18878e+05   -7.99733e+04    2.98160e+02   -2.74575e+01
 Pressure (bar)   Constr. rmsd
   -5.05817e+01    4.44526e-06


DD  step 4599  vol min/aver 0.317  load imb.: force  4.0%  pme mesh/force 0.633
           Step           Time
           4600        9.20000

   Energies (kJ/mol)
       G96Angle    Proper Dih.  Improper Dih.          LJ-14     Coulomb-14
    1.24625e+04    1.05400e+04    7.17984e+02   -9.29251e+02    1.83447e+04
        LJ (SR)  Disper. corr.   Coulomb (SR)   Coul. recip.      Potential
   -2.80982e+04   -1.05137e+03   -1.49721e+05    1.94078e+03   -1.35793e+05
    Kinetic En.   Total Energy  Conserved En.    Temperature Pres. DC (bar)
    1.68033e+04   -1.18990e+05   -7.99734e+04    3.00808e+02   -2.74575e+01
 Pressure (bar)   Constr. rmsd
   -1.66571e+02    4.73147e-06


DD  step 4699  vol min/aver 0.314  load imb.: force  2.7%  pme mesh/force 0.668
           Step           Time
           4700        9.40000

   Energies (kJ/mol)
       G96Angle    Proper Dih.  Improper Dih.          LJ-14     Coulomb-14
    1.25739e+04    1.05881e+04    7.15674e+02   -1.02325e+03    1.84027e+04
        LJ (SR)  Disper. corr.   Coulomb (SR)   Coul. recip.      Potential
   -2.83045e+04   -1.05137e+03   -1.49671e+05    1.97125e+03   -1.35799e+05
    Kinetic En.   Total Energy  Conserved En.    Temperature Pres. DC (bar)
    1.67026e+04   -1.19096e+05   -7.99727e+04    2.99005e+02   -2.74575e+01
 Pressure (bar)   Constr. rmsd
   -9.11095e+01    4.40849e-06


DD  step 4799  vol min/aver 0.307  load imb.: force  6.6%  pme mesh/force 0.623
           Step           Time
           4800        9.60000

   Energies (kJ/mol)
       G96Angle    Proper Dih.  Improper Dih.          LJ-14     Coulomb-14
    1.21753e+04    1.05822e+04    6.54077e+02   -1.09470e+03    1.85500e+04
        LJ (SR)  Disper. corr.   Coulomb (SR)   Coul. recip.      Potential
   -2.84560e+04   -1.05137e+03   -1.49494e+05    2.03246e+03   -1.36103e+05
    Kinetic En.   Total Energy  Conserved En.    Temperature Pres. DC (bar)
    1.63342e+04   -1.19768e+05   -7.99734e+04    2.92410e+02   -2.74575e+01
 Pressure (bar)   Constr. rmsd
   -1.90747e+02    4.70384e-06


DD  step 4899  vol min/aver 0.306  load imb.: force  9.2%  pme mesh/force 0.619
           Step           Time
           4900        9.80000

   Energies (kJ/mol)
       G96Angle    Proper Dih.  Improper Dih.          LJ-14     Coulomb-14
    1.25141e+04    1.02347e+04    6.83727e+02   -9.99670e+02    1.86012e+04
        LJ (SR)  Disper. corr.   Coulomb (SR)   Coul. recip.      Potential
   -2.83976e+04   -1.05137e+03   -1.49977e+05    1.95735e+03   -1.36434e+05
    Kinetic En.   Total Energy  Conserved En.    Temperature Pres. DC (bar)
    1.69625e+04   -1.19472e+05   -7.99732e+04    3.03658e+02   -2.74575e+01
 Pressure (bar)   Constr. rmsd
   -1.63071e+02    4.81009e-06


DD  step 4999  vol min/aver 0.306  load imb.: force  4.9%  pme mesh/force 0.644
           Step           Time
           5000       10.00000

   Energies (kJ/mol)
       G96Angle    Proper Dih.  Improper Dih.          LJ-14     Coulomb-14
    1.24263e+04    1.04886e+04    6.77405e+02   -1.12493e+03    1.85767e+04
        LJ (SR)  Disper. corr.   Coulomb (SR)   Coul. recip.      Potential
   -2.84455e+04   -1.05137e+03   -1.49776e+05    1.96810e+03   -1.36261e+05
    Kinetic En.   Total Energy  Conserved En.    Temperature Pres. DC (bar)
    1.69051e+04   -1.19356e+05   -7.99743e+04    3.02629e+02   -2.74575e+01
 Pressure (bar)   Constr. rmsd
   -1.72014e+02    4.93725e-06


DD  step 5099  vol min/aver 0.308  load imb.: force  2.9%  pme mesh/force 0.627
           Step           Time
           5100       10.20000

   Energies (kJ/mol)
       G96Angle    Proper Dih.  Improper Dih.          LJ-14     Coulomb-14
    1.24932e+04    1.05075e+04    7.12594e+02   -9.50138e+02    1.84631e+04
        LJ (SR)  Disper. corr.   Coulomb (SR)   Coul. recip.      Potential
   -2.82780e+04   -1.05137e+03   -1.49792e+05    1.99303e+03   -1.35902e+05
    Kinetic En.   Total Energy  Conserved En.    Temperature Pres. DC (bar)
    1.66353e+04   -1.19267e+05   -7.99746e+04    2.97800e+02   -2.74575e+01
 Pressure (bar)   Constr. rmsd
   -8.69444e+01    4.75356e-06


DD  step 5199  vol min/aver 0.310  load imb.: force  4.4%  pme mesh/force 0.659
           Step           Time
           5200       10.40000

   Energies (kJ/mol)
       G96Angle    Proper Dih.  Improper Dih.          LJ-14     Coulomb-14
    1.25193e+04    1.03350e+04    7.86605e+02   -9.99453e+02    1.81030e+04
        LJ (SR)  Disper. corr.   Coulomb (SR)   Coul. recip.      Potential
   -2.84003e+04   -1.05137e+03   -1.49555e+05    1.98111e+03   -1.36281e+05
    Kinetic En.   Total Energy  Conserved En.    Temperature Pres. DC (bar)
    1.70427e+04   -1.19238e+05   -7.99730e+04    3.05093e+02   -2.74575e+01
 Pressure (bar)   Constr. rmsd
   -1.91194e+02    4.94864e-06


DD  step 5299  vol min/aver 0.311  load imb.: force  2.9%  pme mesh/force 0.641
           Step           Time
           5300       10.60000

   Energies (kJ/mol)
       G96Angle    Proper Dih.  Improper Dih.          LJ-14     Coulomb-14
    1.27327e+04    1.04738e+04    7.41019e+02   -9.83412e+02    1.81365e+04
        LJ (SR)  Disper. corr.   Coulomb (SR)   Coul. recip.      Potential
   -2.86421e+04   -1.05137e+03   -1.49472e+05    1.95016e+03   -1.36115e+05
    Kinetic En.   Total Energy  Conserved En.    Temperature Pres. DC (bar)
    1.67667e+04   -1.19348e+05   -7.99723e+04    3.00153e+02   -2.74575e+01
 Pressure (bar)   Constr. rmsd
   -2.31058e+02    4.88240e-06


DD  step 5399  vol min/aver 0.309  load imb.: force  4.8%  pme mesh/force 0.607
           Step           Time
           5400       10.80000

   Energies (kJ/mol)
       G96Angle    Proper Dih.  Improper Dih.          LJ-14     Coulomb-14
    1.26720e+04    1.04142e+04    7.08834e+02   -1.20514e+03    1.84137e+04
        LJ (SR)  Disper. corr.   Coulomb (SR)   Coul. recip.      Potential
   -2.85361e+04   -1.05137e+03   -1.49662e+05    1.95221e+03   -1.36294e+05
    Kinetic En.   Total Energy  Conserved En.    Temperature Pres. DC (bar)
    1.70823e+04   -1.19212e+05   -7.99745e+04    3.05802e+02   -2.74575e+01
 Pressure (bar)   Constr. rmsd
   -2.64615e+02    5.23914e-06


DD  step 5499  vol min/aver 0.305  load imb.: force  3.7%  pme mesh/force 0.633
           Step           Time
           5500       11.00000

   Energies (kJ/mol)
       G96Angle    Proper Dih.  Improper Dih.          LJ-14     Coulomb-14
    1.26685e+04    1.06465e+04    7.00454e+02   -1.01364e+03    1.80719e+04
        LJ (SR)  Disper. corr.   Coulomb (SR)   Coul. recip.      Potential
   -2.85578e+04   -1.05137e+03   -1.49591e+05    1.92943e+03   -1.36197e+05
    Kinetic En.   Total Energy  Conserved En.    Temperature Pres. DC (bar)
    1.66973e+04   -1.19500e+05   -7.99707e+04    2.98910e+02   -2.74575e+01
 Pressure (bar)   Constr. rmsd
   -3.85584e+01    4.53052e-06


DD  step 5599  vol min/aver 0.308  load imb.: force  4.1%  pme mesh/force 0.627
           Step           Time
           5600       11.20000

   Energies (kJ/mol)
       G96Angle    Proper Dih.  Improper Dih.          LJ-14     Coulomb-14
    1.24120e+04    1.03955e+04    6.91060e+02   -9.01353e+02    1.82544e+04
        LJ (SR)  Disper. corr.   Coulomb (SR)   Coul. recip.      Potential
   -2.88251e+04   -1.05137e+03   -1.49594e+05    1.91000e+03   -1.36709e+05
    Kinetic En.   Total Energy  Conserved En.    Temperature Pres. DC (bar)
    1.65999e+04   -1.20109e+05   -7.99720e+04    2.97165e+02   -2.74575e+01
 Pressure (bar)   Constr. rmsd
   -2.17626e+02    4.88514e-06


DD  step 5699  vol min/aver 0.310  load imb.: force  3.6%  pme mesh/force 0.636
           Step           Time
           5700       11.40000

   Energies (kJ/mol)
       G96Angle    Proper Dih.  Improper Dih.          LJ-14     Coulomb-14
    1.22651e+04    1.03976e+04    7.85571e+02   -8.27836e+02    1.83809e+04
        LJ (SR)  Disper. corr.   Coulomb (SR)   Coul. recip.      Potential
   -2.86269e+04   -1.05137e+03   -1.49866e+05    1.85546e+03   -1.36687e+05
    Kinetic En.   Total Energy  Conserved En.    Temperature Pres. DC (bar)
    1.65871e+04   -1.20100e+05   -7.99718e+04    2.96936e+02   -2.74575e+01
 Pressure (bar)   Constr. rmsd
   -5.54726e+01    4.65885e-06


DD  step 5799  vol min/aver 0.308  load imb.: force  6.9%  pme mesh/force 0.585
           Step           Time
           5800       11.60000

   Energies (kJ/mol)
       G96Angle    Proper Dih.  Improper Dih.          LJ-14     Coulomb-14
    1.25354e+04    1.04217e+04    7.29168e+02   -1.01486e+03    1.77879e+04
        LJ (SR)  Disper. corr.   Coulomb (SR)   Coul. recip.      Potential
   -2.89582e+04   -1.05137e+03   -1.49533e+05    1.88463e+03   -1.37199e+05
    Kinetic En.   Total Energy  Conserved En.    Temperature Pres. DC (bar)
    1.66078e+04   -1.20591e+05   -7.99720e+04    2.97307e+02   -2.74575e+01
 Pressure (bar)   Constr. rmsd
   -1.41587e+02    4.55919e-06


DD  step 5899  vol min/aver 0.305  load imb.: force  3.7%  pme mesh/force 0.611
           Step           Time
           5900       11.80000

   Energies (kJ/mol)
       G96Angle    Proper Dih.  Improper Dih.          LJ-14     Coulomb-14
    1.24089e+04    1.02729e+04    6.63824e+02   -9.28223e+02    1.78514e+04
        LJ (SR)  Disper. corr.   Coulomb (SR)   Coul. recip.      Potential
   -2.89168e+04   -1.05137e+03   -1.49577e+05    1.86126e+03   -1.37415e+05
    Kinetic En.   Total Energy  Conserved En.    Temperature Pres. DC (bar)
    1.67828e+04   -1.20632e+05   -7.99733e+04    3.00440e+02   -2.74575e+01
 Pressure (bar)   Constr. rmsd
   -1.21611e+02    4.65790e-06


DD  step 5999  vol min/aver 0.305  load imb.: force  5.3%  pme mesh/force 0.622
           Step           Time
           6000       12.00000

   Energies (kJ/mol)
       G96Angle    Proper Dih.  Improper Dih.          LJ-14     Coulomb-14
    1.21030e+04    1.06659e+04    6.90248e+02   -1.06056e+03    1.82207e+04
        LJ (SR)  Disper. corr.   Coulomb (SR)   Coul. recip.      Potential
   -2.89887e+04   -1.05137e+03   -1.49533e+05    1.87589e+03   -1.37078e+05
    Kinetic En.   Total Energy  Conserved En.    Temperature Pres. DC (bar)
    1.63730e+04   -1.20705e+05   -7.99717e+04    2.93105e+02   -2.74575e+01
 Pressure (bar)   Constr. rmsd
   -1.19526e+02    4.77265e-06


DD  step 6099  vol min/aver 0.300  load imb.: force  2.4%  pme mesh/force 0.609
           Step           Time
           6100       12.20000

   Energies (kJ/mol)
       G96Angle    Proper Dih.  Improper Dih.          LJ-14     Coulomb-14
    1.22396e+04    1.03890e+04    6.79160e+02   -1.09453e+03    1.83114e+04
        LJ (SR)  Disper. corr.   Coulomb (SR)   Coul. recip.      Potential
   -2.90875e+04   -1.05137e+03   -1.49620e+05    1.92072e+03   -1.37314e+05
    Kinetic En.   Total Energy  Conserved En.    Temperature Pres. DC (bar)
    1.69858e+04   -1.20328e+05   -7.99708e+04    3.04074e+02   -2.74575e+01
 Pressure (bar)   Constr. rmsd
   -1.32339e+02    4.72111e-06


DD  step 6199  vol min/aver 0.295  load imb.: force  3.6%  pme mesh/force 0.616
           Step           Time
           6200       12.40000

   Energies (kJ/mol)
       G96Angle    Proper Dih.  Improper Dih.          LJ-14     Coulomb-14
    1.22605e+04    1.06975e+04    7.11891e+02   -7.98447e+02    1.80991e+04
        LJ (SR)  Disper. corr.   Coulomb (SR)   Coul. recip.      Potential
   -2.91201e+04   -1.05137e+03   -1.49845e+05    1.87556e+03   -1.37170e+05
    Kinetic En.   Total Energy  Conserved En.    Temperature Pres. DC (bar)
    1.65658e+04   -1.20604e+05   -7.99695e+04    2.96555e+02   -2.74575e+01
 Pressure (bar)   Constr. rmsd
   -8.60495e+01    4.68055e-06


DD  step 6299  vol min/aver 0.294  load imb.: force  4.9%  pme mesh/force 0.578
           Step           Time
           6300       12.60000

   Energies (kJ/mol)
       G96Angle    Proper Dih.  Improper Dih.          LJ-14     Coulomb-14
    1.22604e+04    1.04942e+04    6.84353e+02   -1.07482e+03    1.84549e+04
        LJ (SR)  Disper. corr.   Coulomb (SR)   Coul. recip.      Potential
   -2.91672e+04   -1.05137e+03   -1.49798e+05    1.91451e+03   -1.37283e+05
    Kinetic En.   Total Energy  Conserved En.    Temperature Pres. DC (bar)
    1.65729e+04   -1.20710e+05   -7.99704e+04    2.96683e+02   -2.74575e+01
 Pressure (bar)   Constr. rmsd
   -1.91935e+02    4.76651e-06


DD  step 6399  vol min/aver 0.294  load imb.: force  5.8%  pme mesh/force 0.646
           Step           Time
           6400       12.80000

   Energies (kJ/mol)
       G96Angle    Proper Dih.  Improper Dih.          LJ-14     Coulomb-14
    1.28265e+04    1.03570e+04    7.09941e+02   -1.00691e+03    1.80892e+04
        LJ (SR)  Disper. corr.   Coulomb (SR)   Coul. recip.      Potential
   -2.94812e+04   -1.05137e+03   -1.49694e+05    1.94079e+03   -1.37310e+05
    Kinetic En.   Total Energy  Conserved En.    Temperature Pres. DC (bar)
    1.67302e+04   -1.20580e+05   -7.99697e+04    2.99498e+02   -2.74575e+01
 Pressure (bar)   Constr. rmsd
   -1.06847e+02    4.72190e-06


DD  step 6499  vol min/aver 0.294  load imb.: force  5.6%  pme mesh/force 0.650
           Step           Time
           6500       13.00000

   Energies (kJ/mol)
       G96Angle    Proper Dih.  Improper Dih.          LJ-14     Coulomb-14
    1.27498e+04    1.03248e+04    7.27728e+02   -1.06902e+03    1.83207e+04
        LJ (SR)  Disper. corr.   Coulomb (SR)   Coul. recip.      Potential
   -2.93066e+04   -1.05137e+03   -1.49726e+05    1.85600e+03   -1.37174e+05
    Kinetic En.   Total Energy  Conserved En.    Temperature Pres. DC (bar)
    1.70765e+04   -1.20097e+05   -7.99685e+04    3.05699e+02   -2.74575e+01
 Pressure (bar)   Constr. rmsd
   -7.61256e+01    4.80715e-06


DD  step 6599  vol min/aver 0.293  load imb.: force  8.2%  pme mesh/force 0.590
           Step           Time
           6600       13.20000

   Energies (kJ/mol)
       G96Angle    Proper Dih.  Improper Dih.          LJ-14     Coulomb-14
    1.28551e+04    1.06473e+04    6.76778e+02   -1.07232e+03    1.75973e+04
        LJ (SR)  Disper. corr.   Coulomb (SR)   Coul. recip.      Potential
   -2.94587e+04   -1.05137e+03   -1.49194e+05    1.83996e+03   -1.37160e+05
    Kinetic En.   Total Energy  Conserved En.    Temperature Pres. DC (bar)
    1.69003e+04   -1.20259e+05   -7.99692e+04    3.02544e+02   -2.74575e+01
 Pressure (bar)   Constr. rmsd
   -1.34941e+02    4.69689e-06


DD  step 6699  vol min/aver 0.298  load imb.: force  4.4%  pme mesh/force 0.595
           Step           Time
           6700       13.40000

   Energies (kJ/mol)
       G96Angle    Proper Dih.  Improper Dih.          LJ-14     Coulomb-14
    1.26390e+04    1.06098e+04    6.86015e+02   -8.43400e+02    1.76564e+04
        LJ (SR)  Disper. corr.   Coulomb (SR)   Coul. recip.      Potential
   -2.93117e+04   -1.05137e+03   -1.49498e+05    1.84440e+03   -1.37268e+05
    Kinetic En.   Total Energy  Conserved En.    Temperature Pres. DC (bar)
    1.68972e+04   -1.20371e+05   -7.99682e+04    3.02488e+02   -2.74575e+01
 Pressure (bar)   Constr. rmsd
   -5.79895e+01    4.76316e-06


DD  step 6799  vol min/aver 0.310  load imb.: force  3.6%  pme mesh/force 0.608
           Step           Time
           6800       13.60000

   Energies (kJ/mol)
       G96Angle    Proper Dih.  Improper Dih.          LJ-14     Coulomb-14
    1.27762e+04    1.05001e+04    7.34731e+02   -1.04412e+03    1.79984e+04
        LJ (SR)  Disper. corr.   Coulomb (SR)   Coul. recip.      Potential
   -2.96019e+04   -1.05137e+03   -1.49453e+05    1.87530e+03   -1.37265e+05
    Kinetic En.   Total Energy  Conserved En.    Temperature Pres. DC (bar)
    1.69670e+04   -1.20298e+05   -7.99684e+04    3.03738e+02   -2.74575e+01
 Pressure (bar)   Constr. rmsd
   -1.82189e+02    5.03351e-06


DD  step 6899  vol min/aver 0.315  load imb.: force  6.7%  pme mesh/force 0.683
           Step           Time
           6900       13.80000

   Energies (kJ/mol)
       G96Angle    Proper Dih.  Improper Dih.          LJ-14     Coulomb-14
    1.26897e+04    1.05906e+04    6.78135e+02   -1.07473e+03    1.78693e+04
        LJ (SR)  Disper. corr.   Coulomb (SR)   Coul. recip.      Potential
   -2.95259e+04   -1.05137e+03   -1.49529e+05    1.88405e+03   -1.37469e+05
    Kinetic En.   Total Energy  Conserved En.    Temperature Pres. DC (bar)
    1.64978e+04   -1.20971e+05   -7.99686e+04    2.95337e+02   -2.74575e+01
 Pressure (bar)   Constr. rmsd
   -1.71631e+02    5.16521e-06


DD  step 6999  vol min/aver 0.316  load imb.: force  2.4%  pme mesh/force 0.618
           Step           Time
           7000       14.00000

   Energies (kJ/mol)
       G96Angle    Proper Dih.  Improper Dih.          LJ-14     Coulomb-14
    1.25948e+04    1.07062e+04    7.71656e+02   -1.03861e+03    1.79760e+04
        LJ (SR)  Disper. corr.   Coulomb (SR)   Coul. recip.      Potential
   -2.98261e+04   -1.05137e+03   -1.49531e+05    1.77978e+03   -1.37619e+05
    Kinetic En.   Total Energy  Conserved En.    Temperature Pres. DC (bar)
    1.65331e+04   -1.21086e+05   -7.99671e+04    2.95970e+02   -2.74575e+01
 Pressure (bar)   Constr. rmsd
   -2.60300e+02    4.80162e-06


DD  step 7099  vol min/aver 0.315  load imb.: force  5.4%  pme mesh/force 0.598
           Step           Time
           7100       14.20000

   Energies (kJ/mol)
       G96Angle    Proper Dih.  Improper Dih.          LJ-14     Coulomb-14
    1.24521e+04    1.05705e+04    6.73909e+02   -9.50876e+02    1.78550e+04
        LJ (SR)  Disper. corr.   Coulomb (SR)   Coul. recip.      Potential
   -2.98334e+04   -1.05137e+03   -1.49326e+05    1.86492e+03   -1.37745e+05
    Kinetic En.   Total Energy  Conserved En.    Temperature Pres. DC (bar)
    1.67737e+04   -1.20972e+05   -7.99671e+04    3.00277e+02   -2.74575e+01
 Pressure (bar)   Constr. rmsd
   -5.28768e+01    4.75227e-06


DD  step 7199  vol min/aver 0.315  load imb.: force  4.5%  pme mesh/force 0.615
           Step           Time
           7200       14.40000

   Energies (kJ/mol)
       G96Angle    Proper Dih.  Improper Dih.          LJ-14     Coulomb-14
    1.26246e+04    1.08576e+04    7.04175e+02   -1.09225e+03    1.77131e+04
        LJ (SR)  Disper. corr.   Coulomb (SR)   Coul. recip.      Potential
   -2.99494e+04   -1.05137e+03   -1.49410e+05    1.77209e+03   -1.37831e+05
    Kinetic En.   Total Energy  Conserved En.    Temperature Pres. DC (bar)
    1.70347e+04   -1.20797e+05   -7.99682e+04    3.04950e+02   -2.74575e+01
 Pressure (bar)   Constr. rmsd
   -6.35326e+01    4.89201e-06


DD  step 7299  vol min/aver 0.318  load imb.: force  4.9%  pme mesh/force 0.622
           Step           Time
           7300       14.60000

   Energies (kJ/mol)
       G96Angle    Proper Dih.  Improper Dih.          LJ-14     Coulomb-14
    1.26534e+04    1.06136e+04    7.80170e+02   -8.69089e+02    1.73260e+04
        LJ (SR)  Disper. corr.   Coulomb (SR)   Coul. recip.      Potential
   -2.99986e+04   -1.05137e+03   -1.49309e+05    1.83447e+03   -1.38021e+05
    Kinetic En.   Total Energy  Conserved En.    Temperature Pres. DC (bar)
    1.70899e+04   -1.20931e+05   -7.99658e+04    3.05938e+02   -2.74575e+01
 Pressure (bar)   Constr. rmsd
   -1.48430e+02    4.67025e-06


DD  step 7399  vol min/aver 0.319  load imb.: force  7.1%  pme mesh/force 0.655
           Step           Time
           7400       14.80000

   Energies (kJ/mol)
       G96Angle    Proper Dih.  Improper Dih.          LJ-14     Coulomb-14
    1.27550e+04    1.05098e+04    7.72367e+02   -9.78226e+02    1.80370e+04
        LJ (SR)  Disper. corr.   Coulomb (SR)   Coul. recip.      Potential
   -2.99493e+04   -1.05137e+03   -1.49503e+05    1.84298e+03   -1.37565e+05
    Kinetic En.   Total Energy  Conserved En.    Temperature Pres. DC (bar)
    1.70710e+04   -1.20494e+05   -7.99662e+04    3.05599e+02   -2.74575e+01
 Pressure (bar)   Constr. rmsd
    3.62201e+01    4.80069e-06


DD  step 7499  vol min/aver 0.308  load imb.: force  3.2%  pme mesh/force 0.611
           Step           Time
           7500       15.00000

   Energies (kJ/mol)
       G96Angle    Proper Dih.  Improper Dih.          LJ-14     Coulomb-14
    1.26615e+04    1.05407e+04    7.41447e+02   -9.60995e+02    1.75316e+04
        LJ (SR)  Disper. corr.   Coulomb (SR)   Coul. recip.      Potential
   -3.00562e+04   -1.05137e+03   -1.49109e+05    1.85105e+03   -1.37852e+05
    Kinetic En.   Total Energy  Conserved En.    Temperature Pres. DC (bar)
    1.73330e+04   -1.20519e+05   -7.99687e+04    3.10289e+02   -2.74575e+01
 Pressure (bar)   Constr. rmsd
    2.10515e+01    4.89328e-06


DD  step 7599  vol min/aver 0.321  load imb.: force  2.9%  pme mesh/force 0.630
           Step           Time
           7600       15.20000

   Energies (kJ/mol)
       G96Angle    Proper Dih.  Improper Dih.          LJ-14     Coulomb-14
    1.27119e+04    1.05794e+04    7.17190e+02   -1.03581e+03    1.79252e+04
        LJ (SR)  Disper. corr.   Coulomb (SR)   Coul. recip.      Potential
   -3.00444e+04   -1.05137e+03   -1.49513e+05    1.81831e+03   -1.37893e+05
    Kinetic En.   Total Energy  Conserved En.    Temperature Pres. DC (bar)
    1.72606e+04   -1.20632e+05   -7.99675e+04    3.08994e+02   -2.74575e+01
 Pressure (bar)   Constr. rmsd
   -1.03396e+02    4.77093e-06


DD  step 7699  vol min/aver 0.323  load imb.: force  3.9%  pme mesh/force 0.559
           Step           Time
           7700       15.40000

   Energies (kJ/mol)
       G96Angle    Proper Dih.  Improper Dih.          LJ-14     Coulomb-14
    1.28133e+04    1.06614e+04    7.19307e+02   -9.08312e+02    1.77443e+04
        LJ (SR)  Disper. corr.   Coulomb (SR)   Coul. recip.      Potential
   -3.01755e+04   -1.05137e+03   -1.49497e+05    1.82670e+03   -1.37868e+05
    Kinetic En.   Total Energy  Conserved En.    Temperature Pres. DC (bar)
    1.70170e+04   -1.20851e+05   -7.99650e+04    3.04633e+02   -2.74575e+01
 Pressure (bar)   Constr. rmsd
   -1.23418e-01    4.27646e-06


DD  step 7799  vol min/aver 0.319  load imb.: force  4.9%  pme mesh/force 0.635
           Step           Time
           7800       15.60000

   Energies (kJ/mol)
       G96Angle    Proper Dih.  Improper Dih.          LJ-14     Coulomb-14
    1.26209e+04    1.07168e+04    6.74601e+02   -1.08159e+03    1.78249e+04
        LJ (SR)  Disper. corr.   Coulomb (SR)   Coul. recip.      Potential
   -3.02120e+04   -1.05137e+03   -1.49424e+05    1.83731e+03   -1.38095e+05
    Kinetic En.   Total Energy  Conserved En.    Temperature Pres. DC (bar)
    1.69810e+04   -1.21114e+05   -7.99671e+04    3.03988e+02   -2.74575e+01
 Pressure (bar)   Constr. rmsd
   -1.49865e+02    4.83679e-06


DD  step 7899  vol min/aver 0.315  load imb.: force  4.1%  pme mesh/force 0.588
           Step           Time
           7900       15.80000

   Energies (kJ/mol)
       G96Angle    Proper Dih.  Improper Dih.          LJ-14     Coulomb-14
    1.24555e+04    1.08263e+04    7.06533e+02   -8.25289e+02    1.76133e+04
        LJ (SR)  Disper. corr.   Coulomb (SR)   Coul. recip.      Potential
   -3.02175e+04   -1.05137e+03   -1.49440e+05    1.79708e+03   -1.38135e+05
    Kinetic En.   Total Energy  Conserved En.    Temperature Pres. DC (bar)
    1.67445e+04   -1.21391e+05   -7.99653e+04    2.99755e+02   -2.74575e+01
 Pressure (bar)   Constr. rmsd
   -1.62314e+02    4.92144e-06


DD  step 7999  vol min/aver 0.317  load imb.: force  3.3%  pme mesh/force 0.612
           Step           Time
           8000       16.00000

   Energies (kJ/mol)
       G96Angle    Proper Dih.  Improper Dih.          LJ-14     Coulomb-14
    1.27606e+04    1.06981e+04    7.03407e+02   -1.01700e+03    1.77207e+04
        LJ (SR)  Disper. corr.   Coulomb (SR)   Coul. recip.      Potential
   -3.05383e+04   -1.05137e+03   -1.49440e+05    1.77760e+03   -1.38386e+05
    Kinetic En.   Total Energy  Conserved En.    Temperature Pres. DC (bar)
    1.69588e+04   -1.21428e+05   -7.99652e+04    3.03591e+02   -2.74575e+01
 Pressure (bar)   Constr. rmsd
   -5.89390e+01    4.64844e-06


DD  step 8099  vol min/aver 0.320  load imb.: force  5.8%  pme mesh/force 0.580
           Step           Time
           8100       16.20000

   Energies (kJ/mol)
       G96Angle    Proper Dih.  Improper Dih.          LJ-14     Coulomb-14
    1.26104e+04    1.06300e+04    7.29383e+02   -9.50716e+02    1.79350e+04
        LJ (SR)  Disper. corr.   Coulomb (SR)   Coul. recip.      Potential
   -3.02656e+04   -1.05137e+03   -1.49710e+05    1.82173e+03   -1.38251e+05
    Kinetic En.   Total Energy  Conserved En.    Temperature Pres. DC (bar)
    1.66511e+04   -1.21600e+05   -7.99646e+04    2.98083e+02   -2.74575e+01
 Pressure (bar)   Constr. rmsd
   -5.75547e+01    4.70459e-06


DD  step 8199  vol min/aver 0.325  load imb.: force  5.4%  pme mesh/force 0.740
           Step           Time
           8200       16.40000

   Energies (kJ/mol)
       G96Angle    Proper Dih.  Improper Dih.          LJ-14     Coulomb-14
    1.24967e+04    1.08080e+04    6.89839e+02   -1.08713e+03    1.78794e+04
        LJ (SR)  Disper. corr.   Coulomb (SR)   Coul. recip.      Potential
   -3.04835e+04   -1.05137e+03   -1.49360e+05    1.82399e+03   -1.38284e+05
    Kinetic En.   Total Energy  Conserved En.    Temperature Pres. DC (bar)
    1.68780e+04   -1.21406e+05   -7.99666e+04    3.02145e+02   -2.74575e+01
 Pressure (bar)   Constr. rmsd
   -2.21082e+02    4.90598e-06


DD  step 8299  vol min/aver 0.324  load imb.: force  3.6%  pme mesh/force 0.628
           Step           Time
           8300       16.60000

   Energies (kJ/mol)
       G96Angle    Proper Dih.  Improper Dih.          LJ-14     Coulomb-14
    1.24470e+04    1.06437e+04    7.33862e+02   -7.74137e+02    1.79063e+04
        LJ (SR)  Disper. corr.   Coulomb (SR)   Coul. recip.      Potential
   -3.03359e+04   -1.05137e+03   -1.49477e+05    1.83360e+03   -1.38074e+05
    Kinetic En.   Total Energy  Conserved En.    Temperature Pres. DC (bar)
    1.65915e+04   -1.21482e+05   -7.99642e+04    2.97016e+02   -2.74575e+01
 Pressure (bar)   Constr. rmsd
   -1.25974e+02    4.81771e-06


DD  step 8399  vol min/aver 0.323  load imb.: force  8.1%  pme mesh/force 0.603
           Step           Time
           8400       16.80000

   Energies (kJ/mol)
       G96Angle    Proper Dih.  Improper Dih.          LJ-14     Coulomb-14
    1.26521e+04    1.07142e+04    6.98827e+02   -9.80480e+02    1.77692e+04
        LJ (SR)  Disper. corr.   Coulomb (SR)   Coul. recip.      Potential
   -3.01228e+04   -1.05137e+03   -1.49407e+05    1.78913e+03   -1.37938e+05
    Kinetic En.   Total Energy  Conserved En.    Temperature Pres. DC (bar)
    1.66258e+04   -1.21312e+05   -7.99640e+04    2.97630e+02   -2.74575e+01
 Pressure (bar)   Constr. rmsd
    1.93559e+01    4.71437e-06


DD  step 8499  vol min/aver 0.315  load imb.: force  5.2%  pme mesh/force 0.604
           Step           Time
           8500       17.00000

   Energies (kJ/mol)
       G96Angle    Proper Dih.  Improper Dih.          LJ-14     Coulomb-14
    1.25460e+04    1.08192e+04    7.38361e+02   -9.57402e+02    1.78774e+04
        LJ (SR)  Disper. corr.   Coulomb (SR)   Coul. recip.      Potential
   -3.04628e+04   -1.05137e+03   -1.49380e+05    1.82900e+03   -1.38041e+05
    Kinetic En.   Total Energy  Conserved En.    Temperature Pres. DC (bar)
    1.71047e+04   -1.20936e+05   -7.99667e+04    3.06203e+02   -2.74575e+01
 Pressure (bar)   Constr. rmsd
   -1.59766e+02    4.96849e-06


DD  step 8599  vol min/aver 0.310  load imb.: force  4.4%  pme mesh/force 0.623
           Step           Time
           8600       17.20000

   Energies (kJ/mol)
       G96Angle    Proper Dih.  Improper Dih.          LJ-14     Coulomb-14
    1.24635e+04    1.08460e+04    6.70842e+02   -1.07567e+03    1.80418e+04
        LJ (SR)  Disper. corr.   Coulomb (SR)   Coul. recip.      Potential
   -3.01302e+04   -1.05137e+03   -1.49644e+05    1.78678e+03   -1.38092e+05
    Kinetic En.   Total Energy  Conserved En.    Temperature Pres. DC (bar)
    1.68316e+04   -1.21261e+05   -7.99653e+04    3.01313e+02   -2.74575e+01
 Pressure (bar)   Constr. rmsd
   -1.07682e+02    4.76536e-06


DD  step 8699  vol min/aver 0.302  load imb.: force  3.2%  pme mesh/force 0.648
           Step           Time
           8700       17.40000

   Energies (kJ/mol)
       G96Angle    Proper Dih.  Improper Dih.          LJ-14     Coulomb-14
    1.26571e+04    1.10064e+04    7.34695e+02   -1.15424e+03    1.77015e+04
        LJ (SR)  Disper. corr.   Coulomb (SR)   Coul. recip.      Potential
   -3.04820e+04   -1.05137e+03   -1.49307e+05    1.79456e+03   -1.38101e+05
    Kinetic En.   Total Energy  Conserved En.    Temperature Pres. DC (bar)
    1.69614e+04   -1.21139e+05   -7.99653e+04    3.03637e+02   -2.74575e+01
 Pressure (bar)   Constr. rmsd
   -2.69748e+02    4.91450e-06


DD  step 8799  vol min/aver 0.297  load imb.: force  4.6%  pme mesh/force 0.586
           Step           Time
           8800       17.60000

   Energies (kJ/mol)
       G96Angle    Proper Dih.  Improper Dih.          LJ-14     Coulomb-14
    1.28473e+04    1.02466e+04    6.81810e+02   -1.07286e+03    1.77370e+04
        LJ (SR)  Disper. corr.   Coulomb (SR)   Coul. recip.      Potential
   -3.04533e+04   -1.05137e+03   -1.49213e+05    1.81529e+03   -1.38462e+05
    Kinetic En.   Total Energy  Conserved En.    Temperature Pres. DC (bar)
    1.64846e+04   -1.21978e+05   -7.99632e+04    2.95102e+02   -2.74575e+01
 Pressure (bar)   Constr. rmsd
   -3.00857e+02    4.83314e-06


DD  step 8899  vol min/aver 0.298  load imb.: force  3.9%  pme mesh/force 0.635
           Step           Time
           8900       17.80000

   Energies (kJ/mol)
       G96Angle    Proper Dih.  Improper Dih.          LJ-14     Coulomb-14
    1.26077e+04    1.04986e+04    7.34659e+02   -9.00936e+02    1.73017e+04
        LJ (SR)  Disper. corr.   Coulomb (SR)   Coul. recip.      Potential
   -3.03207e+04   -1.05137e+03   -1.49279e+05    1.75207e+03   -1.38657e+05
    Kinetic En.   Total Energy  Conserved En.    Temperature Pres. DC (bar)
    1.69707e+04   -1.21686e+05   -7.99662e+04    3.03804e+02   -2.74575e+01
 Pressure (bar)   Constr. rmsd
   -5.61726e+01    4.81862e-06


DD  step 8999  vol min/aver 0.298  load imb.: force  2.6%  pme mesh/force 0.611
           Step           Time
           9000       18.00000

   Energies (kJ/mol)
       G96Angle    Proper Dih.  Improper Dih.          LJ-14     Coulomb-14
    1.27034e+04    1.05163e+04    7.00164e+02   -1.04184e+03    1.79710e+04
        LJ (SR)  Disper. corr.   Coulomb (SR)   Coul. recip.      Potential
   -3.03401e+04   -1.05137e+03   -1.49503e+05    1.82342e+03   -1.38222e+05
    Kinetic En.   Total Energy  Conserved En.    Temperature Pres. DC (bar)
    1.63902e+04   -1.21832e+05   -7.99636e+04    2.93413e+02   -2.74575e+01
 Pressure (bar)   Constr. rmsd
   -1.52275e+02    4.92453e-06


DD  step 9099  vol min/aver 0.294  load imb.: force  3.7%  pme mesh/force 0.612
           Step           Time
           9100       18.20000

   Energies (kJ/mol)
       G96Angle    Proper Dih.  Improper Dih.          LJ-14     Coulomb-14
    1.29446e+04    1.07306e+04    7.74201e+02   -1.02266e+03    1.77844e+04
        LJ (SR)  Disper. corr.   Coulomb (SR)   Coul. recip.      Potential
   -3.04800e+04   -1.05137e+03   -1.49439e+05    1.80370e+03   -1.37956e+05
    Kinetic En.   Total Energy  Conserved En.    Temperature Pres. DC (bar)
    1.66696e+04   -1.21286e+05   -7.99624e+04    2.98413e+02   -2.74575e+01
 Pressure (bar)   Constr. rmsd
   -4.46762e+01    4.48653e-06


DD  step 9199  vol min/aver 0.293  load imb.: force  3.6%  pme mesh/force 0.633
           Step           Time
           9200       18.40000

   Energies (kJ/mol)
       G96Angle    Proper Dih.  Improper Dih.          LJ-14     Coulomb-14
    1.29570e+04    1.06078e+04    7.38254e+02   -7.67609e+02    1.70504e+04
        LJ (SR)  Disper. corr.   Coulomb (SR)   Coul. recip.      Potential
   -3.03791e+04   -1.05137e+03   -1.49339e+05    1.77550e+03   -1.38408e+05
    Kinetic En.   Total Energy  Conserved En.    Temperature Pres. DC (bar)
    1.71597e+04   -1.21248e+05   -7.99620e+04    3.07187e+02   -2.74575e+01
 Pressure (bar)   Constr. rmsd
   -5.71007e+01    4.56517e-06


DD  step 9299  vol min/aver 0.295  load imb.: force  6.2%  pme mesh/force 0.569
           Step           Time
           9300       18.60000

   Energies (kJ/mol)
       G96Angle    Proper Dih.  Improper Dih.          LJ-14     Coulomb-14
    1.29241e+04    1.03396e+04    7.40650e+02   -9.17952e+02    1.73130e+04
        LJ (SR)  Disper. corr.   Coulomb (SR)   Coul. recip.      Potential
   -3.05091e+04   -1.05137e+03   -1.49216e+05    1.74449e+03   -1.38632e+05
    Kinetic En.   Total Energy  Conserved En.    Temperature Pres. DC (bar)
    1.67767e+04   -1.21856e+05   -7.99604e+04    3.00330e+02   -2.74575e+01
 Pressure (bar)   Constr. rmsd
   -1.83217e+02    4.75785e-06


DD  step 9399  vol min/aver 0.308  load imb.: force  4.4%  pme mesh/force 0.609
           Step           Time
           9400       18.80000

   Energies (kJ/mol)
       G96Angle    Proper Dih.  Improper Dih.          LJ-14     Coulomb-14
    1.29514e+04    1.05057e+04    7.08513e+02   -9.06836e+02    1.70279e+04
        LJ (SR)  Disper. corr.   Coulomb (SR)   Coul. recip.      Potential
   -3.06585e+04   -1.05137e+03   -1.48886e+05    1.79009e+03   -1.38519e+05
    Kinetic En.   Total Energy  Conserved En.    Temperature Pres. DC (bar)
    1.68380e+04   -1.21681e+05   -7.99621e+04    3.01429e+02   -2.74575e+01
 Pressure (bar)   Constr. rmsd
   -1.47432e+02    4.81690e-06


DD  step 9499  vol min/aver 0.310  load imb.: force  7.3%  pme mesh/force 0.603
           Step           Time
           9500       19.00000

   Energies (kJ/mol)
       G96Angle    Proper Dih.  Improper Dih.          LJ-14     Coulomb-14
    1.25991e+04    1.04022e+04    7.69211e+02   -8.33292e+02    1.75509e+04
        LJ (SR)  Disper. corr.   Coulomb (SR)   Coul. recip.      Potential
   -3.04834e+04   -1.05137e+03   -1.49260e+05    1.72832e+03   -1.38579e+05
    Kinetic En.   Total Energy  Conserved En.    Temperature Pres. DC (bar)
    1.67069e+04   -1.21872e+05   -7.99620e+04    2.99082e+02   -2.74575e+01
 Pressure (bar)   Constr. rmsd
   -2.86103e+01    4.49173e-06


DD  step 9599  vol min/aver 0.310  load imb.: force  8.3%  pme mesh/force 0.562
           Step           Time
           9600       19.20000

   Energies (kJ/mol)
       G96Angle    Proper Dih.  Improper Dih.          LJ-14     Coulomb-14
    1.28150e+04    1.03185e+04    6.82253e+02   -8.57039e+02    1.69841e+04
        LJ (SR)  Disper. corr.   Coulomb (SR)   Coul. recip.      Potential
   -3.06075e+04   -1.05137e+03   -1.48692e+05    1.82475e+03   -1.38583e+05
    Kinetic En.   Total Energy  Conserved En.    Temperature Pres. DC (bar)
    1.69358e+04   -1.21648e+05   -7.99623e+04    3.03180e+02   -2.74575e+01
 Pressure (bar)   Constr. rmsd
   -8.94301e+01    4.75260e-06


DD  step 9699  vol min/aver 0.315  load imb.: force  6.0%  pme mesh/force 0.612
           Step           Time
           9700       19.40000

   Energies (kJ/mol)
       G96Angle    Proper Dih.  Improper Dih.          LJ-14     Coulomb-14
    1.26090e+04    1.04706e+04    7.78524e+02   -9.80372e+02    1.73935e+04
        LJ (SR)  Disper. corr.   Coulomb (SR)   Coul. recip.      Potential
   -3.05687e+04   -1.05137e+03   -1.49163e+05    1.80065e+03   -1.38711e+05
    Kinetic En.   Total Energy  Conserved En.    Temperature Pres. DC (bar)
    1.66512e+04   -1.22060e+05   -7.99626e+04    2.98084e+02   -2.74575e+01
 Pressure (bar)   Constr. rmsd
   -8.57781e+01    4.73438e-06


DD  step 9799  vol min/aver 0.317  load imb.: force  3.4%  pme mesh/force 0.605
           Step           Time
           9800       19.60000

   Energies (kJ/mol)
       G96Angle    Proper Dih.  Improper Dih.          LJ-14     Coulomb-14
    1.27503e+04    1.02558e+04    7.59871e+02   -9.85606e+02    1.73206e+04
        LJ (SR)  Disper. corr.   Coulomb (SR)   Coul. recip.      Potential
   -3.04756e+04   -1.05137e+03   -1.49195e+05    1.77009e+03   -1.38851e+05
    Kinetic En.   Total Energy  Conserved En.    Temperature Pres. DC (bar)
    1.67282e+04   -1.22123e+05   -7.99613e+04    2.99462e+02   -2.74575e+01
 Pressure (bar)   Constr. rmsd
   -7.71151e+01    4.66597e-06


DD  step 9899  vol min/aver 0.309  load imb.: force  3.6%  pme mesh/force 0.621
           Step           Time
           9900       19.80000

   Energies (kJ/mol)
       G96Angle    Proper Dih.  Improper Dih.          LJ-14     Coulomb-14
    1.26167e+04    1.05019e+04    7.35198e+02   -7.71503e+02    1.74291e+04
        LJ (SR)  Disper. corr.   Coulomb (SR)   Coul. recip.      Potential
   -3.05762e+04   -1.05137e+03   -1.49211e+05    1.80153e+03   -1.38525e+05
    Kinetic En.   Total Energy  Conserved En.    Temperature Pres. DC (bar)
    1.65730e+04   -1.21952e+05   -7.99602e+04    2.96685e+02   -2.74575e+01
 Pressure (bar)   Constr. rmsd
   -1.27080e+02    4.93993e-06


DD  step 9999  vol min/aver 0.303  load imb.: force  3.7%  pme mesh/force 0.596
           Step           Time
          10000       20.00000

   Energies (kJ/mol)
       G96Angle    Proper Dih.  Improper Dih.          LJ-14     Coulomb-14
    1.28588e+04    1.05592e+04    7.22859e+02   -1.04533e+03    1.72860e+04
        LJ (SR)  Disper. corr.   Coulomb (SR)   Coul. recip.      Potential
   -3.06961e+04   -1.05137e+03   -1.49099e+05    1.79343e+03   -1.38672e+05
    Kinetic En.   Total Energy  Conserved En.    Temperature Pres. DC (bar)
    1.69547e+04   -1.21717e+05   -7.99606e+04    3.03517e+02   -2.74575e+01
 Pressure (bar)   Constr. rmsd
   -1.46722e+02    4.98545e-06


DD  step 10099  vol min/aver 0.296  load imb.: force  4.1%  pme mesh/force 0.600
           Step           Time
          10100       20.20000

   Energies (kJ/mol)
       G96Angle    Proper Dih.  Improper Dih.          LJ-14     Coulomb-14
    1.28230e+04    1.05760e+04    6.71747e+02   -7.92158e+02    1.69344e+04
        LJ (SR)  Disper. corr.   Coulomb (SR)   Coul. recip.      Potential
   -3.06578e+04   -1.05137e+03   -1.49154e+05    1.77803e+03   -1.38872e+05
    Kinetic En.   Total Energy  Conserved En.    Temperature Pres. DC (bar)
    1.70689e+04   -1.21803e+05   -7.99624e+04    3.05561e+02   -2.74575e+01
 Pressure (bar)   Constr. rmsd
   -1.23064e+02    4.70479e-06


DD  step 10199  vol min/aver 0.286  load imb.: force  3.3%  pme mesh/force 0.537
           Step           Time
          10200       20.40000

   Energies (kJ/mol)
       G96Angle    Proper Dih.  Improper Dih.          LJ-14     Coulomb-14
    1.23736e+04    1.03443e+04    7.60177e+02   -8.40517e+02    1.76474e+04
        LJ (SR)  Disper. corr.   Coulomb (SR)   Coul. recip.      Potential
   -3.05707e+04   -1.05137e+03   -1.49541e+05    1.70679e+03   -1.39171e+05
    Kinetic En.   Total Energy  Conserved En.    Temperature Pres. DC (bar)
    1.69107e+04   -1.22261e+05   -7.99654e+04    3.02729e+02   -2.74575e+01
 Pressure (bar)   Constr. rmsd
    6.64984e+00    4.53876e-06


DD  step 10299  vol min/aver 0.285  load imb.: force  4.2%  pme mesh/force 0.643
           Step           Time
          10300       20.60000

   Energies (kJ/mol)
       G96Angle    Proper Dih.  Improper Dih.          LJ-14     Coulomb-14
    1.25533e+04    1.04571e+04    7.03510e+02   -9.41601e+02    1.72148e+04
        LJ (SR)  Disper. corr.   Coulomb (SR)   Coul. recip.      Potential
   -3.07164e+04   -1.05137e+03   -1.49074e+05    1.74716e+03   -1.39107e+05
    Kinetic En.   Total Energy  Conserved En.    Temperature Pres. DC (bar)
    1.70971e+04   -1.22010e+05   -7.99629e+04    3.06066e+02   -2.74575e+01
 Pressure (bar)   Constr. rmsd
   -2.22101e+02    4.81724e-06


DD  step 10399  vol min/aver 0.278  load imb.: force  2.7%  pme mesh/force 0.604
           Step           Time
          10400       20.80000

   Energies (kJ/mol)
       G96Angle    Proper Dih.  Improper Dih.          LJ-14     Coulomb-14
    1.26027e+04    1.06157e+04    7.57649e+02   -1.14533e+03    1.76492e+04
        LJ (SR)  Disper. corr.   Coulomb (SR)   Coul. recip.      Potential
   -3.06486e+04   -1.05137e+03   -1.49440e+05    1.70784e+03   -1.38952e+05
    Kinetic En.   Total Energy  Conserved En.    Temperature Pres. DC (bar)
    1.68090e+04   -1.22143e+05   -7.99615e+04    3.00909e+02   -2.74575e+01
 Pressure (bar)   Constr. rmsd
   -1.74331e+02    4.76688e-06


DD  step 10499  vol min/aver 0.273  load imb.: force  4.2%  pme mesh/force 0.593
           Step           Time
          10500       21.00000

   Energies (kJ/mol)
       G96Angle    Proper Dih.  Improper Dih.          LJ-14     Coulomb-14
    1.27180e+04    1.06293e+04    7.02050e+02   -1.01195e+03    1.74544e+04
        LJ (SR)  Disper. corr.   Coulomb (SR)   Coul. recip.      Potential
   -3.04475e+04   -1.05137e+03   -1.49238e+05    1.73595e+03   -1.38509e+05
    Kinetic En.   Total Energy  Conserved En.    Temperature Pres. DC (bar)
    1.69036e+04   -1.21605e+05   -7.99604e+04    3.02603e+02   -2.74575e+01
 Pressure (bar)   Constr. rmsd
   -7.46970e+01    4.76710e-06


DD  step 10599  vol min/aver 0.268  load imb.: force  2.8%  pme mesh/force 0.599
           Step           Time
          10600       21.20000

   Energies (kJ/mol)
       G96Angle    Proper Dih.  Improper Dih.          LJ-14     Coulomb-14
    1.27857e+04    1.02154e+04    8.01145e+02   -8.57302e+02    1.75879e+04
        LJ (SR)  Disper. corr.   Coulomb (SR)   Coul. recip.      Potential
   -3.05366e+04   -1.05137e+03   -1.49428e+05    1.74307e+03   -1.38740e+05
    Kinetic En.   Total Energy  Conserved En.    Temperature Pres. DC (bar)
    1.68769e+04   -1.21864e+05   -7.99602e+04    3.02125e+02   -2.74575e+01
 Pressure (bar)   Constr. rmsd
   -1.41542e+02    4.84853e-06


DD  step 10699  vol min/aver 0.269  load imb.: force  3.5%  pme mesh/force 0.726
           Step           Time
          10700       21.40000

   Energies (kJ/mol)
       G96Angle    Proper Dih.  Improper Dih.          LJ-14     Coulomb-14
    1.28073e+04    1.04491e+04    7.45213e+02   -8.28774e+02    1.71996e+04
        LJ (SR)  Disper. corr.   Coulomb (SR)   Coul. recip.      Potential
   -3.07742e+04   -1.05137e+03   -1.49249e+05    1.76802e+03   -1.38934e+05
    Kinetic En.   Total Energy  Conserved En.    Temperature Pres. DC (bar)
    1.69164e+04   -1.22018e+05   -7.99619e+04    3.02831e+02   -2.74575e+01
 Pressure (bar)   Constr. rmsd
   -1.38145e+02    4.86039e-06


DD  step 10799  vol min/aver 0.272  load imb.: force  3.7%  pme mesh/force 0.620
           Step           Time
          10800       21.60000

   Energies (kJ/mol)
       G96Angle    Proper Dih.  Improper Dih.          LJ-14     Coulomb-14
    1.26599e+04    1.01278e+04    7.68786e+02   -9.29979e+02    1.73905e+04
        LJ (SR)  Disper. corr.   Coulomb (SR)   Coul. recip.      Potential
   -3.06632e+04   -1.05137e+03   -1.49267e+05    1.71895e+03   -1.39246e+05
    Kinetic En.   Total Energy  Conserved En.    Temperature Pres. DC (bar)
    1.71550e+04   -1.22091e+05   -7.99635e+04    3.07102e+02   -2.74575e+01
 Pressure (bar)   Constr. rmsd
   -6.03991e+01    5.13205e-06


DD  step 10899  vol min/aver 0.276  load imb.: force  5.3%  pme mesh/force 0.606
           Step           Time
          10900       21.80000

   Energies (kJ/mol)
       G96Angle    Proper Dih.  Improper Dih.          LJ-14     Coulomb-14
    1.25761e+04    1.05147e+04    7.68520e+02   -9.63439e+02    1.77594e+04
        LJ (SR)  Disper. corr.   Coulomb (SR)   Coul. recip.      Potential
   -3.09613e+04   -1.05137e+03   -1.49374e+05    1.75810e+03   -1.38973e+05
    Kinetic En.   Total Energy  Conserved En.    Temperature Pres. DC (bar)
    1.67551e+04   -1.22218e+05   -7.99586e+04    2.99943e+02   -2.74575e+01
 Pressure (bar)   Constr. rmsd
   -9.02785e+01    5.01188e-06


DD  step 10999  vol min/aver 0.279  load imb.: force  5.1%  pme mesh/force 0.594
           Step           Time
          11000       22.00000

   Energies (kJ/mol)
       G96Angle    Proper Dih.  Improper Dih.          LJ-14     Coulomb-14
    1.22574e+04    1.06118e+04    6.68449e+02   -9.47689e+02    1.76417e+04
        LJ (SR)  Disper. corr.   Coulomb (SR)   Coul. recip.      Potential
   -3.09750e+04   -1.05137e+03   -1.49251e+05    1.78713e+03   -1.39259e+05
    Kinetic En.   Total Energy  Conserved En.    Temperature Pres. DC (bar)
    1.70742e+04   -1.22184e+05   -7.99622e+04    3.05657e+02   -2.74575e+01
 Pressure (bar)   Constr. rmsd
   -3.03023e+01    4.77701e-06


DD  step 11099  vol min/aver 0.287  load imb.: force  4.2%  pme mesh/force 0.580
           Step           Time
          11100       22.20000

   Energies (kJ/mol)
       G96Angle    Proper Dih.  Improper Dih.          LJ-14     Coulomb-14
    1.28224e+04    1.05392e+04    6.70410e+02   -9.49553e+02    1.75045e+04
        LJ (SR)  Disper. corr.   Coulomb (SR)   Coul. recip.      Potential
   -3.11000e+04   -1.05137e+03   -1.49045e+05    1.75526e+03   -1.38854e+05
    Kinetic En.   Total Energy  Conserved En.    Temperature Pres. DC (bar)
    1.66152e+04   -1.22239e+05   -7.99582e+04    2.97440e+02   -2.74575e+01
 Pressure (bar)   Constr. rmsd
   -1.63418e+02    4.79960e-06


DD  step 11199  vol min/aver 0.291  load imb.: force  2.4%  pme mesh/force 0.740
           Step           Time
          11200       22.40000

   Energies (kJ/mol)
       G96Angle    Proper Dih.  Improper Dih.          LJ-14     Coulomb-14
    1.27294e+04    1.05096e+04    6.72770e+02   -1.02914e+03    1.71748e+04
        LJ (SR)  Disper. corr.   Coulomb (SR)   Coul. recip.      Potential
   -3.10333e+04   -1.05137e+03   -1.49132e+05    1.75231e+03   -1.39407e+05
    Kinetic En.   Total Energy  Conserved En.    Temperature Pres. DC (bar)
    1.67231e+04   -1.22684e+05   -7.99611e+04    2.99371e+02   -2.74575e+01
 Pressure (bar)   Constr. rmsd
   -2.12496e+02    5.11433e-06


DD  step 11299  vol min/aver 0.292  load imb.: force  5.1%  pme mesh/force 0.609
           Step           Time
          11300       22.60000

   Energies (kJ/mol)
       G96Angle    Proper Dih.  Improper Dih.          LJ-14     Coulomb-14
    1.27815e+04    1.04223e+04    7.50891e+02   -9.03886e+02    1.74382e+04
        LJ (SR)  Disper. corr.   Coulomb (SR)   Coul. recip.      Potential
   -3.09581e+04   -1.05137e+03   -1.49410e+05    1.74568e+03   -1.39185e+05
    Kinetic En.   Total Energy  Conserved En.    Temperature Pres. DC (bar)
    1.65603e+04   -1.22625e+05   -7.99573e+04    2.96457e+02   -2.74575e+01
 Pressure (bar)   Constr. rmsd
   -8.28112e+01    4.87743e-06


DD  step 11399  vol min/aver 0.290  load imb.: force  3.8%  pme mesh/force 0.596
           Step           Time
          11400       22.80000

   Energies (kJ/mol)
       G96Angle    Proper Dih.  Improper Dih.          LJ-14     Coulomb-14
    1.27414e+04    1.02936e+04    7.79655e+02   -9.77216e+02    1.74945e+04
        LJ (SR)  Disper. corr.   Coulomb (SR)   Coul. recip.      Potential
   -3.09877e+04   -1.05137e+03   -1.49296e+05    1.77186e+03   -1.39231e+05
    Kinetic En.   Total Energy  Conserved En.    Temperature Pres. DC (bar)
    1.64868e+04   -1.22744e+05   -7.99587e+04    2.95141e+02   -2.74575e+01
 Pressure (bar)   Constr. rmsd
   -3.94229e+01    4.89155e-06


DD  step 11499  vol min/aver 0.290  load imb.: force  6.1%  pme mesh/force 0.524
           Step           Time
          11500       23.00000

   Energies (kJ/mol)
       G96Angle    Proper Dih.  Improper Dih.          LJ-14     Coulomb-14
    1.27855e+04    1.04105e+04    7.01412e+02   -9.94341e+02    1.72252e+04
        LJ (SR)  Disper. corr.   Coulomb (SR)   Coul. recip.      Potential
   -3.08143e+04   -1.05137e+03   -1.49226e+05    1.76295e+03   -1.39200e+05
    Kinetic En.   Total Energy  Conserved En.    Temperature Pres. DC (bar)
    1.65363e+04   -1.22664e+05   -7.99573e+04    2.96028e+02   -2.74575e+01
 Pressure (bar)   Constr. rmsd
   -2.08792e+02    5.17450e-06


DD  step 11599  vol min/aver 0.290  load imb.: force  3.1%  pme mesh/force 0.686
           Step           Time
          11600       23.20000

   Energies (kJ/mol)
       G96Angle    Proper Dih.  Improper Dih.          LJ-14     Coulomb-14
    1.27841e+04    1.02819e+04    7.63809e+02   -9.84404e+02    1.71899e+04
        LJ (SR)  Disper. corr.   Coulomb (SR)   Coul. recip.      Potential
   -3.09599e+04   -1.05137e+03   -1.49154e+05    1.76888e+03   -1.39361e+05
    Kinetic En.   Total Energy  Conserved En.    Temperature Pres. DC (bar)
    1.66927e+04   -1.22668e+05   -7.99590e+04    2.98826e+02   -2.74575e+01
 Pressure (bar)   Constr. rmsd
   -6.18571e+01    4.87040e-06


DD  step 11699  vol min/aver 0.289  load imb.: force  2.9%  pme mesh/force 0.593
           Step           Time
          11700       23.40000

   Energies (kJ/mol)
       G96Angle    Proper Dih.  Improper Dih.          LJ-14     Coulomb-14
    1.24387e+04    1.02728e+04    7.09222e+02   -8.96976e+02    1.71626e+04
        LJ (SR)  Disper. corr.   Coulomb (SR)   Coul. recip.      Potential
   -3.10707e+04   -1.05137e+03   -1.49111e+05    1.75753e+03   -1.39789e+05
    Kinetic En.   Total Energy  Conserved En.    Temperature Pres. DC (bar)
    1.68067e+04   -1.22982e+05   -7.99590e+04    3.00868e+02   -2.74575e+01
 Pressure (bar)   Constr. rmsd
   -1.05036e+02    4.83885e-06


DD  step 11799  vol min/aver 0.285  load imb.: force  3.1%  pme mesh/force 0.600
           Step           Time
          11800       23.60000

   Energies (kJ/mol)
       G96Angle    Proper Dih.  Improper Dih.          LJ-14     Coulomb-14
    1.26472e+04    1.03389e+04    7.91914e+02   -9.58958e+02    1.73547e+04
        LJ (SR)  Disper. corr.   Coulomb (SR)   Coul. recip.      Potential
   -3.10184e+04   -1.05137e+03   -1.49338e+05    1.69349e+03   -1.39540e+05
    Kinetic En.   Total Energy  Conserved En.    Temperature Pres. DC (bar)
    1.65974e+04   -1.22943e+05   -7.99580e+04    2.97122e+02   -2.74575e+01
 Pressure (bar)   Constr. rmsd
   -1.66075e+02    4.88880e-06


DD  step 11899  vol min/aver 0.285  load imb.: force  3.1%  pme mesh/force 0.685
           Step           Time
          11900       23.80000

   Energies (kJ/mol)
       G96Angle    Proper Dih.  Improper Dih.          LJ-14     Coulomb-14
    1.25944e+04    1.05281e+04    8.44262e+02   -1.00264e+03    1.71916e+04
        LJ (SR)  Disper. corr.   Coulomb (SR)   Coul. recip.      Potential
   -3.08365e+04   -1.05137e+03   -1.49169e+05    1.72287e+03   -1.39178e+05
    Kinetic En.   Total Energy  Conserved En.    Temperature Pres. DC (bar)
    1.67170e+04   -1.22461e+05   -7.99558e+04    2.99262e+02   -2.74575e+01
 Pressure (bar)   Constr. rmsd
   -1.80075e+02    5.04728e-06


DD  step 11999  vol min/aver 0.283  load imb.: force  3.3%  pme mesh/force 0.634
           Step           Time
          12000       24.00000

   Energies (kJ/mol)
       G96Angle    Proper Dih.  Improper Dih.          LJ-14     Coulomb-14
    1.30269e+04    1.03968e+04    6.80740e+02   -9.12350e+02    1.71381e+04
        LJ (SR)  Disper. corr.   Coulomb (SR)   Coul. recip.      Potential
   -3.10267e+04   -1.05137e+03   -1.48973e+05    1.75819e+03   -1.38963e+05
    Kinetic En.   Total Energy  Conserved En.    Temperature Pres. DC (bar)
    1.65808e+04   -1.22382e+05   -7.99560e+04    2.96823e+02   -2.74575e+01
 Pressure (bar)   Constr. rmsd
   -1.62404e+02    4.78141e-06


DD  step 12099  vol min/aver 0.284  load imb.: force  5.6%  pme mesh/force 0.668
           Step           Time
          12100       24.20000

   Energies (kJ/mol)
       G96Angle    Proper Dih.  Improper Dih.          LJ-14     Coulomb-14
    1.28025e+04    1.03764e+04    7.01191e+02   -8.88599e+02    1.70407e+04
        LJ (SR)  Disper. corr.   Coulomb (SR)   Coul. recip.      Potential
   -3.09530e+04   -1.05137e+03   -1.49086e+05    1.75572e+03   -1.39303e+05
    Kinetic En.   Total Energy  Conserved En.    Temperature Pres. DC (bar)
    1.65983e+04   -1.22705e+05   -7.99568e+04    2.97138e+02   -2.74575e+01
 Pressure (bar)   Constr. rmsd
   -5.05858e+01    4.73940e-06


DD  step 12199  vol min/aver 0.288  load imb.: force  4.6%  pme mesh/force 0.702
           Step           Time
          12200       24.40000

   Energies (kJ/mol)
       G96Angle    Proper Dih.  Improper Dih.          LJ-14     Coulomb-14
    1.27663e+04    1.04629e+04    6.71200e+02   -8.97116e+02    1.67976e+04
        LJ (SR)  Disper. corr.   Coulomb (SR)   Coul. recip.      Potential
   -3.10601e+04   -1.05137e+03   -1.48874e+05    1.77580e+03   -1.39409e+05
    Kinetic En.   Total Energy  Conserved En.    Temperature Pres. DC (bar)
    1.70419e+04   -1.22367e+05   -7.99576e+04    3.05079e+02   -2.74575e+01
 Pressure (bar)   Constr. rmsd
   -1.14872e+02    4.92370e-06


DD  step 12299  vol min/aver 0.287  load imb.: force  1.9%  pme mesh/force 0.630
           Step           Time
          12300       24.60000

   Energies (kJ/mol)
       G96Angle    Proper Dih.  Improper Dih.          LJ-14     Coulomb-14
    1.25764e+04    1.05152e+04    8.04529e+02   -9.68362e+02    1.72114e+04
        LJ (SR)  Disper. corr.   Coulomb (SR)   Coul. recip.      Potential
   -3.10892e+04   -1.05137e+03   -1.49189e+05    1.75702e+03   -1.39434e+05
    Kinetic En.   Total Energy  Conserved En.    Temperature Pres. DC (bar)
    1.68607e+04   -1.22573e+05   -7.99580e+04    3.01834e+02   -2.74575e+01
 Pressure (bar)   Constr. rmsd
   -8.88225e+01    4.72068e-06


DD  step 12399  vol min/aver 0.284  load imb.: force  2.9%  pme mesh/force 0.726
           Step           Time
          12400       24.80000

   Energies (kJ/mol)
       G96Angle    Proper Dih.  Improper Dih.          LJ-14     Coulomb-14
    1.29557e+04    1.05052e+04    7.27929e+02   -9.71035e+02    1.67794e+04
        LJ (SR)  Disper. corr.   Coulomb (SR)   Coul. recip.      Potential
   -3.09928e+04   -1.05137e+03   -1.49120e+05    1.73833e+03   -1.39428e+05
    Kinetic En.   Total Energy  Conserved En.    Temperature Pres. DC (bar)
    1.68832e+04   -1.22545e+05   -7.99575e+04    3.02238e+02   -2.74575e+01
 Pressure (bar)   Constr. rmsd
   -1.92231e+02    5.14220e-06


DD  step 12499  vol min/aver 0.282  load imb.: force  2.5%  pme mesh/force 0.636
           Step           Time
          12500       25.00000

   Energies (kJ/mol)
       G96Angle    Proper Dih.  Improper Dih.          LJ-14     Coulomb-14
    1.25068e+04    1.03236e+04    7.35250e+02   -9.77279e+02    1.74192e+04
        LJ (SR)  Disper. corr.   Coulomb (SR)   Coul. recip.      Potential
   -3.10336e+04   -1.05137e+03   -1.49101e+05    1.78230e+03   -1.39396e+05
    Kinetic En.   Total Energy  Conserved En.    Temperature Pres. DC (bar)
    1.66000e+04   -1.22796e+05   -7.99564e+04    2.97168e+02   -2.74575e+01
 Pressure (bar)   Constr. rmsd
   -6.29228e+01    4.66919e-06


DD  step 12599  vol min/aver 0.277  load imb.: force  3.2%  pme mesh/force 0.633
           Step           Time
          12600       25.20000

   Energies (kJ/mol)
       G96Angle    Proper Dih.  Improper Dih.          LJ-14     Coulomb-14
    1.26562e+04    1.03934e+04    7.12747e+02   -8.50179e+02    1.72136e+04
        LJ (SR)  Disper. corr.   Coulomb (SR)   Coul. recip.      Potential
   -3.12266e+04   -1.05137e+03   -1.49036e+05    1.82506e+03   -1.39363e+05
    Kinetic En.   Total Energy  Conserved En.    Temperature Pres. DC (bar)
    1.68603e+04   -1.22503e+05   -7.99585e+04    3.01827e+02   -2.74575e+01
 Pressure (bar)   Constr. rmsd
   -6.26675e+01    4.85219e-06


DD  step 12699  vol min/aver 0.275  load imb.: force  3.0%  pme mesh/force 0.612
           Step           Time
          12700       25.40000

   Energies (kJ/mol)
       G96Angle    Proper Dih.  Improper Dih.          LJ-14     Coulomb-14
    1.26320e+04    1.04999e+04    6.63353e+02   -9.38095e+02    1.70694e+04
        LJ (SR)  Disper. corr.   Coulomb (SR)   Coul. recip.      Potential
   -3.11944e+04   -1.05137e+03   -1.48944e+05    1.79384e+03   -1.39469e+05
    Kinetic En.   Total Energy  Conserved En.    Temperature Pres. DC (bar)
    1.67612e+04   -1.22708e+05   -7.99558e+04    3.00053e+02   -2.74575e+01
 Pressure (bar)   Constr. rmsd
   -9.63250e+01    5.02814e-06


DD  step 12799  vol min/aver 0.271  load imb.: force  2.7%  pme mesh/force 0.611
           Step           Time
          12800       25.60000

   Energies (kJ/mol)
       G96Angle    Proper Dih.  Improper Dih.          LJ-14     Coulomb-14
    1.26654e+04    1.02545e+04    7.35614e+02   -1.11705e+03    1.74636e+04
        LJ (SR)  Disper. corr.   Coulomb (SR)   Coul. recip.      Potential
   -3.07759e+04   -1.05137e+03   -1.49266e+05    1.75400e+03   -1.39337e+05
    Kinetic En.   Total Energy  Conserved En.    Temperature Pres. DC (bar)
    1.71506e+04   -1.22187e+05   -7.99554e+04    3.07025e+02   -2.74575e+01
 Pressure (bar)   Constr. rmsd
   -4.42104e+01    4.77733e-06


DD  step 12899  vol min/aver 0.270  load imb.: force  4.6%  pme mesh/force 0.563
           Step           Time
          12900       25.80000

   Energies (kJ/mol)
       G96Angle    Proper Dih.  Improper Dih.          LJ-14     Coulomb-14
    1.30558e+04    1.04972e+04    7.19274e+02   -8.16288e+02    1.68493e+04
        LJ (SR)  Disper. corr.   Coulomb (SR)   Coul. recip.      Potential
   -3.12575e+04   -1.05137e+03   -1.49222e+05    1.80624e+03   -1.39420e+05
    Kinetic En.   Total Energy  Conserved En.    Temperature Pres. DC (bar)
    1.67790e+04   -1.22641e+05   -7.99557e+04    3.00373e+02   -2.74575e+01
 Pressure (bar)   Constr. rmsd
   -1.09793e+02    4.92684e-06


DD  step 12999  vol min/aver 0.272  load imb.: force  3.5%  pme mesh/force 0.588
           Step           Time
          13000       26.00000

   Energies (kJ/mol)
       G96Angle    Proper Dih.  Improper Dih.          LJ-14     Coulomb-14
    1.26028e+04    1.03425e+04    7.16989e+02   -8.63352e+02    1.73490e+04
        LJ (SR)  Disper. corr.   Coulomb (SR)   Coul. recip.      Potential
   -3.11350e+04   -1.05137e+03   -1.49298e+05    1.80612e+03   -1.39530e+05
    Kinetic En.   Total Energy  Conserved En.    Temperature Pres. DC (bar)
    1.67548e+04   -1.22776e+05   -7.99582e+04    2.99939e+02   -2.74575e+01
 Pressure (bar)   Constr. rmsd
   -1.09701e+02    4.71352e-06


DD  step 13099  vol min/aver 0.273  load imb.: force  5.8%  pme mesh/force 0.574
           Step           Time
          13100       26.20000

   Energies (kJ/mol)
       G96Angle    Proper Dih.  Improper Dih.          LJ-14     Coulomb-14
    1.27017e+04    1.02614e+04    7.80554e+02   -1.06119e+03    1.67856e+04
        LJ (SR)  Disper. corr.   Coulomb (SR)   Coul. recip.      Potential
   -3.12650e+04   -1.05137e+03   -1.48806e+05    1.78138e+03   -1.39873e+05
    Kinetic En.   Total Energy  Conserved En.    Temperature Pres. DC (bar)
    1.67186e+04   -1.23155e+05   -7.99561e+04    2.99290e+02   -2.74575e+01
 Pressure (bar)   Constr. rmsd
   -1.37686e+02    5.07593e-06


DD  step 13199  vol min/aver 0.272  load imb.: force  4.3%  pme mesh/force 0.611
           Step           Time
          13200       26.40000

   Energies (kJ/mol)
       G96Angle    Proper Dih.  Improper Dih.          LJ-14     Coulomb-14
    1.27882e+04    1.01135e+04    8.17268e+02   -8.37594e+02    1.72118e+04
        LJ (SR)  Disper. corr.   Coulomb (SR)   Coul. recip.      Potential
   -3.12917e+04   -1.05137e+03   -1.49088e+05    1.75376e+03   -1.39584e+05
    Kinetic En.   Total Energy  Conserved En.    Temperature Pres. DC (bar)
    1.69314e+04   -1.22653e+05   -7.99541e+04    3.03100e+02   -2.74575e+01
 Pressure (bar)   Constr. rmsd
   -1.00580e+02    4.91677e-06


DD  step 13299  vol min/aver 0.269  load imb.: force  3.8%  pme mesh/force 0.584
           Step           Time
          13300       26.60000

   Energies (kJ/mol)
       G96Angle    Proper Dih.  Improper Dih.          LJ-14     Coulomb-14
    1.24407e+04    1.04783e+04    6.77862e+02   -9.08218e+02    1.70633e+04
        LJ (SR)  Disper. corr.   Coulomb (SR)   Coul. recip.      Potential
   -3.14450e+04   -1.05137e+03   -1.48936e+05    1.76281e+03   -1.39917e+05
    Kinetic En.   Total Energy  Conserved En.    Temperature Pres. DC (bar)
    1.67359e+04   -1.23182e+05   -7.99564e+04    2.99601e+02   -2.74575e+01
 Pressure (bar)   Constr. rmsd
   -9.49390e+01    5.00866e-06


DD  step 13399  vol min/aver 0.265  load imb.: force  4.5%  pme mesh/force 0.596
           Step           Time
          13400       26.80000

   Energies (kJ/mol)
       G96Angle    Proper Dih.  Improper Dih.          LJ-14     Coulomb-14
    1.29416e+04    1.00448e+04    7.82820e+02   -8.92311e+02    1.72107e+04
        LJ (SR)  Disper. corr.   Coulomb (SR)   Coul. recip.      Potential
   -3.14234e+04   -1.05137e+03   -1.49294e+05    1.73890e+03   -1.39942e+05
    Kinetic En.   Total Energy  Conserved En.    Temperature Pres. DC (bar)
    1.67010e+04   -1.23241e+05   -7.99537e+04    2.98976e+02   -2.74575e+01
 Pressure (bar)   Constr. rmsd
   -9.63959e+01    4.88869e-06


DD  step 13499  vol min/aver 0.263  load imb.: force  4.8%  pme mesh/force 0.585
           Step           Time
          13500       27.00000

   Energies (kJ/mol)
       G96Angle    Proper Dih.  Improper Dih.          LJ-14     Coulomb-14
    1.27457e+04    1.02521e+04    7.05589e+02   -9.99404e+02    1.72691e+04
        LJ (SR)  Disper. corr.   Coulomb (SR)   Coul. recip.      Potential
   -3.12182e+04   -1.05137e+03   -1.49152e+05    1.74509e+03   -1.39703e+05
    Kinetic En.   Total Energy  Conserved En.    Temperature Pres. DC (bar)
    1.68996e+04   -1.22804e+05   -7.99556e+04    3.02530e+02   -2.74575e+01
 Pressure (bar)   Constr. rmsd
   -1.51353e+02    4.76242e-06


DD  step 13599  vol min/aver 0.264  load imb.: force  4.4%  pme mesh/force 0.598
           Step           Time
          13600       27.20000

   Energies (kJ/mol)
       G96Angle    Proper Dih.  Improper Dih.          LJ-14     Coulomb-14
    1.29013e+04    1.01483e+04    7.48717e+02   -7.84376e+02    1.66418e+04
        LJ (SR)  Disper. corr.   Coulomb (SR)   Coul. recip.      Potential
   -3.12372e+04   -1.05137e+03   -1.48837e+05    1.82909e+03   -1.39641e+05
    Kinetic En.   Total Energy  Conserved En.    Temperature Pres. DC (bar)
    1.68296e+04   -1.22812e+05   -7.99546e+04    3.01278e+02   -2.74575e+01
 Pressure (bar)   Constr. rmsd
   -1.74441e+02    5.00700e-06


DD  step 13699  vol min/aver 0.263  load imb.: force  3.1%  pme mesh/force 0.605
           Step           Time
          13700       27.40000

   Energies (kJ/mol)
       G96Angle    Proper Dih.  Improper Dih.          LJ-14     Coulomb-14
    1.26257e+04    1.04343e+04    7.37182e+02   -8.30109e+02    1.70668e+04
        LJ (SR)  Disper. corr.   Coulomb (SR)   Coul. recip.      Potential
   -3.12825e+04   -1.05137e+03   -1.49203e+05    1.73253e+03   -1.39771e+05
    Kinetic En.   Total Energy  Conserved En.    Temperature Pres. DC (bar)
    1.70151e+04   -1.22756e+05   -7.99558e+04    3.04599e+02   -2.74575e+01
 Pressure (bar)   Constr. rmsd
   -1.35591e+02    4.95754e-06


DD  step 13799  vol min/aver 0.260  load imb.: force  3.6%  pme mesh/force 0.640
           Step           Time
          13800       27.60000

   Energies (kJ/mol)
       G96Angle    Proper Dih.  Improper Dih.          LJ-14     Coulomb-14
    1.27037e+04    1.03901e+04    7.32746e+02   -9.87720e+02    1.69786e+04
        LJ (SR)  Disper. corr.   Coulomb (SR)   Coul. recip.      Potential
   -3.12214e+04   -1.05137e+03   -1.49079e+05    1.79118e+03   -1.39743e+05
    Kinetic En.   Total Energy  Conserved En.    Temperature Pres. DC (bar)
    1.65223e+04   -1.23221e+05   -7.99566e+04    2.95777e+02   -2.74575e+01
 Pressure (bar)   Constr. rmsd
   -1.41703e+02    4.86635e-06


DD  step 13899  vol min/aver 0.255  load imb.: force  5.6%  pme mesh/force 0.556
           Step           Time
          13900       27.80000

   Energies (kJ/mol)
       G96Angle    Proper Dih.  Improper Dih.          LJ-14     Coulomb-14
    1.27831e+04    1.03099e+04    7.01062e+02   -8.45819e+02    1.70064e+04
        LJ (SR)  Disper. corr.   Coulomb (SR)   Coul. recip.      Potential
   -3.12529e+04   -1.05137e+03   -1.49314e+05    1.69209e+03   -1.39972e+05
    Kinetic En.   Total Energy  Conserved En.    Temperature Pres. DC (bar)
    1.64160e+04   -1.23556e+05   -7.99544e+04    2.93874e+02   -2.74575e+01
 Pressure (bar)   Constr. rmsd
   -4.82211e+01    4.31932e-06


DD  step 13999  vol min/aver 0.257  load imb.: force  2.2%  pme mesh/force 0.648
           Step           Time
          14000       28.00000

   Energies (kJ/mol)
       G96Angle    Proper Dih.  Improper Dih.          LJ-14     Coulomb-14
    1.28571e+04    1.03370e+04    7.32562e+02   -1.11550e+03    1.73141e+04
        LJ (SR)  Disper. corr.   Coulomb (SR)   Coul. recip.      Potential
   -3.10238e+04   -1.05137e+03   -1.49298e+05    1.71105e+03   -1.39536e+05
    Kinetic En.   Total Energy  Conserved En.    Temperature Pres. DC (bar)
    1.63070e+04   -1.23229e+05   -7.99530e+04    2.91922e+02   -2.74575e+01
 Pressure (bar)   Constr. rmsd
   -1.17307e+02    4.66454e-06


DD  step 14099  vol min/aver 0.254  load imb.: force  2.9%  pme mesh/force 0.620
           Step           Time
          14100       28.20000

   Energies (kJ/mol)
       G96Angle    Proper Dih.  Improper Dih.          LJ-14     Coulomb-14
    1.24588e+04    1.03369e+04    7.74906e+02   -1.03016e+03    1.72448e+04
        LJ (SR)  Disper. corr.   Coulomb (SR)   Coul. recip.      Potential
   -3.13727e+04   -1.05137e+03   -1.49075e+05    1.80578e+03   -1.39908e+05
    Kinetic En.   Total Energy  Conserved En.    Temperature Pres. DC (bar)
    1.67953e+04   -1.23113e+05   -7.99582e+04    3.00664e+02   -2.74575e+01
 Pressure (bar)   Constr. rmsd
   -1.40045e+02    4.64602e-06


DD  step 14199  vol min/aver 0.249  load imb.: force  2.8%  pme mesh/force 0.587
           Step           Time
          14200       28.40000

   Energies (kJ/mol)
       G96Angle    Proper Dih.  Improper Dih.          LJ-14     Coulomb-14
    1.29578e+04    1.03018e+04    6.62057e+02   -8.56145e+02    1.69893e+04
        LJ (SR)  Disper. corr.   Coulomb (SR)   Coul. recip.      Potential
   -3.11907e+04   -1.05137e+03   -1.49091e+05    1.80837e+03   -1.39469e+05
    Kinetic En.   Total Energy  Conserved En.    Temperature Pres. DC (bar)
    1.67733e+04   -1.22696e+05   -7.99544e+04    3.00270e+02   -2.74575e+01
 Pressure (bar)   Constr. rmsd
   -2.30028e+02    4.94151e-06


DD  step 14299  vol min/aver 0.246  load imb.: force  2.4%  pme mesh/force 0.593
           Step           Time
          14300       28.60000

   Energies (kJ/mol)
       G96Angle    Proper Dih.  Improper Dih.          LJ-14     Coulomb-14
    1.30852e+04    1.03811e+04    6.39943e+02   -8.48429e+02    1.67339e+04
        LJ (SR)  Disper. corr.   Coulomb (SR)   Coul. recip.      Potential
   -3.12775e+04   -1.05137e+03   -1.48872e+05    1.78687e+03   -1.39422e+05
    Kinetic En.   Total Energy  Conserved En.    Temperature Pres. DC (bar)
    1.69507e+04   -1.22472e+05   -7.99561e+04    3.03446e+02   -2.74575e+01
 Pressure (bar)   Constr. rmsd
   -9.87052e+01    5.07822e-06


DD  step 14399  vol min/aver 0.248  load imb.: force  2.5%  pme mesh/force 0.589
           Step           Time
          14400       28.80000

   Energies (kJ/mol)
       G96Angle    Proper Dih.  Improper Dih.          LJ-14     Coulomb-14
    1.32128e+04    1.02327e+04    6.68974e+02   -8.03830e+02    1.68422e+04
        LJ (SR)  Disper. corr.   Coulomb (SR)   Coul. recip.      Potential
   -3.11536e+04   -1.05137e+03   -1.49044e+05    1.76931e+03   -1.39327e+05
    Kinetic En.   Total Energy  Conserved En.    Temperature Pres. DC (bar)
    1.68521e+04   -1.22475e+05   -7.99529e+04    3.01680e+02   -2.74575e+01
 Pressure (bar)   Constr. rmsd
   -9.59648e+01    4.85456e-06


DD  step 14499  vol min/aver 0.249  load imb.: force  7.9%  pme mesh/force 0.560
           Step           Time
          14500       29.00000

   Energies (kJ/mol)
       G96Angle    Proper Dih.  Improper Dih.          LJ-14     Coulomb-14
    1.23651e+04    1.03405e+04    6.44355e+02   -1.09112e+03    1.75208e+04
        LJ (SR)  Disper. corr.   Coulomb (SR)   Coul. recip.      Potential
   -3.10213e+04   -1.05137e+03   -1.49267e+05    1.77892e+03   -1.39781e+05
    Kinetic En.   Total Energy  Conserved En.    Temperature Pres. DC (bar)
    1.70613e+04   -1.22720e+05   -7.99571e+04    3.05425e+02   -2.74575e+01
 Pressure (bar)   Constr. rmsd
   -1.68621e+02    5.05622e-06


DD  step 14599  vol min/aver 0.235  load imb.: force  4.5%  pme mesh/force 0.606
           Step           Time
          14600       29.20000

   Energies (kJ/mol)
       G96Angle    Proper Dih.  Improper Dih.          LJ-14     Coulomb-14
    1.27824e+04    1.04011e+04    7.07481e+02   -8.46119e+02    1.67267e+04
        LJ (SR)  Disper. corr.   Coulomb (SR)   Coul. recip.      Potential
   -3.11672e+04   -1.05137e+03   -1.48893e+05    1.74654e+03   -1.39593e+05
    Kinetic En.   Total Energy  Conserved En.    Temperature Pres. DC (bar)
    1.65805e+04   -1.23013e+05   -7.99544e+04    2.96818e+02   -2.74575e+01
 Pressure (bar)   Constr. rmsd
   -9.28471e+01    4.82882e-06


DD  step 14699  vol min/aver 0.239  load imb.: force  1.7%  pme mesh/force 0.659
           Step           Time
          14700       29.40000

   Energies (kJ/mol)
       G96Angle    Proper Dih.  Improper Dih.          LJ-14     Coulomb-14
    1.27815e+04    1.01959e+04    7.29383e+02   -8.24231e+02    1.69370e+04
        LJ (SR)  Disper. corr.   Coulomb (SR)   Coul. recip.      Potential
   -3.11877e+04   -1.05137e+03   -1.49119e+05    1.79284e+03   -1.39746e+05
    Kinetic En.   Total Energy  Conserved En.    Temperature Pres. DC (bar)
    1.68188e+04   -1.22927e+05   -7.99520e+04    3.01085e+02   -2.74575e+01
 Pressure (bar)   Constr. rmsd
   -1.28658e+02    4.80905e-06


DD  step 14799  vol min/aver 0.239  load imb.: force  4.3%  pme mesh/force 0.590
           Step           Time
          14800       29.60000

   Energies (kJ/mol)
       G96Angle    Proper Dih.  Improper Dih.          LJ-14     Coulomb-14
    1.28660e+04    1.01407e+04    7.13717e+02   -9.87704e+02    1.70068e+04
        LJ (SR)  Disper. corr.   Coulomb (SR)   Coul. recip.      Potential
   -3.12606e+04   -1.05137e+03   -1.49089e+05    1.81097e+03   -1.39851e+05
    Kinetic En.   Total Energy  Conserved En.    Temperature Pres. DC (bar)
    1.69249e+04   -1.22926e+05   -7.99521e+04    3.02984e+02   -2.74575e+01
 Pressure (bar)   Constr. rmsd
   -9.98388e+01    4.78490e-06


DD  step 14899  vol min/aver 0.245  load imb.: force  3.0%  pme mesh/force 0.593
           Step           Time
          14900       29.80000

   Energies (kJ/mol)
       G96Angle    Proper Dih.  Improper Dih.          LJ-14     Coulomb-14
    1.28042e+04    1.03815e+04    7.24209e+02   -1.02099e+03    1.71669e+04
        LJ (SR)  Disper. corr.   Coulomb (SR)   Coul. recip.      Potential
   -3.11864e+04   -1.05137e+03   -1.49138e+05    1.80772e+03   -1.39512e+05
    Kinetic En.   Total Energy  Conserved En.    Temperature Pres. DC (bar)
    1.68595e+04   -1.22652e+05   -7.99525e+04    3.01813e+02   -2.74575e+01
 Pressure (bar)   Constr. rmsd
   -1.09738e+02    4.89935e-06


DD  step 14999  vol min/aver 0.250  load imb.: force  5.0%  pme mesh/force 0.626
           Step           Time
          15000       30.00000

   Energies (kJ/mol)
       G96Angle    Proper Dih.  Improper Dih.          LJ-14     Coulomb-14
    1.27739e+04    1.03111e+04    7.34403e+02   -8.43519e+02    1.69342e+04
        LJ (SR)  Disper. corr.   Coulomb (SR)   Coul. recip.      Potential
   -3.13310e+04   -1.05137e+03   -1.48943e+05    1.81379e+03   -1.39601e+05
    Kinetic En.   Total Energy  Conserved En.    Temperature Pres. DC (bar)
    1.69153e+04   -1.22686e+05   -7.99525e+04    3.02812e+02   -2.74575e+01
 Pressure (bar)   Constr. rmsd
   -1.49168e+02    5.32396e-06


DD  step 15099  vol min/aver 0.254  load imb.: force  4.4%  pme mesh/force 0.588
           Step           Time
          15100       30.20000

   Energies (kJ/mol)
       G96Angle    Proper Dih.  Improper Dih.          LJ-14     Coulomb-14
    1.25336e+04    1.04489e+04    6.84081e+02   -9.45226e+02    1.71162e+04
        LJ (SR)  Disper. corr.   Coulomb (SR)   Coul. recip.      Potential
   -3.14789e+04   -1.05137e+03   -1.48793e+05    1.78385e+03   -1.39702e+05
    Kinetic En.   Total Energy  Conserved En.    Temperature Pres. DC (bar)
    1.68748e+04   -1.22827e+05   -7.99526e+04    3.02087e+02   -2.74575e+01
 Pressure (bar)   Constr. rmsd
   -1.67545e+02    5.00731e-06


DD  step 15199  vol min/aver 0.263  load imb.: force  2.3%  pme mesh/force 0.558
           Step           Time
          15200       30.40000

   Energies (kJ/mol)
       G96Angle    Proper Dih.  Improper Dih.          LJ-14     Coulomb-14
    1.26201e+04    1.05436e+04    6.96665e+02   -8.65567e+02    1.70729e+04
        LJ (SR)  Disper. corr.   Coulomb (SR)   Coul. recip.      Potential
   -3.12404e+04   -1.05137e+03   -1.49111e+05    1.74523e+03   -1.39590e+05
    Kinetic En.   Total Energy  Conserved En.    Temperature Pres. DC (bar)
    1.67348e+04   -1.22855e+05   -7.99521e+04    2.99580e+02   -2.74575e+01
 Pressure (bar)   Constr. rmsd
   -7.84293e+01    4.91899e-06


DD  step 15299  vol min/aver 0.265  load imb.: force  4.4%  pme mesh/force 0.591
           Step           Time
          15300       30.60000

   Energies (kJ/mol)
       G96Angle    Proper Dih.  Improper Dih.          LJ-14     Coulomb-14
    1.24961e+04    1.04005e+04    6.76814e+02   -9.07998e+02    1.69773e+04
        LJ (SR)  Disper. corr.   Coulomb (SR)   Coul. recip.      Potential
   -3.12147e+04   -1.05137e+03   -1.48988e+05    1.72960e+03   -1.39882e+05
    Kinetic En.   Total Energy  Conserved En.    Temperature Pres. DC (bar)
    1.67511e+04   -1.23131e+05   -7.99541e+04    2.99872e+02   -2.74575e+01
 Pressure (bar)   Constr. rmsd
    6.60781e+01    4.53087e-06


DD  step 15399  vol min/aver 0.264  load imb.: force  5.0%  pme mesh/force 0.587
           Step           Time
          15400       30.80000

   Energies (kJ/mol)
       G96Angle    Proper Dih.  Improper Dih.          LJ-14     Coulomb-14
    1.27367e+04    1.04579e+04    7.20957e+02   -8.18010e+02    1.69465e+04
        LJ (SR)  Disper. corr.   Coulomb (SR)   Coul. recip.      Potential
   -3.15064e+04   -1.05137e+03   -1.49090e+05    1.75155e+03   -1.39852e+05
    Kinetic En.   Total Energy  Conserved En.    Temperature Pres. DC (bar)
    1.67446e+04   -1.23107e+05   -7.99526e+04    2.99756e+02   -2.74575e+01
 Pressure (bar)   Constr. rmsd
   -4.58199e+01    4.57584e-06


DD  step 15499  vol min/aver 0.269  load imb.: force  3.4%  pme mesh/force 0.647
           Step           Time
          15500       31.00000

   Energies (kJ/mol)
       G96Angle    Proper Dih.  Improper Dih.          LJ-14     Coulomb-14
    1.28421e+04    1.02837e+04    6.75899e+02   -9.91532e+02    1.69541e+04
        LJ (SR)  Disper. corr.   Coulomb (SR)   Coul. recip.      Potential
   -3.11481e+04   -1.05137e+03   -1.49263e+05    1.73391e+03   -1.39964e+05
    Kinetic En.   Total Energy  Conserved En.    Temperature Pres. DC (bar)
    1.64656e+04   -1.23499e+05   -7.99517e+04    2.94762e+02   -2.74575e+01
 Pressure (bar)   Constr. rmsd
   -1.18911e+02    4.60018e-06


DD  step 15599  vol min/aver 0.273  load imb.: force  2.7%  pme mesh/force 0.607
           Step           Time
          15600       31.20000

   Energies (kJ/mol)
       G96Angle    Proper Dih.  Improper Dih.          LJ-14     Coulomb-14
    1.23506e+04    1.02900e+04    6.99792e+02   -9.60108e+02    1.70286e+04
        LJ (SR)  Disper. corr.   Coulomb (SR)   Coul. recip.      Potential
   -3.12965e+04   -1.05137e+03   -1.48971e+05    1.72127e+03   -1.40189e+05
    Kinetic En.   Total Energy  Conserved En.    Temperature Pres. DC (bar)
    1.68643e+04   -1.23324e+05   -7.99532e+04    3.01899e+02   -2.74575e+01
 Pressure (bar)   Constr. rmsd
   -1.19992e+02    5.00356e-06


DD  step 15699  vol min/aver 0.279  load imb.: force  3.4%  pme mesh/force 0.596
           Step           Time
          15700       31.40000

   Energies (kJ/mol)
       G96Angle    Proper Dih.  Improper Dih.          LJ-14     Coulomb-14
    1.25058e+04    1.03067e+04    6.51892e+02   -8.55414e+02    1.70018e+04
        LJ (SR)  Disper. corr.   Coulomb (SR)   Coul. recip.      Potential
   -3.14080e+04   -1.05137e+03   -1.49002e+05    1.76228e+03   -1.40089e+05
    Kinetic En.   Total Energy  Conserved En.    Temperature Pres. DC (bar)
    1.69191e+04   -1.23169e+05   -7.99516e+04    3.02881e+02   -2.74575e+01
 Pressure (bar)   Constr. rmsd
   -1.40256e+02    4.57491e-06


DD  step 15799  vol min/aver 0.280  load imb.: force  3.5%  pme mesh/force 0.596
           Step           Time
          15800       31.60000

   Energies (kJ/mol)
       G96Angle    Proper Dih.  Improper Dih.          LJ-14     Coulomb-14
    1.27408e+04    1.04053e+04    7.49050e+02   -9.29471e+02    1.68780e+04
        LJ (SR)  Disper. corr.   Coulomb (SR)   Coul. recip.      Potential
   -3.13199e+04   -1.05137e+03   -1.48876e+05    1.75890e+03   -1.39645e+05
    Kinetic En.   Total Energy  Conserved En.    Temperature Pres. DC (bar)
    1.69097e+04   -1.22735e+05   -7.99502e+04    3.02711e+02   -2.74575e+01
 Pressure (bar)   Constr. rmsd
   -1.19756e+02    4.88077e-06


DD  step 15899  vol min/aver 0.285  load imb.: force  4.2%  pme mesh/force 0.704
           Step           Time
          15900       31.80000

   Energies (kJ/mol)
       G96Angle    Proper Dih.  Improper Dih.          LJ-14     Coulomb-14
    1.28057e+04    1.03901e+04    6.67090e+02   -1.03720e+03    1.73275e+04
        LJ (SR)  Disper. corr.   Coulomb (SR)   Coul. recip.      Potential
   -3.12207e+04   -1.05137e+03   -1.49335e+05    1.76716e+03   -1.39687e+05
    Kinetic En.   Total Energy  Conserved En.    Temperature Pres. DC (bar)
    1.66444e+04   -1.23042e+05   -7.99502e+04    2.97963e+02   -2.74575e+01
 Pressure (bar)   Constr. rmsd
   -1.66501e+02    4.80461e-06


DD  step 15999  vol min/aver 0.289  load imb.: force  2.8%  pme mesh/force 0.629
           Step           Time
          16000       32.00000

   Energies (kJ/mol)
       G96Angle    Proper Dih.  Improper Dih.          LJ-14     Coulomb-14
    1.26791e+04    1.02407e+04    7.79087e+02   -9.77459e+02    1.71402e+04
        LJ (SR)  Disper. corr.   Coulomb (SR)   Coul. recip.      Potential
   -3.11993e+04   -1.05137e+03   -1.49193e+05    1.71798e+03   -1.39864e+05
    Kinetic En.   Total Energy  Conserved En.    Temperature Pres. DC (bar)
    1.70133e+04   -1.22851e+05   -7.99513e+04    3.04566e+02   -2.74575e+01
 Pressure (bar)   Constr. rmsd
   -8.66404e+01    4.84920e-06


DD  step 16099  vol min/aver 0.290  load imb.: force  3.5%  pme mesh/force 0.599
           Step           Time
          16100       32.20000

   Energies (kJ/mol)
       G96Angle    Proper Dih.  Improper Dih.          LJ-14     Coulomb-14
    1.22767e+04    1.02850e+04    7.30049e+02   -1.08239e+03    1.72883e+04
        LJ (SR)  Disper. corr.   Coulomb (SR)   Coul. recip.      Potential
   -3.12742e+04   -1.05137e+03   -1.49015e+05    1.71472e+03   -1.40128e+05
    Kinetic En.   Total Energy  Conserved En.    Temperature Pres. DC (bar)
    1.69507e+04   -1.23177e+05   -7.99513e+04    3.03446e+02   -2.74575e+01
 Pressure (bar)   Constr. rmsd
   -9.84365e+01    4.70521e-06


DD  step 16199  vol min/aver 0.292  load imb.: force  2.0%  pme mesh/force 0.628
           Step           Time
          16200       32.40000

   Energies (kJ/mol)
       G96Angle    Proper Dih.  Improper Dih.          LJ-14     Coulomb-14
    1.26773e+04    1.05082e+04    6.92590e+02   -1.17889e+03    1.73308e+04
        LJ (SR)  Disper. corr.   Coulomb (SR)   Coul. recip.      Potential
   -3.14204e+04   -1.05137e+03   -1.49384e+05    1.66799e+03   -1.40157e+05
    Kinetic En.   Total Energy  Conserved En.    Temperature Pres. DC (bar)
    1.70913e+04   -1.23066e+05   -7.99517e+04    3.05962e+02   -2.74575e+01
 Pressure (bar)   Constr. rmsd
   -1.66962e+02    4.70986e-06


DD  step 16299  vol min/aver 0.292  load imb.: force  2.0%  pme mesh/force 0.601
           Step           Time
          16300       32.60000

   Energies (kJ/mol)
       G96Angle    Proper Dih.  Improper Dih.          LJ-14     Coulomb-14
    1.29685e+04    1.02627e+04    7.28618e+02   -9.82249e+02    1.71932e+04
        LJ (SR)  Disper. corr.   Coulomb (SR)   Coul. recip.      Potential
   -3.14151e+04   -1.05137e+03   -1.49378e+05    1.73125e+03   -1.39942e+05
    Kinetic En.   Total Energy  Conserved En.    Temperature Pres. DC (bar)
    1.64384e+04   -1.23504e+05   -7.99481e+04    2.94275e+02   -2.74575e+01
 Pressure (bar)   Constr. rmsd
   -1.38323e+02    4.68630e-06


DD  step 16399  vol min/aver 0.292  load imb.: force  5.0%  pme mesh/force 0.687
           Step           Time
          16400       32.80000

   Energies (kJ/mol)
       G96Angle    Proper Dih.  Improper Dih.          LJ-14     Coulomb-14
    1.28210e+04    1.03197e+04    6.99927e+02   -1.09601e+03    1.69915e+04
        LJ (SR)  Disper. corr.   Coulomb (SR)   Coul. recip.      Potential
   -3.15100e+04   -1.05137e+03   -1.49109e+05    1.78168e+03   -1.40152e+05
    Kinetic En.   Total Energy  Conserved En.    Temperature Pres. DC (bar)
    1.65467e+04   -1.23606e+05   -7.99486e+04    2.96213e+02   -2.74575e+01
 Pressure (bar)   Constr. rmsd
   -2.80666e+02    4.94684e-06


DD  step 16499  vol min/aver 0.283  load imb.: force  3.5%  pme mesh/force 0.654
           Step           Time
          16500       33.00000

   Energies (kJ/mol)
       G96Angle    Proper Dih.  Improper Dih.          LJ-14     Coulomb-14
    1.26908e+04    1.03812e+04    7.21536e+02   -9.00762e+02    1.67368e+04
        LJ (SR)  Disper. corr.   Coulomb (SR)   Coul. recip.      Potential
   -3.12319e+04   -1.05137e+03   -1.48940e+05    1.72758e+03   -1.39867e+05
    Kinetic En.   Total Energy  Conserved En.    Temperature Pres. DC (bar)
    1.67964e+04   -1.23070e+05   -7.99490e+04    3.00684e+02   -2.74575e+01
 Pressure (bar)   Constr. rmsd
   -6.98601e+01    4.70055e-06


DD  step 16599  vol min/aver 0.281  load imb.: force  2.3%  pme mesh/force 0.625
           Step           Time
          16600       33.20000

   Energies (kJ/mol)
       G96Angle    Proper Dih.  Improper Dih.          LJ-14     Coulomb-14
    1.28916e+04    1.05759e+04    6.49201e+02   -1.07893e+03    1.72263e+04
        LJ (SR)  Disper. corr.   Coulomb (SR)   Coul. recip.      Potential
   -3.11714e+04   -1.05137e+03   -1.49532e+05    1.72258e+03   -1.39768e+05
    Kinetic En.   Total Energy  Conserved En.    Temperature Pres. DC (bar)
    1.67281e+04   -1.23040e+05   -7.99488e+04    2.99462e+02   -2.74575e+01
 Pressure (bar)   Constr. rmsd
   -1.17750e+02    4.89089e-06


DD  step 16699  vol min/aver 0.290  load imb.: force  3.8%  pme mesh/force 0.662
           Step           Time
          16700       33.40000

   Energies (kJ/mol)
       G96Angle    Proper Dih.  Improper Dih.          LJ-14     Coulomb-14
    1.24706e+04    1.02349e+04    7.56399e+02   -1.09480e+03    1.74521e+04
        LJ (SR)  Disper. corr.   Coulomb (SR)   Coul. recip.      Potential
   -3.15108e+04   -1.05137e+03   -1.49197e+05    1.76950e+03   -1.40170e+05
    Kinetic En.   Total Energy  Conserved En.    Temperature Pres. DC (bar)
    1.66616e+04   -1.23509e+05   -7.99496e+04    2.98270e+02   -2.74575e+01
 Pressure (bar)   Constr. rmsd
   -2.11526e+02    4.93292e-06


DD  step 16799  vol min/aver 0.297  load imb.: force  3.6%  pme mesh/force 0.571
           Step           Time
          16800       33.60000

   Energies (kJ/mol)
       G96Angle    Proper Dih.  Improper Dih.          LJ-14     Coulomb-14
    1.25112e+04    1.03482e+04    7.88244e+02   -9.21335e+02    1.72466e+04
        LJ (SR)  Disper. corr.   Coulomb (SR)   Coul. recip.      Potential
   -3.12389e+04   -1.05137e+03   -1.49377e+05    1.74803e+03   -1.39946e+05
    Kinetic En.   Total Energy  Conserved En.    Temperature Pres. DC (bar)
    1.67184e+04   -1.23228e+05   -7.99473e+04    2.99288e+02   -2.74575e+01
 Pressure (bar)   Constr. rmsd
   -2.03261e+01    4.69970e-06


DD  step 16899  vol min/aver 0.295  load imb.: force  5.5%  pme mesh/force 0.739
           Step           Time
          16900       33.80000

   Energies (kJ/mol)
       G96Angle    Proper Dih.  Improper Dih.          LJ-14     Coulomb-14
    1.28030e+04    1.01559e+04    7.09971e+02   -1.07564e+03    1.69035e+04
        LJ (SR)  Disper. corr.   Coulomb (SR)   Coul. recip.      Potential
   -3.13767e+04   -1.05137e+03   -1.48995e+05    1.78112e+03   -1.40145e+05
    Kinetic En.   Total Energy  Conserved En.    Temperature Pres. DC (bar)
    1.67046e+04   -1.23441e+05   -7.99497e+04    2.99041e+02   -2.74575e+01
 Pressure (bar)   Constr. rmsd
   -2.81705e+02    5.16621e-06


DD  step 16999  vol min/aver 0.298  load imb.: force  3.1%  pme mesh/force 0.623
           Step           Time
          17000       34.00000

   Energies (kJ/mol)
       G96Angle    Proper Dih.  Improper Dih.          LJ-14     Coulomb-14
    1.28068e+04    1.01624e+04    6.89930e+02   -9.55150e+02    1.68489e+04
        LJ (SR)  Disper. corr.   Coulomb (SR)   Coul. recip.      Potential
   -3.12583e+04   -1.05137e+03   -1.48996e+05    1.74732e+03   -1.40006e+05
    Kinetic En.   Total Energy  Conserved En.    Temperature Pres. DC (bar)
    1.67726e+04   -1.23233e+05   -7.99490e+04    3.00258e+02   -2.74575e+01
 Pressure (bar)   Constr. rmsd
   -1.20664e+02    5.02812e-06


DD  step 17099  vol min/aver 0.296  load imb.: force  3.0%  pme mesh/force 0.599
           Step           Time
          17100       34.20000

   Energies (kJ/mol)
       G96Angle    Proper Dih.  Improper Dih.          LJ-14     Coulomb-14
    1.25891e+04    1.03396e+04    7.11730e+02   -1.18514e+03    1.70516e+04
        LJ (SR)  Disper. corr.   Coulomb (SR)   Coul. recip.      Potential
   -3.12016e+04   -1.05137e+03   -1.49185e+05    1.70203e+03   -1.40230e+05
    Kinetic En.   Total Energy  Conserved En.    Temperature Pres. DC (bar)
    1.67734e+04   -1.23456e+05   -7.99506e+04    3.00272e+02   -2.74575e+01
 Pressure (bar)   Constr. rmsd
   -1.19304e+02    5.00968e-06


DD  step 17199  vol min/aver 0.296  load imb.: force  2.8%  pme mesh/force 0.617
           Step           Time
          17200       34.40000

   Energies (kJ/mol)
       G96Angle    Proper Dih.  Improper Dih.          LJ-14     Coulomb-14
    1.26188e+04    1.00561e+04    7.11466e+02   -1.10472e+03    1.72301e+04
        LJ (SR)  Disper. corr.   Coulomb (SR)   Coul. recip.      Potential
   -3.12912e+04   -1.05137e+03   -1.48958e+05    1.74677e+03   -1.40042e+05
    Kinetic En.   Total Energy  Conserved En.    Temperature Pres. DC (bar)
    1.66457e+04   -1.23396e+05   -7.99466e+04    2.97987e+02   -2.74575e+01
 Pressure (bar)   Constr. rmsd
   -1.66640e+02    4.72141e-06


DD  step 17299  vol min/aver 0.296  load imb.: force  4.3%  pme mesh/force 0.631
           Step           Time
          17300       34.60000

   Energies (kJ/mol)
       G96Angle    Proper Dih.  Improper Dih.          LJ-14     Coulomb-14
    1.27865e+04    1.00181e+04    6.85526e+02   -9.98512e+02    1.69367e+04
        LJ (SR)  Disper. corr.   Coulomb (SR)   Coul. recip.      Potential
   -3.12897e+04   -1.05137e+03   -1.48894e+05    1.72946e+03   -1.40077e+05
    Kinetic En.   Total Energy  Conserved En.    Temperature Pres. DC (bar)
    1.66509e+04   -1.23427e+05   -7.99478e+04    2.98078e+02   -2.74575e+01
 Pressure (bar)   Constr. rmsd
   -5.85106e+01    4.87715e-06


DD  step 17399  vol min/aver 0.299  load imb.: force  4.9%  pme mesh/force 0.768
           Step           Time
          17400       34.80000

   Energies (kJ/mol)
       G96Angle    Proper Dih.  Improper Dih.          LJ-14     Coulomb-14
    1.29834e+04    1.04017e+04    6.26728e+02   -1.00164e+03    1.65626e+04
        LJ (SR)  Disper. corr.   Coulomb (SR)   Coul. recip.      Potential
   -3.15035e+04   -1.05137e+03   -1.48613e+05    1.79700e+03   -1.39798e+05
    Kinetic En.   Total Energy  Conserved En.    Temperature Pres. DC (bar)
    1.66889e+04   -1.23109e+05   -7.99478e+04    2.98759e+02   -2.74575e+01
 Pressure (bar)   Constr. rmsd
   -9.55529e+01    4.75323e-06


DD  step 17499  vol min/aver 0.295  load imb.: force  3.1%  pme mesh/force 0.682
           Step           Time
          17500       35.00000

   Energies (kJ/mol)
       G96Angle    Proper Dih.  Improper Dih.          LJ-14     Coulomb-14
    1.29428e+04    1.03356e+04    6.98528e+02   -8.60287e+02    1.71477e+04
        LJ (SR)  Disper. corr.   Coulomb (SR)   Coul. recip.      Potential
   -3.15352e+04   -1.05137e+03   -1.49155e+05    1.77363e+03   -1.39704e+05
    Kinetic En.   Total Energy  Conserved En.    Temperature Pres. DC (bar)
    1.69370e+04   -1.22767e+05   -7.99476e+04    3.03201e+02   -2.74575e+01
 Pressure (bar)   Constr. rmsd
   -1.35709e+02    4.95108e-06


DD  step 17599  vol min/aver 0.296  load imb.: force  2.6%  pme mesh/force 0.696
           Step           Time
          17600       35.20000

   Energies (kJ/mol)
       G96Angle    Proper Dih.  Improper Dih.          LJ-14     Coulomb-14
    1.28659e+04    1.04002e+04    6.91992e+02   -1.12223e+03    1.71385e+04
        LJ (SR)  Disper. corr.   Coulomb (SR)   Coul. recip.      Potential
   -3.14223e+04   -1.05137e+03   -1.48972e+05    1.71469e+03   -1.39757e+05
    Kinetic En.   Total Energy  Conserved En.    Temperature Pres. DC (bar)
    1.69358e+04   -1.22821e+05   -7.99465e+04    3.03180e+02   -2.74575e+01
 Pressure (bar)   Constr. rmsd
   -9.70742e+01    4.95550e-06


DD  step 17699  vol min/aver 0.296  load imb.: force  3.2%  pme mesh/force 0.621
           Step           Time
          17700       35.40000

   Energies (kJ/mol)
       G96Angle    Proper Dih.  Improper Dih.          LJ-14     Coulomb-14
    1.32234e+04    1.00691e+04    6.67050e+02   -9.42318e+02    1.67359e+04
        LJ (SR)  Disper. corr.   Coulomb (SR)   Coul. recip.      Potential
   -3.13359e+04   -1.05137e+03   -1.48831e+05    1.73968e+03   -1.39725e+05
    Kinetic En.   Total Energy  Conserved En.    Temperature Pres. DC (bar)
    1.69529e+04   -1.22772e+05   -7.99455e+04    3.03485e+02   -2.74575e+01
 Pressure (bar)   Constr. rmsd
   -9.67829e+01    4.90176e-06


DD  step 17799  vol min/aver 0.292  load imb.: force  3.3%  pme mesh/force 0.726
           Step           Time
          17800       35.60000

   Energies (kJ/mol)
       G96Angle    Proper Dih.  Improper Dih.          LJ-14     Coulomb-14
    1.28465e+04    1.01600e+04    7.14169e+02   -1.00551e+03    1.71210e+04
        LJ (SR)  Disper. corr.   Coulomb (SR)   Coul. recip.      Potential
   -3.13618e+04   -1.05137e+03   -1.49162e+05    1.73945e+03   -1.40000e+05
    Kinetic En.   Total Energy  Conserved En.    Temperature Pres. DC (bar)
    1.63304e+04   -1.23669e+05   -7.99446e+04    2.92342e+02   -2.74575e+01
 Pressure (bar)   Constr. rmsd
   -6.65067e+01    4.54287e-06


DD  step 17899  vol min/aver 0.295  load imb.: force  6.3%  pme mesh/force 0.722
           Step           Time
          17900       35.80000

   Energies (kJ/mol)
       G96Angle    Proper Dih.  Improper Dih.          LJ-14     Coulomb-14
    1.26701e+04    1.02969e+04    7.51128e+02   -1.08616e+03    1.70361e+04
        LJ (SR)  Disper. corr.   Coulomb (SR)   Coul. recip.      Potential
   -3.12631e+04   -1.05137e+03   -1.49146e+05    1.77743e+03   -1.40015e+05
    Kinetic En.   Total Energy  Conserved En.    Temperature Pres. DC (bar)
    1.65829e+04   -1.23432e+05   -7.99471e+04    2.96862e+02   -2.74575e+01
 Pressure (bar)   Constr. rmsd
   -2.41510e+01    4.85750e-06


DD  step 17999  vol min/aver 0.301  load imb.: force  4.1%  pme mesh/force 0.671
           Step           Time
          18000       36.00000

   Energies (kJ/mol)
       G96Angle    Proper Dih.  Improper Dih.          LJ-14     Coulomb-14
    1.28626e+04    1.02455e+04    6.91973e+02   -1.06511e+03    1.72113e+04
        LJ (SR)  Disper. corr.   Coulomb (SR)   Coul. recip.      Potential
   -3.15128e+04   -1.05137e+03   -1.49068e+05    1.75786e+03   -1.39928e+05
    Kinetic En.   Total Energy  Conserved En.    Temperature Pres. DC (bar)
    1.66123e+04   -1.23315e+05   -7.99454e+04    2.97388e+02   -2.74575e+01
 Pressure (bar)   Constr. rmsd
   -2.21898e+02    4.98160e-06


DD  step 18099  vol min/aver 0.300  load imb.: force  3.3%  pme mesh/force 0.750
           Step           Time
          18100       36.20000

   Energies (kJ/mol)
       G96Angle    Proper Dih.  Improper Dih.          LJ-14     Coulomb-14
    1.29834e+04    1.04086e+04    7.58427e+02   -8.46347e+02    1.65329e+04
        LJ (SR)  Disper. corr.   Coulomb (SR)   Coul. recip.      Potential
   -3.14536e+04   -1.05137e+03   -1.48835e+05    1.69568e+03   -1.39807e+05
    Kinetic En.   Total Energy  Conserved En.    Temperature Pres. DC (bar)
    1.66210e+04   -1.23186e+05   -7.99472e+04    2.97544e+02   -2.74575e+01
 Pressure (bar)   Constr. rmsd
   -1.15585e+02    4.82769e-06


DD  step 18199  vol min/aver 0.307  load imb.: force  3.9%  pme mesh/force 0.687
           Step           Time
          18200       36.40000

   Energies (kJ/mol)
       G96Angle    Proper Dih.  Improper Dih.          LJ-14     Coulomb-14
    1.25615e+04    1.02901e+04    6.61872e+02   -9.36550e+02    1.74766e+04
        LJ (SR)  Disper. corr.   Coulomb (SR)   Coul. recip.      Potential
   -3.12793e+04   -1.05137e+03   -1.49309e+05    1.70990e+03   -1.39877e+05
    Kinetic En.   Total Energy  Conserved En.    Temperature Pres. DC (bar)
    1.66813e+04   -1.23195e+05   -7.99450e+04    2.98623e+02   -2.74575e+01
 Pressure (bar)   Constr. rmsd
    1.47464e+01    4.63744e-06


DD  step 18299  vol min/aver 0.310  load imb.: force  3.7%  pme mesh/force 0.755
           Step           Time
          18300       36.60000

   Energies (kJ/mol)
       G96Angle    Proper Dih.  Improper Dih.          LJ-14     Coulomb-14
    1.26602e+04    1.01204e+04    7.25086e+02   -1.01603e+03    1.71076e+04
        LJ (SR)  Disper. corr.   Coulomb (SR)   Coul. recip.      Potential
   -3.11309e+04   -1.05137e+03   -1.49142e+05    1.74298e+03   -1.39984e+05
    Kinetic En.   Total Energy  Conserved En.    Temperature Pres. DC (bar)
    1.67141e+04   -1.23270e+05   -7.99453e+04    2.99210e+02   -2.74575e+01
 Pressure (bar)   Constr. rmsd
   -7.26600e+01    4.95580e-06


DD  step 18399  vol min/aver 0.306  load imb.: force  3.7%  pme mesh/force 0.847
           Step           Time
          18400       36.80000

   Energies (kJ/mol)
       G96Angle    Proper Dih.  Improper Dih.          LJ-14     Coulomb-14
    1.28786e+04    1.01848e+04    7.29340e+02   -1.09437e+03    1.70152e+04
        LJ (SR)  Disper. corr.   Coulomb (SR)   Coul. recip.      Potential
   -3.13179e+04   -1.05137e+03   -1.49049e+05    1.78964e+03   -1.39915e+05
    Kinetic En.   Total Energy  Conserved En.    Temperature Pres. DC (bar)
    1.67767e+04   -1.23139e+05   -7.99464e+04    3.00332e+02   -2.74575e+01
 Pressure (bar)   Constr. rmsd
   -9.23545e+01    4.64676e-06


DD  step 18499  vol min/aver 0.298  load imb.: force  3.6%  pme mesh/force 0.861
           Step           Time
          18500       37.00000

   Energies (kJ/mol)
       G96Angle    Proper Dih.  Improper Dih.          LJ-14     Coulomb-14
    1.29084e+04    1.02962e+04    7.37485e+02   -9.15088e+02    1.68668e+04
        LJ (SR)  Disper. corr.   Coulomb (SR)   Coul. recip.      Potential
   -3.13477e+04   -1.05137e+03   -1.49055e+05    1.77025e+03   -1.39790e+05
    Kinetic En.   Total Energy  Conserved En.    Temperature Pres. DC (bar)
    1.67565e+04   -1.23033e+05   -7.99456e+04    2.99970e+02   -2.74575e+01
 Pressure (bar)   Constr. rmsd
   -1.30995e+01    4.53755e-06


DD  step 18599  vol min/aver 0.311  load imb.: force  3.5%  pme mesh/force 0.650
           Step           Time
          18600       37.20000

   Energies (kJ/mol)
       G96Angle    Proper Dih.  Improper Dih.          LJ-14     Coulomb-14
    1.26411e+04    1.03531e+04    7.77798e+02   -9.50430e+02    1.68182e+04
        LJ (SR)  Disper. corr.   Coulomb (SR)   Coul. recip.      Potential
   -3.13663e+04   -1.05137e+03   -1.49017e+05    1.73351e+03   -1.40061e+05
    Kinetic En.   Total Energy  Conserved En.    Temperature Pres. DC (bar)
    1.67700e+04   -1.23291e+05   -7.99445e+04    3.00210e+02   -2.74575e+01
 Pressure (bar)   Constr. rmsd
   -1.86669e+02    4.81456e-06


DD  step 18699  vol min/aver 0.305  load imb.: force  6.0%  pme mesh/force 0.675
           Step           Time
          18700       37.40000

   Energies (kJ/mol)
       G96Angle    Proper Dih.  Improper Dih.          LJ-14     Coulomb-14
    1.28226e+04    1.03574e+04    7.33578e+02   -1.06707e+03    1.74138e+04
        LJ (SR)  Disper. corr.   Coulomb (SR)   Coul. recip.      Potential
   -3.15376e+04   -1.05137e+03   -1.49234e+05    1.76963e+03   -1.39793e+05
    Kinetic En.   Total Energy  Conserved En.    Temperature Pres. DC (bar)
    1.66556e+04   -1.23138e+05   -7.99468e+04    2.98163e+02   -2.74575e+01
 Pressure (bar)   Constr. rmsd
   -1.76483e+02    4.67300e-06


DD  step 18799  vol min/aver 0.294  load imb.: force  4.7%  pme mesh/force 0.714
           Step           Time
          18800       37.60000

   Energies (kJ/mol)
       G96Angle    Proper Dih.  Improper Dih.          LJ-14     Coulomb-14
    1.27320e+04    1.02844e+04    7.24017e+02   -1.01272e+03    1.71868e+04
        LJ (SR)  Disper. corr.   Coulomb (SR)   Coul. recip.      Potential
   -3.12434e+04   -1.05137e+03   -1.49228e+05    1.76276e+03   -1.39845e+05
    Kinetic En.   Total Energy  Conserved En.    Temperature Pres. DC (bar)
    1.66577e+04   -1.23188e+05   -7.99457e+04    2.98200e+02   -2.74575e+01
 Pressure (bar)   Constr. rmsd
   -7.72136e+01    4.82151e-06


DD  step 18899  vol min/aver 0.292  load imb.: force  4.6%  pme mesh/force 0.670
           Step           Time
          18900       37.80000

   Energies (kJ/mol)
       G96Angle    Proper Dih.  Improper Dih.          LJ-14     Coulomb-14
    1.29033e+04    1.03172e+04    6.83882e+02   -8.65395e+02    1.66108e+04
        LJ (SR)  Disper. corr.   Coulomb (SR)   Coul. recip.      Potential
   -3.16375e+04   -1.05137e+03   -1.49074e+05    1.72455e+03   -1.40388e+05
    Kinetic En.   Total Energy  Conserved En.    Temperature Pres. DC (bar)
    1.68698e+04   -1.23519e+05   -7.99462e+04    3.01997e+02   -2.74575e+01
 Pressure (bar)   Constr. rmsd
   -1.74126e+02    4.96757e-06


DD  step 18999  vol min/aver 0.298  load imb.: force 24.7%  pme mesh/force 0.543
           Step           Time
          19000       38.00000

   Energies (kJ/mol)
       G96Angle    Proper Dih.  Improper Dih.          LJ-14     Coulomb-14
    1.26118e+04    1.03874e+04    6.41927e+02   -1.01495e+03    1.68212e+04
        LJ (SR)  Disper. corr.   Coulomb (SR)   Coul. recip.      Potential
   -3.14419e+04   -1.05137e+03   -1.48906e+05    1.73690e+03   -1.40215e+05
    Kinetic En.   Total Energy  Conserved En.    Temperature Pres. DC (bar)
    1.64403e+04   -1.23775e+05   -7.99447e+04    2.94308e+02   -2.74575e+01
 Pressure (bar)   Constr. rmsd
   -1.59046e+02    4.92981e-06


DD  step 19099  vol min/aver 0.286  load imb.: force  4.7%  pme mesh/force 0.710
           Step           Time
          19100       38.20000

   Energies (kJ/mol)
       G96Angle    Proper Dih.  Improper Dih.          LJ-14     Coulomb-14
    1.27890e+04    1.00268e+04    7.29532e+02   -9.92802e+02    1.73593e+04
        LJ (SR)  Disper. corr.   Coulomb (SR)   Coul. recip.      Potential
   -3.13661e+04   -1.05137e+03   -1.49274e+05    1.74873e+03   -1.40031e+05
    Kinetic En.   Total Energy  Conserved En.    Temperature Pres. DC (bar)
    1.65424e+04   -1.23488e+05   -7.99426e+04    2.96137e+02   -2.74575e+01
 Pressure (bar)   Constr. rmsd
   -4.61488e+01    4.40105e-06


DD  step 19199  vol min/aver 0.290  load imb.: force  3.2%  pme mesh/force 0.634
           Step           Time
          19200       38.40000

   Energies (kJ/mol)
       G96Angle    Proper Dih.  Improper Dih.          LJ-14     Coulomb-14
    1.28451e+04    1.01566e+04    7.76173e+02   -1.00184e+03    1.70427e+04
        LJ (SR)  Disper. corr.   Coulomb (SR)   Coul. recip.      Potential
   -3.15477e+04   -1.05137e+03   -1.48991e+05    1.77960e+03   -1.39991e+05
    Kinetic En.   Total Energy  Conserved En.    Temperature Pres. DC (bar)
    1.69863e+04   -1.23005e+05   -7.99441e+04    3.04083e+02   -2.74575e+01
 Pressure (bar)   Constr. rmsd
   -1.45960e+02    4.96525e-06


DD  step 19299  vol min/aver 0.291  load imb.: force  5.6%  pme mesh/force 0.673
           Step           Time
          19300       38.60000

   Energies (kJ/mol)
       G96Angle    Proper Dih.  Improper Dih.          LJ-14     Coulomb-14
    1.26817e+04    1.01186e+04    7.15439e+02   -1.05460e+03    1.70535e+04
        LJ (SR)  Disper. corr.   Coulomb (SR)   Coul. recip.      Potential
   -3.13680e+04   -1.05137e+03   -1.49031e+05    1.72420e+03   -1.40211e+05
    Kinetic En.   Total Energy  Conserved En.    Temperature Pres. DC (bar)
    1.69371e+04   -1.23274e+05   -7.99465e+04    3.03203e+02   -2.74575e+01
 Pressure (bar)   Constr. rmsd
   -8.63445e+01    4.71424e-06


DD  step 19399  vol min/aver 0.289  load imb.: force  5.8%  pme mesh/force 0.641
           Step           Time
          19400       38.80000

   Energies (kJ/mol)
       G96Angle    Proper Dih.  Improper Dih.          LJ-14     Coulomb-14
    1.28575e+04    1.03556e+04    7.47755e+02   -6.89181e+02    1.66869e+04
        LJ (SR)  Disper. corr.   Coulomb (SR)   Coul. recip.      Potential
   -3.15490e+04   -1.05137e+03   -1.49076e+05    1.70469e+03   -1.40013e+05
    Kinetic En.   Total Energy  Conserved En.    Temperature Pres. DC (bar)
    1.65317e+04   -1.23481e+05   -7.99418e+04    2.95945e+02   -2.74575e+01
 Pressure (bar)   Constr. rmsd
   -5.04034e+01    4.68522e-06


DD  step 19499  vol min/aver 0.288  load imb.: force  2.8%  pme mesh/force 0.642
           Step           Time
          19500       39.00000

   Energies (kJ/mol)
       G96Angle    Proper Dih.  Improper Dih.          LJ-14     Coulomb-14
    1.28885e+04    1.04430e+04    7.31775e+02   -1.11589e+03    1.69748e+04
        LJ (SR)  Disper. corr.   Coulomb (SR)   Coul. recip.      Potential
   -3.15048e+04   -1.05137e+03   -1.49016e+05    1.73634e+03   -1.39914e+05
    Kinetic En.   Total Energy  Conserved En.    Temperature Pres. DC (bar)
    1.68469e+04   -1.23067e+05   -7.99443e+04    3.01587e+02   -2.74575e+01
 Pressure (bar)   Constr. rmsd
   -1.50805e+02    4.76350e-06


DD  step 19599  vol min/aver 0.285  load imb.: force  1.9%  pme mesh/force 0.680
           Step           Time
          19600       39.20000

   Energies (kJ/mol)
       G96Angle    Proper Dih.  Improper Dih.          LJ-14     Coulomb-14
    1.28913e+04    1.02586e+04    7.62045e+02   -8.23892e+02    1.67198e+04
        LJ (SR)  Disper. corr.   Coulomb (SR)   Coul. recip.      Potential
   -3.13895e+04   -1.05137e+03   -1.49096e+05    1.72176e+03   -1.40007e+05
    Kinetic En.   Total Energy  Conserved En.    Temperature Pres. DC (bar)
    1.68433e+04   -1.23164e+05   -7.99405e+04    3.01523e+02   -2.74575e+01
 Pressure (bar)   Constr. rmsd
   -9.46197e+01    4.91517e-06


DD  step 19699  vol min/aver 0.282  load imb.: force  2.8%  pme mesh/force 0.645
           Step           Time
          19700       39.40000

   Energies (kJ/mol)
       G96Angle    Proper Dih.  Improper Dih.          LJ-14     Coulomb-14
    1.26995e+04    1.02054e+04    7.22979e+02   -1.02175e+03    1.68154e+04
        LJ (SR)  Disper. corr.   Coulomb (SR)   Coul. recip.      Potential
   -3.15388e+04   -1.05137e+03   -1.48759e+05    1.77317e+03   -1.40154e+05
    Kinetic En.   Total Energy  Conserved En.    Temperature Pres. DC (bar)
    1.72322e+04   -1.22922e+05   -7.99445e+04    3.08485e+02   -2.74575e+01
 Pressure (bar)   Constr. rmsd
   -9.98089e+01    4.73564e-06


DD  step 19799  vol min/aver 0.280  load imb.: force  2.6%  pme mesh/force 0.674
           Step           Time
          19800       39.60000

   Energies (kJ/mol)
       G96Angle    Proper Dih.  Improper Dih.          LJ-14     Coulomb-14
    1.29271e+04    1.02506e+04    7.12772e+02   -1.04685e+03    1.69328e+04
        LJ (SR)  Disper. corr.   Coulomb (SR)   Coul. recip.      Potential
   -3.15633e+04   -1.05137e+03   -1.49178e+05    1.74613e+03   -1.40270e+05
    Kinetic En.   Total Energy  Conserved En.    Temperature Pres. DC (bar)
    1.67257e+04   -1.23544e+05   -7.99428e+04    2.99419e+02   -2.74575e+01
 Pressure (bar)   Constr. rmsd
   -1.71493e+02    4.67656e-06


DD  step 19899  vol min/aver 0.282  load imb.: force  4.0%  pme mesh/force 0.669
           Step           Time
          19900       39.80000

   Energies (kJ/mol)
       G96Angle    Proper Dih.  Improper Dih.          LJ-14     Coulomb-14
    1.27333e+04    1.02352e+04    6.81339e+02   -1.00201e+03    1.66960e+04
        LJ (SR)  Disper. corr.   Coulomb (SR)   Coul. recip.      Potential
   -3.12610e+04   -1.05137e+03   -1.48998e+05    1.74094e+03   -1.40225e+05
    Kinetic En.   Total Energy  Conserved En.    Temperature Pres. DC (bar)
    1.71176e+04   -1.23108e+05   -7.99448e+04    3.06434e+02   -2.74575e+01
 Pressure (bar)   Constr. rmsd
   -1.22660e+02    5.02668e-06


DD  step 19999  vol min/aver 0.283  load imb.: force  2.4%  pme mesh/force 0.684
           Step           Time
          20000       40.00000

   Energies (kJ/mol)
       G96Angle    Proper Dih.  Improper Dih.          LJ-14     Coulomb-14
    1.28957e+04    1.01914e+04    6.67752e+02   -1.11923e+03    1.73217e+04
        LJ (SR)  Disper. corr.   Coulomb (SR)   Coul. recip.      Potential
   -3.14923e+04   -1.05137e+03   -1.49235e+05    1.70962e+03   -1.40112e+05
    Kinetic En.   Total Energy  Conserved En.    Temperature Pres. DC (bar)
    1.66322e+04   -1.23480e+05   -7.99411e+04    2.97745e+02   -2.74575e+01
 Pressure (bar)   Constr. rmsd
   -1.19976e+02    4.90124e-06


DD  step 20099  vol min/aver 0.284  load imb.: force  3.7%  pme mesh/force 0.625
           Step           Time
          20100       40.20000

   Energies (kJ/mol)
       G96Angle    Proper Dih.  Improper Dih.          LJ-14     Coulomb-14
    1.28330e+04    1.05291e+04    7.10782e+02   -1.12468e+03    1.69229e+04
        LJ (SR)  Disper. corr.   Coulomb (SR)   Coul. recip.      Potential
   -3.13859e+04   -1.05137e+03   -1.49326e+05    1.69353e+03   -1.40199e+05
    Kinetic En.   Total Energy  Conserved En.    Temperature Pres. DC (bar)
    1.66470e+04   -1.23552e+05   -7.99394e+04    2.98009e+02   -2.74575e+01
 Pressure (bar)   Constr. rmsd
   -1.04895e+02    4.95407e-06


DD  step 20199  vol min/aver 0.283  load imb.: force  2.0%  pme mesh/force 0.694
           Step           Time
          20200       40.40000

   Energies (kJ/mol)
       G96Angle    Proper Dih.  Improper Dih.          LJ-14     Coulomb-14
    1.26945e+04    1.03167e+04    7.14812e+02   -9.80401e+02    1.70839e+04
        LJ (SR)  Disper. corr.   Coulomb (SR)   Coul. recip.      Potential
   -3.14940e+04   -1.05137e+03   -1.49135e+05    1.76062e+03   -1.40090e+05
    Kinetic En.   Total Energy  Conserved En.    Temperature Pres. DC (bar)
    1.67041e+04   -1.23386e+05   -7.99425e+04    2.99031e+02   -2.74575e+01
 Pressure (bar)   Constr. rmsd
   -1.78512e+02    4.99301e-06


DD  step 20299  vol min/aver 0.286  load imb.: force  3.2%  pme mesh/force 0.688
           Step           Time
          20300       40.60000

   Energies (kJ/mol)
       G96Angle    Proper Dih.  Improper Dih.          LJ-14     Coulomb-14
    1.29299e+04    1.01499e+04    6.81125e+02   -7.79551e+02    1.68405e+04
        LJ (SR)  Disper. corr.   Coulomb (SR)   Coul. recip.      Potential
   -3.15124e+04   -1.05137e+03   -1.49480e+05    1.68651e+03   -1.40536e+05
    Kinetic En.   Total Energy  Conserved En.    Temperature Pres. DC (bar)
    1.71272e+04   -1.23409e+05   -7.99436e+04    3.06605e+02   -2.74575e+01
 Pressure (bar)   Constr. rmsd
   -6.14342e+01    5.23282e-06


DD  step 20399  vol min/aver 0.291  load imb.: force  2.5%  pme mesh/force 0.684
           Step           Time
          20400       40.80000

   Energies (kJ/mol)
       G96Angle    Proper Dih.  Improper Dih.          LJ-14     Coulomb-14
    1.27271e+04    1.00328e+04    7.41714e+02   -9.31214e+02    1.69868e+04
        LJ (SR)  Disper. corr.   Coulomb (SR)   Coul. recip.      Potential
   -3.15516e+04   -1.05137e+03   -1.49102e+05    1.71394e+03   -1.40434e+05
    Kinetic En.   Total Energy  Conserved En.    Temperature Pres. DC (bar)
    1.67794e+04   -1.23655e+05   -7.99415e+04    3.00380e+02   -2.74575e+01
 Pressure (bar)   Constr. rmsd
   -4.60838e+01    4.83259e-06


DD  step 20499  vol min/aver 0.288  load imb.: force  1.6%  pme mesh/force 0.621
           Step           Time
          20500       41.00000

   Energies (kJ/mol)
       G96Angle    Proper Dih.  Improper Dih.          LJ-14     Coulomb-14
    1.24576e+04    1.01874e+04    6.72097e+02   -1.08808e+03    1.72367e+04
        LJ (SR)  Disper. corr.   Coulomb (SR)   Coul. recip.      Potential
   -3.16148e+04   -1.05137e+03   -1.49199e+05    1.73326e+03   -1.40666e+05
    Kinetic En.   Total Energy  Conserved En.    Temperature Pres. DC (bar)
    1.65755e+04   -1.24090e+05   -7.99427e+04    2.96729e+02   -2.74575e+01
 Pressure (bar)   Constr. rmsd
   -1.08404e+02    4.75252e-06


DD  step 20599  vol min/aver 0.289  load imb.: force  3.3%  pme mesh/force 0.688
           Step           Time
          20600       41.20000

   Energies (kJ/mol)
       G96Angle    Proper Dih.  Improper Dih.          LJ-14     Coulomb-14
    1.26441e+04    1.01289e+04    7.99336e+02   -1.03301e+03    1.71732e+04
        LJ (SR)  Disper. corr.   Coulomb (SR)   Coul. recip.      Potential
   -3.14900e+04   -1.05137e+03   -1.49193e+05    1.71223e+03   -1.40310e+05
    Kinetic En.   Total Energy  Conserved En.    Temperature Pres. DC (bar)
    1.64547e+04   -1.23855e+05   -7.99394e+04    2.94567e+02   -2.74575e+01
 Pressure (bar)   Constr. rmsd
   -9.25297e+01    4.75221e-06


DD  step 20699  vol min/aver 0.300  load imb.: force  3.7%  pme mesh/force 0.613
           Step           Time
          20700       41.40000

   Energies (kJ/mol)
       G96Angle    Proper Dih.  Improper Dih.          LJ-14     Coulomb-14
    1.27593e+04    1.03599e+04    7.27659e+02   -9.36858e+02    1.67556e+04
        LJ (SR)  Disper. corr.   Coulomb (SR)   Coul. recip.      Potential
   -3.14893e+04   -1.05137e+03   -1.48939e+05    1.73449e+03   -1.40080e+05
    Kinetic En.   Total Energy  Conserved En.    Temperature Pres. DC (bar)
    1.68540e+04   -1.23226e+05   -7.99400e+04    3.01715e+02   -2.74575e+01
 Pressure (bar)   Constr. rmsd
   -1.07047e+02    4.85749e-06


DD  step 20799  vol min/aver 0.293  load imb.: force  3.6%  pme mesh/force 0.682
           Step           Time
          20800       41.60000

   Energies (kJ/mol)
       G96Angle    Proper Dih.  Improper Dih.          LJ-14     Coulomb-14
    1.27704e+04    1.04559e+04    7.48168e+02   -1.00532e+03    1.71345e+04
        LJ (SR)  Disper. corr.   Coulomb (SR)   Coul. recip.      Potential
   -3.14806e+04   -1.05137e+03   -1.49252e+05    1.69089e+03   -1.39989e+05
    Kinetic En.   Total Energy  Conserved En.    Temperature Pres. DC (bar)
    1.67821e+04   -1.23207e+05   -7.99384e+04    3.00428e+02   -2.74575e+01
 Pressure (bar)   Constr. rmsd
   -1.23193e+02    5.05793e-06


DD  step 20899  vol min/aver 0.292  load imb.: force  3.8%  pme mesh/force 0.623
           Step           Time
          20900       41.80000

   Energies (kJ/mol)
       G96Angle    Proper Dih.  Improper Dih.          LJ-14     Coulomb-14
    1.26889e+04    1.05010e+04    7.10284e+02   -9.96768e+02    1.70629e+04
        LJ (SR)  Disper. corr.   Coulomb (SR)   Coul. recip.      Potential
   -3.14772e+04   -1.05137e+03   -1.49232e+05    1.72021e+03   -1.40074e+05
    Kinetic En.   Total Energy  Conserved En.    Temperature Pres. DC (bar)
    1.65873e+04   -1.23486e+05   -7.99394e+04    2.96940e+02   -2.74575e+01
 Pressure (bar)   Constr. rmsd
   -1.12304e+02    4.77775e-06


DD  step 20999  vol min/aver 0.296  load imb.: force  3.1%  pme mesh/force 0.659
           Step           Time
          21000       42.00000

   Energies (kJ/mol)
       G96Angle    Proper Dih.  Improper Dih.          LJ-14     Coulomb-14
    1.27264e+04    1.04099e+04    7.73741e+02   -1.02517e+03    1.72862e+04
        LJ (SR)  Disper. corr.   Coulomb (SR)   Coul. recip.      Potential
   -3.14897e+04   -1.05137e+03   -1.49293e+05    1.75498e+03   -1.39908e+05
    Kinetic En.   Total Energy  Conserved En.    Temperature Pres. DC (bar)
    1.71269e+04   -1.22781e+05   -7.99424e+04    3.06600e+02   -2.74575e+01
 Pressure (bar)   Constr. rmsd
   -1.23476e+02    5.20108e-06


DD  step 21099  vol min/aver 0.294  load imb.: force  3.6%  pme mesh/force 0.661
           Step           Time
          21100       42.20000

   Energies (kJ/mol)
       G96Angle    Proper Dih.  Improper Dih.          LJ-14     Coulomb-14
    1.29846e+04    1.02701e+04    7.09974e+02   -9.50807e+02    1.70199e+04
        LJ (SR)  Disper. corr.   Coulomb (SR)   Coul. recip.      Potential
   -3.12301e+04   -1.05137e+03   -1.49166e+05    1.77933e+03   -1.39634e+05
    Kinetic En.   Total Energy  Conserved En.    Temperature Pres. DC (bar)
    1.69185e+04   -1.22715e+05   -7.99385e+04    3.02870e+02   -2.74575e+01
 Pressure (bar)   Constr. rmsd
   -5.91562e+01    4.59626e-06


DD  step 21199  vol min/aver 0.296  load imb.: force  5.0%  pme mesh/force 0.606
           Step           Time
          21200       42.40000

   Energies (kJ/mol)
       G96Angle    Proper Dih.  Improper Dih.          LJ-14     Coulomb-14
    1.28332e+04    1.04571e+04    7.20193e+02   -1.00750e+03    1.69382e+04
        LJ (SR)  Disper. corr.   Coulomb (SR)   Coul. recip.      Potential
   -3.13852e+04   -1.05137e+03   -1.49072e+05    1.73977e+03   -1.39828e+05
    Kinetic En.   Total Energy  Conserved En.    Temperature Pres. DC (bar)
    1.70005e+04   -1.22828e+05   -7.99413e+04    3.04338e+02   -2.74575e+01
 Pressure (bar)   Constr. rmsd
   -1.28608e+02    4.97812e-06


DD  step 21299  vol min/aver 0.290  load imb.: force  1.7%  pme mesh/force 0.653
           Step           Time
          21300       42.60000

   Energies (kJ/mol)
       G96Angle    Proper Dih.  Improper Dih.          LJ-14     Coulomb-14
    1.27027e+04    1.06219e+04    6.98601e+02   -1.10837e+03    1.70435e+04
        LJ (SR)  Disper. corr.   Coulomb (SR)   Coul. recip.      Potential
   -3.15277e+04   -1.05137e+03   -1.49077e+05    1.72511e+03   -1.39973e+05
    Kinetic En.   Total Energy  Conserved En.    Temperature Pres. DC (bar)
    1.69384e+04   -1.23035e+05   -7.99401e+04    3.03225e+02   -2.74575e+01
 Pressure (bar)   Constr. rmsd
   -1.87145e+02    4.88588e-06


DD  step 21399  vol min/aver 0.289  load imb.: force  4.5%  pme mesh/force 0.633
           Step           Time
          21400       42.80000

   Energies (kJ/mol)
       G96Angle    Proper Dih.  Improper Dih.          LJ-14     Coulomb-14
    1.24955e+04    1.04183e+04    7.30470e+02   -1.09736e+03    1.72156e+04
        LJ (SR)  Disper. corr.   Coulomb (SR)   Coul. recip.      Potential
   -3.13971e+04   -1.05137e+03   -1.49140e+05    1.76649e+03   -1.40060e+05
    Kinetic En.   Total Energy  Conserved En.    Temperature Pres. DC (bar)
    1.69031e+04   -1.23157e+05   -7.99411e+04    3.02594e+02   -2.74575e+01
 Pressure (bar)   Constr. rmsd
   -7.02447e+01    4.75014e-06


DD  step 21499  vol min/aver 0.291  load imb.: force  5.0%  pme mesh/force 0.641
           Step           Time
          21500       43.00000

   Energies (kJ/mol)
       G96Angle    Proper Dih.  Improper Dih.          LJ-14     Coulomb-14
    1.28734e+04    1.01248e+04    7.60933e+02   -8.48093e+02    1.70882e+04
        LJ (SR)  Disper. corr.   Coulomb (SR)   Coul. recip.      Potential
   -3.11241e+04   -1.05137e+03   -1.49169e+05    1.73938e+03   -1.39606e+05
    Kinetic En.   Total Energy  Conserved En.    Temperature Pres. DC (bar)
    1.64452e+04   -1.23161e+05   -7.99365e+04    2.94396e+02   -2.74575e+01
 Pressure (bar)   Constr. rmsd
   -1.11673e+02    4.59094e-06


DD  step 21599  vol min/aver 0.290  load imb.: force  4.7%  pme mesh/force 0.634
           Step           Time
          21600       43.20000

   Energies (kJ/mol)
       G96Angle    Proper Dih.  Improper Dih.          LJ-14     Coulomb-14
    1.26308e+04    1.02789e+04    6.92370e+02   -9.46698e+02    1.71241e+04
        LJ (SR)  Disper. corr.   Coulomb (SR)   Coul. recip.      Potential
   -3.12638e+04   -1.05137e+03   -1.49193e+05    1.70735e+03   -1.40022e+05
    Kinetic En.   Total Energy  Conserved En.    Temperature Pres. DC (bar)
    1.67853e+04   -1.23236e+05   -7.99393e+04    3.00485e+02   -2.74575e+01
 Pressure (bar)   Constr. rmsd
   -1.13675e+02    4.68948e-06


DD  step 21699  vol min/aver 0.294  load imb.: force  3.2%  pme mesh/force 0.693
           Step           Time
          21700       43.40000

   Energies (kJ/mol)
       G96Angle    Proper Dih.  Improper Dih.          LJ-14     Coulomb-14
    1.26469e+04    1.02324e+04    7.07171e+02   -1.15561e+03    1.70615e+04
        LJ (SR)  Disper. corr.   Coulomb (SR)   Coul. recip.      Potential
   -3.14147e+04   -1.05137e+03   -1.49104e+05    1.74595e+03   -1.40331e+05
    Kinetic En.   Total Energy  Conserved En.    Temperature Pres. DC (bar)
    1.68703e+04   -1.23461e+05   -7.99406e+04    3.02006e+02   -2.74575e+01
 Pressure (bar)   Constr. rmsd
   -1.09480e+02    4.74664e-06


DD  step 21799  vol min/aver 0.291  load imb.: force  4.2%  pme mesh/force 0.637
           Step           Time
          21800       43.60000

   Energies (kJ/mol)
       G96Angle    Proper Dih.  Improper Dih.          LJ-14     Coulomb-14
    1.26826e+04    1.02191e+04    7.70323e+02   -1.05179e+03    1.71130e+04
        LJ (SR)  Disper. corr.   Coulomb (SR)   Coul. recip.      Potential
   -3.11443e+04   -1.05137e+03   -1.49165e+05    1.70914e+03   -1.39918e+05
    Kinetic En.   Total Energy  Conserved En.    Temperature Pres. DC (bar)
    1.67325e+04   -1.23186e+05   -7.99382e+04    2.99540e+02   -2.74575e+01
 Pressure (bar)   Constr. rmsd
   -1.67290e+01    4.83715e-06


DD  step 21899  vol min/aver 0.291  load imb.: force  3.9%  pme mesh/force 0.698
           Step           Time
          21900       43.80000

   Energies (kJ/mol)
       G96Angle    Proper Dih.  Improper Dih.          LJ-14     Coulomb-14
    1.27523e+04    1.03441e+04    7.14281e+02   -9.87550e+02    1.67385e+04
        LJ (SR)  Disper. corr.   Coulomb (SR)   Coul. recip.      Potential
   -3.14116e+04   -1.05137e+03   -1.48938e+05    1.72702e+03   -1.40113e+05
    Kinetic En.   Total Energy  Conserved En.    Temperature Pres. DC (bar)
    1.62635e+04   -1.23849e+05   -7.99371e+04    2.91144e+02   -2.74575e+01
 Pressure (bar)   Constr. rmsd
   -1.23843e+02    4.60202e-06


DD  step 21999  vol min/aver 0.290  load imb.: force  3.6%  pme mesh/force 0.649
           Step           Time
          22000       44.00000

   Energies (kJ/mol)
       G96Angle    Proper Dih.  Improper Dih.          LJ-14     Coulomb-14
    1.22538e+04    1.04303e+04    7.88689e+02   -1.22005e+03    1.74976e+04
        LJ (SR)  Disper. corr.   Coulomb (SR)   Coul. recip.      Potential
   -3.14017e+04   -1.05137e+03   -1.49373e+05    1.72070e+03   -1.40355e+05
    Kinetic En.   Total Energy  Conserved En.    Temperature Pres. DC (bar)
    1.66255e+04   -1.23730e+05   -7.99394e+04    2.97624e+02   -2.74575e+01
 Pressure (bar)   Constr. rmsd
   -1.32376e+02    4.68282e-06


DD  step 22099  vol min/aver 0.292  load imb.: force  4.8%  pme mesh/force 0.630
           Step           Time
          22100       44.20000

   Energies (kJ/mol)
       G96Angle    Proper Dih.  Improper Dih.          LJ-14     Coulomb-14
    1.26812e+04    1.00792e+04    7.09178e+02   -8.83975e+02    1.66941e+04
        LJ (SR)  Disper. corr.   Coulomb (SR)   Coul. recip.      Potential
   -3.12248e+04   -1.05137e+03   -1.48844e+05    1.76965e+03   -1.40070e+05
    Kinetic En.   Total Energy  Conserved En.    Temperature Pres. DC (bar)
    1.67164e+04   -1.23354e+05   -7.99383e+04    2.99251e+02   -2.74575e+01
 Pressure (bar)   Constr. rmsd
   -8.34082e+01    4.90197e-06


DD  step 22199  vol min/aver 0.293  load imb.: force  2.8%  pme mesh/force 0.568
           Step           Time
          22200       44.40000

   Energies (kJ/mol)
       G96Angle    Proper Dih.  Improper Dih.          LJ-14     Coulomb-14
    1.29898e+04    1.04086e+04    7.07420e+02   -1.15160e+03    1.67238e+04
        LJ (SR)  Disper. corr.   Coulomb (SR)   Coul. recip.      Potential
   -3.15184e+04   -1.05137e+03   -1.48843e+05    1.77809e+03   -1.39957e+05
    Kinetic En.   Total Energy  Conserved En.    Temperature Pres. DC (bar)
    1.64722e+04   -1.23485e+05   -7.99366e+04    2.94880e+02   -2.74575e+01
 Pressure (bar)   Constr. rmsd
   -1.07683e+02    5.10612e-06


DD  step 22299  vol min/aver 0.289  load imb.: force  2.8%  pme mesh/force 0.691
           Step           Time
          22300       44.60000

   Energies (kJ/mol)
       G96Angle    Proper Dih.  Improper Dih.          LJ-14     Coulomb-14
    1.24902e+04    1.01536e+04    6.66453e+02   -8.61145e+02    1.72635e+04
        LJ (SR)  Disper. corr.   Coulomb (SR)   Coul. recip.      Potential
   -3.11727e+04   -1.05137e+03   -1.49210e+05    1.71042e+03   -1.40011e+05
    Kinetic En.   Total Energy  Conserved En.    Temperature Pres. DC (bar)
    1.68846e+04   -1.23126e+05   -7.99382e+04    3.02263e+02   -2.74575e+01
 Pressure (bar)   Constr. rmsd
   -1.00162e+02    4.95523e-06


DD  step 22399  vol min/aver 0.291  load imb.: force  2.4%  pme mesh/force 0.657
           Step           Time
          22400       44.80000

   Energies (kJ/mol)
       G96Angle    Proper Dih.  Improper Dih.          LJ-14     Coulomb-14
    1.28775e+04    1.04000e+04    6.52236e+02   -8.98539e+02    1.68139e+04
        LJ (SR)  Disper. corr.   Coulomb (SR)   Coul. recip.      Potential
   -3.10635e+04   -1.05137e+03   -1.49013e+05    1.74397e+03   -1.39538e+05
    Kinetic En.   Total Energy  Conserved En.    Temperature Pres. DC (bar)
    1.69127e+04   -1.22626e+05   -7.99387e+04    3.02765e+02   -2.74575e+01
 Pressure (bar)   Constr. rmsd
   -7.79853e+01    4.61728e-06


DD  step 22499  vol min/aver 0.290  load imb.: force  4.4%  pme mesh/force 0.684
           Step           Time
          22500       45.00000

   Energies (kJ/mol)
       G96Angle    Proper Dih.  Improper Dih.          LJ-14     Coulomb-14
    1.30115e+04    1.06463e+04    6.94055e+02   -1.03200e+03    1.67227e+04
        LJ (SR)  Disper. corr.   Coulomb (SR)   Coul. recip.      Potential
   -3.12034e+04   -1.05137e+03   -1.48938e+05    1.72387e+03   -1.39426e+05
    Kinetic En.   Total Energy  Conserved En.    Temperature Pres. DC (bar)
    1.70245e+04   -1.22402e+05   -7.99362e+04    3.04766e+02   -2.74575e+01
 Pressure (bar)   Constr. rmsd
    1.12411e+01    4.55744e-06


DD  step 22599  vol min/aver 0.291  load imb.: force  2.9%  pme mesh/force 0.632
           Step           Time
          22600       45.20000

   Energies (kJ/mol)
       G96Angle    Proper Dih.  Improper Dih.          LJ-14     Coulomb-14
    1.27893e+04    1.00292e+04    7.58719e+02   -7.63291e+02    1.69342e+04
        LJ (SR)  Disper. corr.   Coulomb (SR)   Coul. recip.      Potential
   -3.10836e+04   -1.05137e+03   -1.49204e+05    1.69799e+03   -1.39893e+05
    Kinetic En.   Total Energy  Conserved En.    Temperature Pres. DC (bar)
    1.68098e+04   -1.23083e+05   -7.99370e+04    3.00924e+02   -2.74575e+01
 Pressure (bar)   Constr. rmsd
   -5.69308e+00    4.73493e-06


DD  step 22699  vol min/aver 0.291  load imb.: force  5.7%  pme mesh/force 0.613
           Step           Time
          22700       45.40000

   Energies (kJ/mol)
       G96Angle    Proper Dih.  Improper Dih.          LJ-14     Coulomb-14
    1.27362e+04    1.01749e+04    7.21942e+02   -9.93792e+02    1.66073e+04
        LJ (SR)  Disper. corr.   Coulomb (SR)   Coul. recip.      Potential
   -3.15020e+04   -1.05137e+03   -1.48729e+05    1.67539e+03   -1.40360e+05
    Kinetic En.   Total Energy  Conserved En.    Temperature Pres. DC (bar)
    1.67077e+04   -1.23652e+05   -7.99370e+04    2.99096e+02   -2.74575e+01
 Pressure (bar)   Constr. rmsd
   -1.15595e+02    4.85988e-06


DD  step 22799  vol min/aver 0.294  load imb.: force  4.5%  pme mesh/force 0.618
           Step           Time
          22800       45.60000

   Energies (kJ/mol)
       G96Angle    Proper Dih.  Improper Dih.          LJ-14     Coulomb-14
    1.26108e+04    1.01606e+04    7.06672e+02   -1.16430e+03    1.69622e+04
        LJ (SR)  Disper. corr.   Coulomb (SR)   Coul. recip.      Potential
   -3.14308e+04   -1.05137e+03   -1.49087e+05    1.75504e+03   -1.40539e+05
    Kinetic En.   Total Energy  Conserved En.    Temperature Pres. DC (bar)
    1.67217e+04   -1.23817e+05   -7.99391e+04    2.99346e+02   -2.74575e+01
 Pressure (bar)   Constr. rmsd
   -1.90033e+02    4.84765e-06


DD  step 22899  vol min/aver 0.295  load imb.: force  4.0%  pme mesh/force 0.690
           Step           Time
          22900       45.80000

   Energies (kJ/mol)
       G96Angle    Proper Dih.  Improper Dih.          LJ-14     Coulomb-14
    1.27201e+04    1.03895e+04    7.73271e+02   -1.07226e+03    1.70646e+04
        LJ (SR)  Disper. corr.   Coulomb (SR)   Coul. recip.      Potential
   -3.14014e+04   -1.05137e+03   -1.49190e+05    1.79363e+03   -1.39974e+05
    Kinetic En.   Total Energy  Conserved En.    Temperature Pres. DC (bar)
    1.68338e+04   -1.23140e+05   -7.99351e+04    3.01352e+02   -2.74575e+01
 Pressure (bar)   Constr. rmsd
   -1.43703e+02    4.87612e-06


DD  step 22999  vol min/aver 0.294  load imb.: force  3.5%  pme mesh/force 0.622
           Step           Time
          23000       46.00000

   Energies (kJ/mol)
       G96Angle    Proper Dih.  Improper Dih.          LJ-14     Coulomb-14
    1.28631e+04    1.00417e+04    7.12476e+02   -8.56336e+02    1.63885e+04
        LJ (SR)  Disper. corr.   Coulomb (SR)   Coul. recip.      Potential
   -3.13767e+04   -1.05137e+03   -1.48724e+05    1.77696e+03   -1.40226e+05
    Kinetic En.   Total Energy  Conserved En.    Temperature Pres. DC (bar)
    1.68303e+04   -1.23395e+05   -7.99367e+04    3.01291e+02   -2.74575e+01
 Pressure (bar)   Constr. rmsd
   -1.56596e+01    4.54512e-06


DD  step 23099  vol min/aver 0.294  load imb.: force  4.1%  pme mesh/force 0.644
           Step           Time
          23100       46.20000

   Energies (kJ/mol)
       G96Angle    Proper Dih.  Improper Dih.          LJ-14     Coulomb-14
    1.25859e+04    1.02428e+04    6.93160e+02   -1.15958e+03    1.66451e+04
        LJ (SR)  Disper. corr.   Coulomb (SR)   Coul. recip.      Potential
   -3.11178e+04   -1.05137e+03   -1.48722e+05    1.71488e+03   -1.40169e+05
    Kinetic En.   Total Energy  Conserved En.    Temperature Pres. DC (bar)
    1.68420e+04   -1.23327e+05   -7.99382e+04    3.01500e+02   -2.74575e+01
 Pressure (bar)   Constr. rmsd
   -3.69292e+01    4.87407e-06


DD  step 23199  vol min/aver 0.293  load imb.: force  6.1%  pme mesh/force 0.611
           Step           Time
          23200       46.40000

   Energies (kJ/mol)
       G96Angle    Proper Dih.  Improper Dih.          LJ-14     Coulomb-14
    1.23963e+04    1.03022e+04    6.89528e+02   -9.32722e+02    1.70364e+04
        LJ (SR)  Disper. corr.   Coulomb (SR)   Coul. recip.      Potential
   -3.14690e+04   -1.05137e+03   -1.49088e+05    1.79054e+03   -1.40326e+05
    Kinetic En.   Total Energy  Conserved En.    Temperature Pres. DC (bar)
    1.66896e+04   -1.23636e+05   -7.99376e+04    2.98773e+02   -2.74575e+01
 Pressure (bar)   Constr. rmsd
   -1.10402e+02    4.57017e-06


DD  step 23299  vol min/aver 0.299  load imb.: force  3.3%  pme mesh/force 0.673
           Step           Time
          23300       46.60000

   Energies (kJ/mol)
       G96Angle    Proper Dih.  Improper Dih.          LJ-14     Coulomb-14
    1.26175e+04    1.02079e+04    6.69894e+02   -9.51331e+02    1.67673e+04
        LJ (SR)  Disper. corr.   Coulomb (SR)   Coul. recip.      Potential
   -3.13175e+04   -1.05137e+03   -1.48988e+05    1.76562e+03   -1.40280e+05
    Kinetic En.   Total Energy  Conserved En.    Temperature Pres. DC (bar)
    1.68810e+04   -1.23399e+05   -7.99384e+04    3.02199e+02   -2.74575e+01
 Pressure (bar)   Constr. rmsd
   -1.61169e+02    4.97975e-06


DD  step 23399  vol min/aver 0.297  load imb.: force  2.3%  pme mesh/force 0.631
           Step           Time
          23400       46.80000

   Energies (kJ/mol)
       G96Angle    Proper Dih.  Improper Dih.          LJ-14     Coulomb-14
    1.27673e+04    1.02876e+04    6.53201e+02   -1.04358e+03    1.67632e+04
        LJ (SR)  Disper. corr.   Coulomb (SR)   Coul. recip.      Potential
   -3.13482e+04   -1.05137e+03   -1.48896e+05    1.74294e+03   -1.40125e+05
    Kinetic En.   Total Energy  Conserved En.    Temperature Pres. DC (bar)
    1.68899e+04   -1.23235e+05   -7.99356e+04    3.02357e+02   -2.74575e+01
 Pressure (bar)   Constr. rmsd
   -8.87444e+01    4.96203e-06


DD  step 23499  vol min/aver 0.294  load imb.: force  2.8%  pme mesh/force 0.660
           Step           Time
          23500       47.00000

   Energies (kJ/mol)
       G96Angle    Proper Dih.  Improper Dih.          LJ-14     Coulomb-14
    1.26256e+04    1.03838e+04    7.00095e+02   -1.11026e+03    1.69869e+04
        LJ (SR)  Disper. corr.   Coulomb (SR)   Coul. recip.      Potential
   -3.11175e+04   -1.05137e+03   -1.49078e+05    1.72972e+03   -1.39931e+05
    Kinetic En.   Total Energy  Conserved En.    Temperature Pres. DC (bar)
    1.67786e+04   -1.23152e+05   -7.99371e+04    3.00365e+02   -2.74575e+01
 Pressure (bar)   Constr. rmsd
   -1.24648e+02    4.76351e-06


DD  step 23599  vol min/aver 0.297  load imb.: force  3.8%  pme mesh/force 0.621
           Step           Time
          23600       47.20000

   Energies (kJ/mol)
       G96Angle    Proper Dih.  Improper Dih.          LJ-14     Coulomb-14
    1.23222e+04    1.04275e+04    7.11199e+02   -1.07532e+03    1.70282e+04
        LJ (SR)  Disper. corr.   Coulomb (SR)   Coul. recip.      Potential
   -3.13313e+04   -1.05137e+03   -1.48972e+05    1.71225e+03   -1.40229e+05
    Kinetic En.   Total Energy  Conserved En.    Temperature Pres. DC (bar)
    1.67052e+04   -1.23524e+05   -7.99365e+04    2.99052e+02   -2.74575e+01
 Pressure (bar)   Constr. rmsd
   -2.31143e+01    4.49740e-06


DD  step 23699  vol min/aver 0.293  load imb.: force  2.4%  pme mesh/force 0.648
           Step           Time
          23700       47.40000

   Energies (kJ/mol)
       G96Angle    Proper Dih.  Improper Dih.          LJ-14     Coulomb-14
    1.28513e+04    1.03313e+04    6.53642e+02   -1.19662e+03    1.70644e+04
        LJ (SR)  Disper. corr.   Coulomb (SR)   Coul. recip.      Potential
   -3.12469e+04   -1.05137e+03   -1.48990e+05    1.67826e+03   -1.39906e+05
    Kinetic En.   Total Energy  Conserved En.    Temperature Pres. DC (bar)
    1.66928e+04   -1.23214e+05   -7.99343e+04    2.98829e+02   -2.74575e+01
 Pressure (bar)   Constr. rmsd
   -1.67071e+02    4.55939e-06


DD  step 23799  vol min/aver 0.292  load imb.: force  1.9%  pme mesh/force 0.638
           Step           Time
          23800       47.60000

   Energies (kJ/mol)
       G96Angle    Proper Dih.  Improper Dih.          LJ-14     Coulomb-14
    1.25174e+04    1.03077e+04    7.99105e+02   -1.01739e+03    1.72193e+04
        LJ (SR)  Disper. corr.   Coulomb (SR)   Coul. recip.      Potential
   -3.13172e+04   -1.05137e+03   -1.49412e+05    1.72327e+03   -1.40231e+05
    Kinetic En.   Total Energy  Conserved En.    Temperature Pres. DC (bar)
    1.68577e+04   -1.23373e+05   -7.99339e+04    3.01781e+02   -2.74575e+01
 Pressure (bar)   Constr. rmsd
   -1.59927e+02    4.86210e-06


DD  step 23899  vol min/aver 0.290  load imb.: force  4.1%  pme mesh/force 0.636
           Step           Time
          23900       47.80000

   Energies (kJ/mol)
       G96Angle    Proper Dih.  Improper Dih.          LJ-14     Coulomb-14
    1.26054e+04    1.04834e+04    7.79037e+02   -1.07686e+03    1.68638e+04
        LJ (SR)  Disper. corr.   Coulomb (SR)   Coul. recip.      Potential
   -3.14067e+04   -1.05137e+03   -1.49178e+05    1.68231e+03   -1.40299e+05
    Kinetic En.   Total Energy  Conserved En.    Temperature Pres. DC (bar)
    1.69087e+04   -1.23390e+05   -7.99377e+04    3.02693e+02   -2.74575e+01
 Pressure (bar)   Constr. rmsd
   -1.63199e+02    4.96864e-06


DD  step 23999  vol min/aver 0.293  load imb.: force  2.9%  pme mesh/force 0.710
           Step           Time
          24000       48.00000

   Energies (kJ/mol)
       G96Angle    Proper Dih.  Improper Dih.          LJ-14     Coulomb-14
    1.29060e+04    1.01988e+04    7.61708e+02   -8.45808e+02    1.66407e+04
        LJ (SR)  Disper. corr.   Coulomb (SR)   Coul. recip.      Potential
   -3.13607e+04   -1.05137e+03   -1.49020e+05    1.73901e+03   -1.40031e+05
    Kinetic En.   Total Energy  Conserved En.    Temperature Pres. DC (bar)
    1.66589e+04   -1.23372e+05   -7.99322e+04    2.98221e+02   -2.74575e+01
 Pressure (bar)   Constr. rmsd
   -1.10095e+02    4.95830e-06


DD  step 24099  vol min/aver 0.295  load imb.: force  3.1%  pme mesh/force 0.664
           Step           Time
          24100       48.20000

   Energies (kJ/mol)
       G96Angle    Proper Dih.  Improper Dih.          LJ-14     Coulomb-14
    1.25134e+04    1.02412e+04    6.77769e+02   -1.03910e+03    1.72077e+04
        LJ (SR)  Disper. corr.   Coulomb (SR)   Coul. recip.      Potential
   -3.13544e+04   -1.05137e+03   -1.49215e+05    1.71740e+03   -1.40302e+05
    Kinetic En.   Total Energy  Conserved En.    Temperature Pres. DC (bar)
    1.62965e+04   -1.24005e+05   -7.99341e+04    2.91735e+02   -2.74575e+01
 Pressure (bar)   Constr. rmsd
   -6.20225e+01    4.75762e-06


DD  step 24199  vol min/aver 0.293  load imb.: force  3.9%  pme mesh/force 0.674
           Step           Time
          24200       48.40000

   Energies (kJ/mol)
       G96Angle    Proper Dih.  Improper Dih.          LJ-14     Coulomb-14
    1.25376e+04    1.00438e+04    7.10285e+02   -9.21131e+02    1.66930e+04
        LJ (SR)  Disper. corr.   Coulomb (SR)   Coul. recip.      Potential
   -3.13948e+04   -1.05137e+03   -1.48871e+05    1.67130e+03   -1.40582e+05
    Kinetic En.   Total Energy  Conserved En.    Temperature Pres. DC (bar)
    1.65995e+04   -1.23983e+05   -7.99353e+04    2.97159e+02   -2.74575e+01
 Pressure (bar)   Constr. rmsd
   -1.21897e+02    5.03158e-06


DD  step 24299  vol min/aver 0.289  load imb.: force  2.0%  pme mesh/force 0.647
           Step           Time
          24300       48.60000

   Energies (kJ/mol)
       G96Angle    Proper Dih.  Improper Dih.          LJ-14     Coulomb-14
    1.26501e+04    1.03285e+04    7.02682e+02   -9.95721e+02    1.68862e+04
        LJ (SR)  Disper. corr.   Coulomb (SR)   Coul. recip.      Potential
   -3.14513e+04   -1.05137e+03   -1.49106e+05    1.66084e+03   -1.40376e+05
    Kinetic En.   Total Energy  Conserved En.    Temperature Pres. DC (bar)
    1.65155e+04   -1.23860e+05   -7.99351e+04    2.95655e+02   -2.74575e+01
 Pressure (bar)   Constr. rmsd
   -8.91180e+01    4.92912e-06


DD  step 24399  vol min/aver 0.291  load imb.: force  3.7%  pme mesh/force 0.689
           Step           Time
          24400       48.80000

   Energies (kJ/mol)
       G96Angle    Proper Dih.  Improper Dih.          LJ-14     Coulomb-14
    1.27177e+04    1.02270e+04    7.36219e+02   -1.13895e+03    1.68478e+04
        LJ (SR)  Disper. corr.   Coulomb (SR)   Coul. recip.      Potential
   -3.13828e+04   -1.05137e+03   -1.48855e+05    1.75888e+03   -1.40141e+05
    Kinetic En.   Total Energy  Conserved En.    Temperature Pres. DC (bar)
    1.66244e+04   -1.23516e+05   -7.99335e+04    2.97604e+02   -2.74575e+01
 Pressure (bar)   Constr. rmsd
   -1.36217e+02    4.87976e-06


DD  step 24499  vol min/aver 0.288  load imb.: force  3.3%  pme mesh/force 0.634
           Step           Time
          24500       49.00000

   Energies (kJ/mol)
       G96Angle    Proper Dih.  Improper Dih.          LJ-14     Coulomb-14
    1.24698e+04    1.01171e+04    7.58115e+02   -1.05608e+03    1.69506e+04
        LJ (SR)  Disper. corr.   Coulomb (SR)   Coul. recip.      Potential
   -3.14844e+04   -1.05137e+03   -1.48901e+05    1.70976e+03   -1.40487e+05
    Kinetic En.   Total Energy  Conserved En.    Temperature Pres. DC (bar)
    1.64975e+04   -1.23990e+05   -7.99337e+04    2.95332e+02   -2.74575e+01
 Pressure (bar)   Constr. rmsd
   -1.85017e+02    4.51998e-06


DD  step 24599  vol min/aver 0.294  load imb.: force  3.6%  pme mesh/force 0.605
           Step           Time
          24600       49.20000

   Energies (kJ/mol)
       G96Angle    Proper Dih.  Improper Dih.          LJ-14     Coulomb-14
    1.28419e+04    1.03500e+04    7.40249e+02   -1.17975e+03    1.67122e+04
        LJ (SR)  Disper. corr.   Coulomb (SR)   Coul. recip.      Potential
   -3.15274e+04   -1.05137e+03   -1.48918e+05    1.75899e+03   -1.40273e+05
    Kinetic En.   Total Energy  Conserved En.    Temperature Pres. DC (bar)
    1.65465e+04   -1.23726e+05   -7.99325e+04    2.96210e+02   -2.74575e+01
 Pressure (bar)   Constr. rmsd
   -1.64406e+02    4.84828e-06


DD  step 24699  vol min/aver 0.299  load imb.: force  4.8%  pme mesh/force 0.639
           Step           Time
          24700       49.40000

   Energies (kJ/mol)
       G96Angle    Proper Dih.  Improper Dih.          LJ-14     Coulomb-14
    1.28113e+04    1.02326e+04    7.82026e+02   -9.60803e+02    1.66233e+04
        LJ (SR)  Disper. corr.   Coulomb (SR)   Coul. recip.      Potential
   -3.12840e+04   -1.05137e+03   -1.49040e+05    1.74261e+03   -1.40144e+05
    Kinetic En.   Total Energy  Conserved En.    Temperature Pres. DC (bar)
    1.67548e+04   -1.23389e+05   -7.99322e+04    2.99938e+02   -2.74575e+01
 Pressure (bar)   Constr. rmsd
   -1.45270e+02    4.94561e-06


DD  step 24799  vol min/aver 0.295  load imb.: force  2.7%  pme mesh/force 0.692
           Step           Time
          24800       49.60000

   Energies (kJ/mol)
       G96Angle    Proper Dih.  Improper Dih.          LJ-14     Coulomb-14
    1.28252e+04    1.03723e+04    7.39685e+02   -1.03902e+03    1.64763e+04
        LJ (SR)  Disper. corr.   Coulomb (SR)   Coul. recip.      Potential
   -3.13378e+04   -1.05137e+03   -1.48799e+05    1.70398e+03   -1.40110e+05
    Kinetic En.   Total Energy  Conserved En.    Temperature Pres. DC (bar)
    1.68275e+04   -1.23282e+05   -7.99332e+04    3.01240e+02   -2.74575e+01
 Pressure (bar)   Constr. rmsd
   -8.63314e+01    4.76855e-06


DD  step 24899  vol min/aver 0.298  load imb.: force  3.0%  pme mesh/force 0.636
           Step           Time
          24900       49.80000

   Energies (kJ/mol)
       G96Angle    Proper Dih.  Improper Dih.          LJ-14     Coulomb-14
    1.26225e+04    1.00033e+04    7.14677e+02   -9.31317e+02    1.69503e+04
        LJ (SR)  Disper. corr.   Coulomb (SR)   Coul. recip.      Potential
   -3.13403e+04   -1.05137e+03   -1.48775e+05    1.79732e+03   -1.40010e+05
    Kinetic En.   Total Energy  Conserved En.    Temperature Pres. DC (bar)
    1.67223e+04   -1.23287e+05   -7.99321e+04    2.99357e+02   -2.74575e+01
 Pressure (bar)   Constr. rmsd
   -7.05609e+01    4.68239e-06


DD  step 24999  vol min/aver 0.301  load imb.: force  2.5%  pme mesh/force 0.673
           Step           Time
          25000       50.00000

   Energies (kJ/mol)
       G96Angle    Proper Dih.  Improper Dih.          LJ-14     Coulomb-14
    1.29478e+04    9.96862e+03    7.15550e+02   -1.01216e+03    1.66808e+04
        LJ (SR)  Disper. corr.   Coulomb (SR)   Coul. recip.      Potential
   -3.16189e+04   -1.05137e+03   -1.48855e+05    1.76862e+03   -1.40456e+05
    Kinetic En.   Total Energy  Conserved En.    Temperature Pres. DC (bar)
    1.72625e+04   -1.23193e+05   -7.99344e+04    3.09028e+02   -2.74575e+01
 Pressure (bar)   Constr. rmsd
   -2.20901e+02    5.15679e-06


DD  step 25099  vol min/aver 0.306  load imb.: force  3.6%  pme mesh/force 0.579
           Step           Time
          25100       50.20000

   Energies (kJ/mol)
       G96Angle    Proper Dih.  Improper Dih.          LJ-14     Coulomb-14
    1.29223e+04    1.00163e+04    7.09208e+02   -8.89788e+02    1.63738e+04
        LJ (SR)  Disper. corr.   Coulomb (SR)   Coul. recip.      Potential
   -3.13364e+04   -1.05137e+03   -1.48789e+05    1.71661e+03   -1.40329e+05
    Kinetic En.   Total Energy  Conserved En.    Temperature Pres. DC (bar)
    1.69025e+04   -1.23426e+05   -7.99330e+04    3.02582e+02   -2.74575e+01
 Pressure (bar)   Constr. rmsd
   -1.36064e+02    4.91910e-06


DD  step 25199  vol min/aver 0.300  load imb.: force  4.2%  pme mesh/force 0.638
           Step           Time
          25200       50.40000

   Energies (kJ/mol)
       G96Angle    Proper Dih.  Improper Dih.          LJ-14     Coulomb-14
    1.26325e+04    1.01914e+04    7.13663e+02   -7.99793e+02    1.67314e+04
        LJ (SR)  Disper. corr.   Coulomb (SR)   Coul. recip.      Potential
   -3.12655e+04   -1.05137e+03   -1.48793e+05    1.75591e+03   -1.39885e+05
    Kinetic En.   Total Energy  Conserved En.    Temperature Pres. DC (bar)
    1.66316e+04   -1.23253e+05   -7.99299e+04    2.97734e+02   -2.74575e+01
 Pressure (bar)   Constr. rmsd
   -1.83962e+02    4.84025e-06


DD  step 25299  vol min/aver 0.300  load imb.: force  2.6%  pme mesh/force 0.650
           Step           Time
          25300       50.60000

   Energies (kJ/mol)
       G96Angle    Proper Dih.  Improper Dih.          LJ-14     Coulomb-14
    1.27580e+04    1.03758e+04    6.93076e+02   -1.07445e+03    1.68726e+04
        LJ (SR)  Disper. corr.   Coulomb (SR)   Coul. recip.      Potential
   -3.13504e+04   -1.05137e+03   -1.49048e+05    1.72156e+03   -1.40103e+05
    Kinetic En.   Total Energy  Conserved En.    Temperature Pres. DC (bar)
    1.68765e+04   -1.23227e+05   -7.99315e+04    3.02117e+02   -2.74575e+01
 Pressure (bar)   Constr. rmsd
   -1.71189e+02    4.83380e-06


DD  step 25399  vol min/aver 0.294  load imb.: force  2.9%  pme mesh/force 0.690
           Step           Time
          25400       50.80000

   Energies (kJ/mol)
       G96Angle    Proper Dih.  Improper Dih.          LJ-14     Coulomb-14
    1.24577e+04    1.02916e+04    7.06792e+02   -1.00390e+03    1.75558e+04
        LJ (SR)  Disper. corr.   Coulomb (SR)   Coul. recip.      Potential
   -3.12968e+04   -1.05137e+03   -1.49306e+05    1.72199e+03   -1.39925e+05
    Kinetic En.   Total Energy  Conserved En.    Temperature Pres. DC (bar)
    1.66594e+04   -1.23265e+05   -7.99317e+04    2.98231e+02   -2.74575e+01
 Pressure (bar)   Constr. rmsd
   -1.30322e+02    4.49513e-06


DD  step 25499  vol min/aver 0.289  load imb.: force  4.0%  pme mesh/force 0.608
           Step           Time
          25500       51.00000

   Energies (kJ/mol)
       G96Angle    Proper Dih.  Improper Dih.          LJ-14     Coulomb-14
    1.27816e+04    1.01391e+04    6.73379e+02   -8.54055e+02    1.69448e+04
        LJ (SR)  Disper. corr.   Coulomb (SR)   Coul. recip.      Potential
   -3.11384e+04   -1.05137e+03   -1.48938e+05    1.70886e+03   -1.39734e+05
    Kinetic En.   Total Energy  Conserved En.    Temperature Pres. DC (bar)
    1.65944e+04   -1.23140e+05   -7.99291e+04    2.97068e+02   -2.74575e+01
 Pressure (bar)   Constr. rmsd
   -8.66721e+01    4.78935e-06


DD  step 25599  vol min/aver 0.294  load imb.: force  2.6%  pme mesh/force 0.638
           Step           Time
          25600       51.20000

   Energies (kJ/mol)
       G96Angle    Proper Dih.  Improper Dih.          LJ-14     Coulomb-14
    1.27192e+04    1.03088e+04    6.36997e+02   -1.02463e+03    1.68141e+04
        LJ (SR)  Disper. corr.   Coulomb (SR)   Coul. recip.      Potential
   -3.12630e+04   -1.05137e+03   -1.48981e+05    1.72939e+03   -1.40111e+05
    Kinetic En.   Total Energy  Conserved En.    Temperature Pres. DC (bar)
    1.66593e+04   -1.23452e+05   -7.99332e+04    2.98228e+02   -2.74575e+01
 Pressure (bar)   Constr. rmsd
   -6.08278e+01    4.99998e-06


DD  step 25699  vol min/aver 0.299  load imb.: force  2.2%  pme mesh/force 0.607
           Step           Time
          25700       51.40000

   Energies (kJ/mol)
       G96Angle    Proper Dih.  Improper Dih.          LJ-14     Coulomb-14
    1.24523e+04    1.00490e+04    7.24999e+02   -1.00758e+03    1.68972e+04
        LJ (SR)  Disper. corr.   Coulomb (SR)   Coul. recip.      Potential
   -3.14244e+04   -1.05137e+03   -1.48827e+05    1.71413e+03   -1.40473e+05
    Kinetic En.   Total Energy  Conserved En.    Temperature Pres. DC (bar)
    1.66035e+04   -1.23869e+05   -7.99311e+04    2.97230e+02   -2.74575e+01
 Pressure (bar)   Constr. rmsd
   -2.23896e+02    4.89109e-06


DD  step 25799  vol min/aver 0.301  load imb.: force  4.4%  pme mesh/force 0.619
           Step           Time
          25800       51.60000

   Energies (kJ/mol)
       G96Angle    Proper Dih.  Improper Dih.          LJ-14     Coulomb-14
    1.27125e+04    1.01203e+04    7.00708e+02   -9.36406e+02    1.68602e+04
        LJ (SR)  Disper. corr.   Coulomb (SR)   Coul. recip.      Potential
   -3.14253e+04   -1.05137e+03   -1.48902e+05    1.70231e+03   -1.40219e+05
    Kinetic En.   Total Energy  Conserved En.    Temperature Pres. DC (bar)
    1.66212e+04   -1.23598e+05   -7.99306e+04    2.97547e+02   -2.74575e+01
 Pressure (bar)   Constr. rmsd
   -1.56023e+02    4.95023e-06


DD  step 25899  vol min/aver 0.303  load imb.: force  3.0%  pme mesh/force 0.575
           Step           Time
          25900       51.80000

   Energies (kJ/mol)
       G96Angle    Proper Dih.  Improper Dih.          LJ-14     Coulomb-14
    1.25762e+04    1.01652e+04    6.73793e+02   -1.05603e+03    1.70457e+04
        LJ (SR)  Disper. corr.   Coulomb (SR)   Coul. recip.      Potential
   -3.14207e+04   -1.05137e+03   -1.48688e+05    1.77882e+03   -1.39977e+05
    Kinetic En.   Total Energy  Conserved En.    Temperature Pres. DC (bar)
    1.67226e+04   -1.23254e+05   -7.99298e+04    2.99362e+02   -2.74575e+01
 Pressure (bar)   Constr. rmsd
   -9.87360e+01    5.05581e-06


DD  step 25999  vol min/aver 0.298  load imb.: force  3.7%  pme mesh/force 0.619
           Step           Time
          26000       52.00000

   Energies (kJ/mol)
       G96Angle    Proper Dih.  Improper Dih.          LJ-14     Coulomb-14
    1.27728e+04    1.01058e+04    7.21578e+02   -9.61189e+02    1.68812e+04
        LJ (SR)  Disper. corr.   Coulomb (SR)   Coul. recip.      Potential
   -3.12898e+04   -1.05137e+03   -1.48983e+05    1.74341e+03   -1.40061e+05
    Kinetic En.   Total Energy  Conserved En.    Temperature Pres. DC (bar)
    1.64057e+04   -1.23655e+05   -7.99272e+04    2.93689e+02   -2.74575e+01
 Pressure (bar)   Constr. rmsd
   -1.36535e+02    4.93763e-06


DD  step 26099  vol min/aver 0.297  load imb.: force  3.3%  pme mesh/force 0.560
           Step           Time
          26100       52.20000

   Energies (kJ/mol)
       G96Angle    Proper Dih.  Improper Dih.          LJ-14     Coulomb-14
    1.25492e+04    1.01922e+04    7.41524e+02   -9.05935e+02    1.67554e+04
        LJ (SR)  Disper. corr.   Coulomb (SR)   Coul. recip.      Potential
   -3.15053e+04   -1.05137e+03   -1.48829e+05    1.76269e+03   -1.40290e+05
    Kinetic En.   Total Energy  Conserved En.    Temperature Pres. DC (bar)
    1.66383e+04   -1.23652e+05   -7.99294e+04    2.97853e+02   -2.74575e+01
 Pressure (bar)   Constr. rmsd
   -1.22359e+02    4.81931e-06


DD  step 26199  vol min/aver 0.298  load imb.: force  3.2%  pme mesh/force 0.628
           Step           Time
          26200       52.40000

   Energies (kJ/mol)
       G96Angle    Proper Dih.  Improper Dih.          LJ-14     Coulomb-14
    1.29826e+04    1.00866e+04    7.15174e+02   -7.96156e+02    1.68113e+04
        LJ (SR)  Disper. corr.   Coulomb (SR)   Coul. recip.      Potential
   -3.15491e+04   -1.05137e+03   -1.49010e+05    1.72319e+03   -1.40088e+05
    Kinetic En.   Total Energy  Conserved En.    Temperature Pres. DC (bar)
    1.67830e+04   -1.23305e+05   -7.99272e+04    3.00444e+02   -2.74575e+01
 Pressure (bar)   Constr. rmsd
   -5.18926e+01    4.75499e-06


DD  step 26299  vol min/aver 0.297  load imb.: force  3.3%  pme mesh/force 0.577
           Step           Time
          26300       52.60000

   Energies (kJ/mol)
       G96Angle    Proper Dih.  Improper Dih.          LJ-14     Coulomb-14
    1.24591e+04    1.03371e+04    7.24511e+02   -9.73833e+02    1.68772e+04
        LJ (SR)  Disper. corr.   Coulomb (SR)   Coul. recip.      Potential
   -3.16532e+04   -1.05137e+03   -1.48913e+05    1.74780e+03   -1.40446e+05
    Kinetic En.   Total Energy  Conserved En.    Temperature Pres. DC (bar)
    1.66573e+04   -1.23789e+05   -7.99316e+04    2.98194e+02   -2.74575e+01
 Pressure (bar)   Constr. rmsd
   -1.13147e+02    4.78386e-06


DD  step 26399  vol min/aver 0.302  load imb.: force  3.9%  pme mesh/force 0.590
           Step           Time
          26400       52.80000

   Energies (kJ/mol)
       G96Angle    Proper Dih.  Improper Dih.          LJ-14     Coulomb-14
    1.28157e+04    1.02185e+04    7.22834e+02   -8.34548e+02    1.62246e+04
        LJ (SR)  Disper. corr.   Coulomb (SR)   Coul. recip.      Potential
   -3.16636e+04   -1.05137e+03   -1.48526e+05    1.76006e+03   -1.40334e+05
    Kinetic En.   Total Energy  Conserved En.    Temperature Pres. DC (bar)
    1.68891e+04   -1.23445e+05   -7.99323e+04    3.02342e+02   -2.74575e+01
 Pressure (bar)   Constr. rmsd
   -1.65263e+02    5.38203e-06


DD  step 26499  vol min/aver 0.297  load imb.: force  5.2%  pme mesh/force 0.590
           Step           Time
          26500       53.00000

   Energies (kJ/mol)
       G96Angle    Proper Dih.  Improper Dih.          LJ-14     Coulomb-14
    1.26435e+04    1.01814e+04    7.57805e+02   -8.95673e+02    1.66738e+04
        LJ (SR)  Disper. corr.   Coulomb (SR)   Coul. recip.      Potential
   -3.14876e+04   -1.05137e+03   -1.48779e+05    1.73294e+03   -1.40224e+05
    Kinetic En.   Total Energy  Conserved En.    Temperature Pres. DC (bar)
    1.66173e+04   -1.23606e+05   -7.99288e+04    2.97477e+02   -2.74575e+01
 Pressure (bar)   Constr. rmsd
    1.25068e+01    4.67686e-06


DD  step 26599  vol min/aver 0.297  load imb.: force  3.1%  pme mesh/force 0.615
           Step           Time
          26600       53.20000

   Energies (kJ/mol)
       G96Angle    Proper Dih.  Improper Dih.          LJ-14     Coulomb-14
    1.28263e+04    1.03060e+04    6.73657e+02   -1.01147e+03    1.63693e+04
        LJ (SR)  Disper. corr.   Coulomb (SR)   Coul. recip.      Potential
   -3.18174e+04   -1.05137e+03   -1.48620e+05    1.69784e+03   -1.40627e+05
    Kinetic En.   Total Energy  Conserved En.    Temperature Pres. DC (bar)
    1.69470e+04   -1.23680e+05   -7.99297e+04    3.03380e+02   -2.74575e+01
 Pressure (bar)   Constr. rmsd
   -7.62667e+01    4.88662e-06


DD  step 26699  vol min/aver 0.294  load imb.: force 10.4%  pme mesh/force 0.585
           Step           Time
          26700       53.40000

   Energies (kJ/mol)
       G96Angle    Proper Dih.  Improper Dih.          LJ-14     Coulomb-14
    1.25610e+04    1.01474e+04    7.28541e+02   -9.25923e+02    1.66872e+04
        LJ (SR)  Disper. corr.   Coulomb (SR)   Coul. recip.      Potential
   -3.14647e+04   -1.05137e+03   -1.48895e+05    1.70854e+03   -1.40504e+05
    Kinetic En.   Total Energy  Conserved En.    Temperature Pres. DC (bar)
    1.61100e+04   -1.24394e+05   -7.99265e+04    2.88396e+02   -2.74575e+01
 Pressure (bar)   Constr. rmsd
   -4.10123e+01    4.62962e-06


DD  step 26799  vol min/aver 0.292  load imb.: force  4.3%  pme mesh/force 0.581
           Step           Time
          26800       53.60000

   Energies (kJ/mol)
       G96Angle    Proper Dih.  Improper Dih.          LJ-14     Coulomb-14
    1.24844e+04    1.01240e+04    7.70720e+02   -7.82908e+02    1.66855e+04
        LJ (SR)  Disper. corr.   Coulomb (SR)   Coul. recip.      Potential
   -3.14963e+04   -1.05137e+03   -1.49167e+05    1.71106e+03   -1.40722e+05
    Kinetic En.   Total Energy  Conserved En.    Temperature Pres. DC (bar)
    1.68671e+04   -1.23855e+05   -7.99285e+04    3.01948e+02   -2.74575e+01
 Pressure (bar)   Constr. rmsd
   -4.70793e+01    4.85010e-06


DD  step 26899  vol min/aver 0.290  load imb.: force  4.5%  pme mesh/force 0.590
           Step           Time
          26900       53.80000

   Energies (kJ/mol)
       G96Angle    Proper Dih.  Improper Dih.          LJ-14     Coulomb-14
    1.27877e+04    1.02189e+04    7.25094e+02   -8.09813e+02    1.67707e+04
        LJ (SR)  Disper. corr.   Coulomb (SR)   Coul. recip.      Potential
   -3.16058e+04   -1.05137e+03   -1.49091e+05    1.73770e+03   -1.40317e+05
    Kinetic En.   Total Energy  Conserved En.    Temperature Pres. DC (bar)
    1.64621e+04   -1.23855e+05   -7.99265e+04    2.94699e+02   -2.74575e+01
 Pressure (bar)   Constr. rmsd
   -6.33940e+01    4.94073e-06


DD  step 26999  vol min/aver 0.288  load imb.: force  5.5%  pme mesh/force 0.571
           Step           Time
          27000       54.00000

   Energies (kJ/mol)
       G96Angle    Proper Dih.  Improper Dih.          LJ-14     Coulomb-14
    1.27441e+04    1.04038e+04    7.23726e+02   -1.08868e+03    1.67720e+04
        LJ (SR)  Disper. corr.   Coulomb (SR)   Coul. recip.      Potential
   -3.16685e+04   -1.05137e+03   -1.49100e+05    1.72695e+03   -1.40538e+05
    Kinetic En.   Total Energy  Conserved En.    Temperature Pres. DC (bar)
    1.66955e+04   -1.23842e+05   -7.99297e+04    2.98878e+02   -2.74575e+01
 Pressure (bar)   Constr. rmsd
   -1.35443e+02    4.79026e-06


DD  step 27099  vol min/aver 0.304  load imb.: force  3.8%  pme mesh/force 0.600
           Step           Time
          27100       54.20000

   Energies (kJ/mol)
       G96Angle    Proper Dih.  Improper Dih.          LJ-14     Coulomb-14
    1.27225e+04    1.02630e+04    7.16252e+02   -9.19808e+02    1.65519e+04
        LJ (SR)  Disper. corr.   Coulomb (SR)   Coul. recip.      Potential
   -3.15657e+04   -1.05137e+03   -1.48883e+05    1.73344e+03   -1.40432e+05
    Kinetic En.   Total Energy  Conserved En.    Temperature Pres. DC (bar)
    1.67511e+04   -1.23681e+05   -7.99283e+04    2.99872e+02   -2.74575e+01
 Pressure (bar)   Constr. rmsd
   -1.49684e+02    4.74012e-06


DD  step 27199  vol min/aver 0.298  load imb.: force  4.6%  pme mesh/force 0.574
           Step           Time
          27200       54.40000

   Energies (kJ/mol)
       G96Angle    Proper Dih.  Improper Dih.          LJ-14     Coulomb-14
    1.27932e+04    1.04433e+04    7.64389e+02   -8.87694e+02    1.64706e+04
        LJ (SR)  Disper. corr.   Coulomb (SR)   Coul. recip.      Potential
   -3.16737e+04   -1.05137e+03   -1.48861e+05    1.72130e+03   -1.40281e+05
    Kinetic En.   Total Energy  Conserved En.    Temperature Pres. DC (bar)
    1.61732e+04   -1.24107e+05   -7.99259e+04    2.89528e+02   -2.74575e+01
 Pressure (bar)   Constr. rmsd
   -9.82833e+01    4.84552e-06


DD  step 27299  vol min/aver 0.310  load imb.: force  4.3%  pme mesh/force 0.623
           Step           Time
          27300       54.60000

   Energies (kJ/mol)
       G96Angle    Proper Dih.  Improper Dih.          LJ-14     Coulomb-14
    1.25394e+04    1.03268e+04    6.59781e+02   -9.25498e+02    1.65251e+04
        LJ (SR)  Disper. corr.   Coulomb (SR)   Coul. recip.      Potential
   -3.15093e+04   -1.05137e+03   -1.48965e+05    1.70144e+03   -1.40698e+05
    Kinetic En.   Total Energy  Conserved En.    Temperature Pres. DC (bar)
    1.65222e+04   -1.24176e+05   -7.99277e+04    2.95775e+02   -2.74575e+01
 Pressure (bar)   Constr. rmsd
   -9.34652e+01    4.62791e-06


DD  step 27399  vol min/aver 0.301  load imb.: force  4.4%  pme mesh/force 0.577
           Step           Time
          27400       54.80000

   Energies (kJ/mol)
       G96Angle    Proper Dih.  Improper Dih.          LJ-14     Coulomb-14
    1.26764e+04    1.02838e+04    6.98368e+02   -1.01132e+03    1.65641e+04
        LJ (SR)  Disper. corr.   Coulomb (SR)   Coul. recip.      Potential
   -3.15738e+04   -1.05137e+03   -1.48877e+05    1.74599e+03   -1.40545e+05
    Kinetic En.   Total Energy  Conserved En.    Temperature Pres. DC (bar)
    1.67684e+04   -1.23776e+05   -7.99284e+04    3.00182e+02   -2.74575e+01
 Pressure (bar)   Constr. rmsd
   -1.39599e+02    4.95057e-06


DD  step 27499  vol min/aver 0.299  load imb.: force  8.1%  pme mesh/force 0.579
           Step           Time
          27500       55.00000

   Energies (kJ/mol)
       G96Angle    Proper Dih.  Improper Dih.          LJ-14     Coulomb-14
    1.25263e+04    1.03352e+04    7.08487e+02   -1.04914e+03    1.69692e+04
        LJ (SR)  Disper. corr.   Coulomb (SR)   Coul. recip.      Potential
   -3.13908e+04   -1.05137e+03   -1.49096e+05    1.69660e+03   -1.40351e+05
    Kinetic En.   Total Energy  Conserved En.    Temperature Pres. DC (bar)
    1.69528e+04   -1.23399e+05   -7.99288e+04    3.03484e+02   -2.74575e+01
 Pressure (bar)   Constr. rmsd
   -8.35777e+01    4.88461e-06


DD  step 27599  vol min/aver 0.301  load imb.: force  4.4%  pme mesh/force 0.584
           Step           Time
          27600       55.20000

   Energies (kJ/mol)
       G96Angle    Proper Dih.  Improper Dih.          LJ-14     Coulomb-14
    1.27420e+04    1.03837e+04    7.08641e+02   -1.08680e+03    1.69523e+04
        LJ (SR)  Disper. corr.   Coulomb (SR)   Coul. recip.      Potential
   -3.12783e+04   -1.05137e+03   -1.49261e+05    1.67759e+03   -1.40213e+05
    Kinetic En.   Total Energy  Conserved En.    Temperature Pres. DC (bar)
    1.63710e+04   -1.23842e+05   -7.99274e+04    2.93069e+02   -2.74575e+01
 Pressure (bar)   Constr. rmsd
   -1.55183e+02    4.72229e-06


DD  step 27699  vol min/aver 0.300  load imb.: force  6.8%  pme mesh/force 0.578
           Step           Time
          27700       55.40000

   Energies (kJ/mol)
       G96Angle    Proper Dih.  Improper Dih.          LJ-14     Coulomb-14
    1.29375e+04    1.02539e+04    7.44188e+02   -7.78944e+02    1.65859e+04
        LJ (SR)  Disper. corr.   Coulomb (SR)   Coul. recip.      Potential
   -3.15270e+04   -1.05137e+03   -1.49040e+05    1.71197e+03   -1.40163e+05
    Kinetic En.   Total Energy  Conserved En.    Temperature Pres. DC (bar)
    1.69431e+04   -1.23220e+05   -7.99254e+04    3.03310e+02   -2.74575e+01
 Pressure (bar)   Constr. rmsd
   -1.21426e+02    4.95623e-06


DD  step 27799  vol min/aver 0.301  load imb.: force  7.4%  pme mesh/force 0.585
           Step           Time
          27800       55.60000

   Energies (kJ/mol)
       G96Angle    Proper Dih.  Improper Dih.          LJ-14     Coulomb-14
    1.29685e+04    1.03803e+04    7.11228e+02   -9.10271e+02    1.66624e+04
        LJ (SR)  Disper. corr.   Coulomb (SR)   Coul. recip.      Potential
   -3.13834e+04   -1.05137e+03   -1.48963e+05    1.72351e+03   -1.39862e+05
    Kinetic En.   Total Energy  Conserved En.    Temperature Pres. DC (bar)
    1.69429e+04   -1.22919e+05   -7.99273e+04    3.03306e+02   -2.74575e+01
 Pressure (bar)   Constr. rmsd
   -3.39890e+01    5.38869e-06


DD  step 27899  vol min/aver 0.299  load imb.: force  3.9%  pme mesh/force 0.545
           Step           Time
          27900       55.80000

   Energies (kJ/mol)
       G96Angle    Proper Dih.  Improper Dih.          LJ-14     Coulomb-14
    1.26551e+04    1.02294e+04    7.24018e+02   -9.46257e+02    1.66448e+04
        LJ (SR)  Disper. corr.   Coulomb (SR)   Coul. recip.      Potential
   -3.16551e+04   -1.05137e+03   -1.48814e+05    1.68358e+03   -1.40530e+05
    Kinetic En.   Total Energy  Conserved En.    Temperature Pres. DC (bar)
    1.69486e+04   -1.23581e+05   -7.99267e+04    3.03409e+02   -2.74575e+01
 Pressure (bar)   Constr. rmsd
   -5.51402e+01    4.51482e-06


DD  step 27999  vol min/aver 0.297  load imb.: force  4.6%  pme mesh/force 0.566
           Step           Time
          28000       56.00000

   Energies (kJ/mol)
       G96Angle    Proper Dih.  Improper Dih.          LJ-14     Coulomb-14
    1.27522e+04    1.01727e+04    6.75700e+02   -1.09149e+03    1.69211e+04
        LJ (SR)  Disper. corr.   Coulomb (SR)   Coul. recip.      Potential
   -3.15936e+04   -1.05137e+03   -1.48804e+05    1.72089e+03   -1.40297e+05
    Kinetic En.   Total Energy  Conserved En.    Temperature Pres. DC (bar)
    1.67705e+04   -1.23527e+05   -7.99272e+04    3.00219e+02   -2.74575e+01
 Pressure (bar)   Constr. rmsd
   -2.00917e+02    4.73053e-06


DD  step 28099  vol min/aver 0.288  load imb.: force  3.2%  pme mesh/force 0.602
           Step           Time
          28100       56.20000

   Energies (kJ/mol)
       G96Angle    Proper Dih.  Improper Dih.          LJ-14     Coulomb-14
    1.26273e+04    1.01761e+04    7.50450e+02   -1.10486e+03    1.68025e+04
        LJ (SR)  Disper. corr.   Coulomb (SR)   Coul. recip.      Potential
   -3.17348e+04   -1.05137e+03   -1.49000e+05    1.73775e+03   -1.40797e+05
    Kinetic En.   Total Energy  Conserved En.    Temperature Pres. DC (bar)
    1.68937e+04   -1.23903e+05   -7.99270e+04    3.02425e+02   -2.74575e+01
 Pressure (bar)   Constr. rmsd
   -2.41245e+02    5.02019e-06


DD  step 28199  vol min/aver 0.286  load imb.: force  3.1%  pme mesh/force 0.608
           Step           Time
          28200       56.40000

   Energies (kJ/mol)
       G96Angle    Proper Dih.  Improper Dih.          LJ-14     Coulomb-14
    1.30264e+04    1.01403e+04    7.22813e+02   -9.55706e+02    1.65716e+04
        LJ (SR)  Disper. corr.   Coulomb (SR)   Coul. recip.      Potential
   -3.16184e+04   -1.05137e+03   -1.49068e+05    1.69447e+03   -1.40537e+05
    Kinetic En.   Total Energy  Conserved En.    Temperature Pres. DC (bar)
    1.64300e+04   -1.24107e+05   -7.99258e+04    2.94125e+02   -2.74575e+01
 Pressure (bar)   Constr. rmsd
   -8.74891e+01    4.81801e-06


DD  step 28299  vol min/aver 0.285  load imb.: force  3.4%  pme mesh/force 0.595
           Step           Time
          28300       56.60000

   Energies (kJ/mol)
       G96Angle    Proper Dih.  Improper Dih.          LJ-14     Coulomb-14
    1.25532e+04    1.01264e+04    8.18799e+02   -1.14133e+03    1.68908e+04
        LJ (SR)  Disper. corr.   Coulomb (SR)   Coul. recip.      Potential
   -3.16411e+04   -1.05137e+03   -1.49102e+05    1.68994e+03   -1.40856e+05
    Kinetic En.   Total Energy  Conserved En.    Temperature Pres. DC (bar)
    1.68667e+04   -1.23990e+05   -7.99270e+04    3.01942e+02   -2.74575e+01
 Pressure (bar)   Constr. rmsd
   -1.08142e+02    4.68390e-06


DD  step 28399  vol min/aver 0.281  load imb.: force  3.7%  pme mesh/force 0.570
           Step           Time
          28400       56.80000

   Energies (kJ/mol)
       G96Angle    Proper Dih.  Improper Dih.          LJ-14     Coulomb-14
    1.28700e+04    1.01263e+04    6.89252e+02   -9.34740e+02    1.65466e+04
        LJ (SR)  Disper. corr.   Coulomb (SR)   Coul. recip.      Potential
   -3.16953e+04   -1.05137e+03   -1.48933e+05    1.68834e+03   -1.40694e+05
    Kinetic En.   Total Energy  Conserved En.    Temperature Pres. DC (bar)
    1.67596e+04   -1.23934e+05   -7.99266e+04    3.00024e+02   -2.74575e+01
 Pressure (bar)   Constr. rmsd
   -2.14856e+02    5.12773e-06


DD  step 28499  vol min/aver 0.278  load imb.: force  4.6%  pme mesh/force 0.635
           Step           Time
          28500       57.00000

   Energies (kJ/mol)
       G96Angle    Proper Dih.  Improper Dih.          LJ-14     Coulomb-14
    1.29325e+04    1.01346e+04    7.29040e+02   -1.00963e+03    1.62157e+04
        LJ (SR)  Disper. corr.   Coulomb (SR)   Coul. recip.      Potential
   -3.16585e+04   -1.05137e+03   -1.48785e+05    1.67627e+03   -1.40817e+05
    Kinetic En.   Total Energy  Conserved En.    Temperature Pres. DC (bar)
    1.68567e+04   -1.23960e+05   -7.99274e+04    3.01763e+02   -2.74575e+01
 Pressure (bar)   Constr. rmsd
   -4.61982e+01    4.73605e-06


DD  step 28599  vol min/aver 0.279  load imb.: force  3.2%  pme mesh/force 0.614
           Step           Time
          28600       57.20000

   Energies (kJ/mol)
       G96Angle    Proper Dih.  Improper Dih.          LJ-14     Coulomb-14
    1.32368e+04    1.03949e+04    7.62159e+02   -9.83944e+02    1.61552e+04
        LJ (SR)  Disper. corr.   Coulomb (SR)   Coul. recip.      Potential
   -3.17011e+04   -1.05137e+03   -1.48770e+05    1.66579e+03   -1.40291e+05
    Kinetic En.   Total Energy  Conserved En.    Temperature Pres. DC (bar)
    1.65567e+04   -1.23734e+05   -7.99250e+04    2.96392e+02   -2.74575e+01
 Pressure (bar)   Constr. rmsd
   -5.80368e+01    4.83014e-06


DD  step 28699  vol min/aver 0.280  load imb.: force  4.1%  pme mesh/force 0.591
           Step           Time
          28700       57.40000

   Energies (kJ/mol)
       G96Angle    Proper Dih.  Improper Dih.          LJ-14     Coulomb-14
    1.28696e+04    1.01849e+04    6.64063e+02   -1.01107e+03    1.65572e+04
        LJ (SR)  Disper. corr.   Coulomb (SR)   Coul. recip.      Potential
   -3.16682e+04   -1.05137e+03   -1.48817e+05    1.72134e+03   -1.40551e+05
    Kinetic En.   Total Energy  Conserved En.    Temperature Pres. DC (bar)
    1.68971e+04   -1.23654e+05   -7.99255e+04    3.02486e+02   -2.74575e+01
 Pressure (bar)   Constr. rmsd
   -1.85029e+02    5.03007e-06


DD  step 28799  vol min/aver 0.272  load imb.: force  3.2%  pme mesh/force 0.604
           Step           Time
          28800       57.60000

   Energies (kJ/mol)
       G96Angle    Proper Dih.  Improper Dih.          LJ-14     Coulomb-14
    1.27451e+04    1.02836e+04    7.95780e+02   -1.01304e+03    1.67004e+04
        LJ (SR)  Disper. corr.   Coulomb (SR)   Coul. recip.      Potential
   -3.15950e+04   -1.05137e+03   -1.48937e+05    1.69132e+03   -1.40380e+05
    Kinetic En.   Total Energy  Conserved En.    Temperature Pres. DC (bar)
    1.68143e+04   -1.23566e+05   -7.99266e+04    3.01004e+02   -2.74575e+01
 Pressure (bar)   Constr. rmsd
   -9.92290e+01    4.70103e-06


DD  step 28899  vol min/aver 0.269  load imb.: force  6.3%  pme mesh/force 0.575
           Step           Time
          28900       57.80000

   Energies (kJ/mol)
       G96Angle    Proper Dih.  Improper Dih.          LJ-14     Coulomb-14
    1.28786e+04    1.03474e+04    8.05730e+02   -1.04605e+03    1.64283e+04
        LJ (SR)  Disper. corr.   Coulomb (SR)   Coul. recip.      Potential
   -3.16132e+04   -1.05137e+03   -1.48912e+05    1.66739e+03   -1.40495e+05
    Kinetic En.   Total Energy  Conserved En.    Temperature Pres. DC (bar)
    1.71920e+04   -1.23303e+05   -7.99256e+04    3.07766e+02   -2.74575e+01
 Pressure (bar)   Constr. rmsd
   -1.28640e+02    5.10004e-06


DD  step 28999  vol min/aver 0.268  load imb.: force  2.5%  pme mesh/force 0.679
           Step           Time
          29000       58.00000

   Energies (kJ/mol)
       G96Angle    Proper Dih.  Improper Dih.          LJ-14     Coulomb-14
    1.26079e+04    1.02562e+04    7.44798e+02   -9.49410e+02    1.66773e+04
        LJ (SR)  Disper. corr.   Coulomb (SR)   Coul. recip.      Potential
   -3.13897e+04   -1.05137e+03   -1.48991e+05    1.70266e+03   -1.40393e+05
    Kinetic En.   Total Energy  Conserved En.    Temperature Pres. DC (bar)
    1.66115e+04   -1.23781e+05   -7.99254e+04    2.97374e+02   -2.74575e+01
 Pressure (bar)   Constr. rmsd
   -1.53745e+02    4.76543e-06


DD  step 29099  vol min/aver 0.273  load imb.: force  3.1%  pme mesh/force 0.626
           Step           Time
          29100       58.20000

   Energies (kJ/mol)
       G96Angle    Proper Dih.  Improper Dih.          LJ-14     Coulomb-14
    1.26886e+04    9.84242e+03    7.46585e+02   -8.72639e+02    1.67165e+04
        LJ (SR)  Disper. corr.   Coulomb (SR)   Coul. recip.      Potential
   -3.15951e+04   -1.05137e+03   -1.48915e+05    1.67357e+03   -1.40767e+05
    Kinetic En.   Total Energy  Conserved En.    Temperature Pres. DC (bar)
    1.66873e+04   -1.24080e+05   -7.99265e+04    2.98730e+02   -2.74575e+01
 Pressure (bar)   Constr. rmsd
   -5.07298e+01    4.82064e-06


DD  step 29199  vol min/aver 0.274  load imb.: force  3.0%  pme mesh/force 0.667
           Step           Time
          29200       58.40000

   Energies (kJ/mol)
       G96Angle    Proper Dih.  Improper Dih.          LJ-14     Coulomb-14
    1.25304e+04    1.00320e+04    7.30388e+02   -1.05328e+03    1.63513e+04
        LJ (SR)  Disper. corr.   Coulomb (SR)   Coul. recip.      Potential
   -3.14350e+04   -1.05137e+03   -1.48742e+05    1.72874e+03   -1.40908e+05
    Kinetic En.   Total Energy  Conserved En.    Temperature Pres. DC (bar)
    1.67386e+04   -1.24170e+05   -7.99257e+04    2.99649e+02   -2.74575e+01
 Pressure (bar)   Constr. rmsd
   -1.16970e+01    4.50721e-06


DD  step 29299  vol min/aver 0.280  load imb.: force  3.2%  pme mesh/force 0.622
           Step           Time
          29300       58.60000

   Energies (kJ/mol)
       G96Angle    Proper Dih.  Improper Dih.          LJ-14     Coulomb-14
    1.27962e+04    9.97297e+03    6.95068e+02   -9.98816e+02    1.66182e+04
        LJ (SR)  Disper. corr.   Coulomb (SR)   Coul. recip.      Potential
   -3.15221e+04   -1.05137e+03   -1.48821e+05    1.70686e+03   -1.40604e+05
    Kinetic En.   Total Energy  Conserved En.    Temperature Pres. DC (bar)
    1.67110e+04   -1.23892e+05   -7.99242e+04    2.99156e+02   -2.74575e+01
 Pressure (bar)   Constr. rmsd
   -1.09001e+02    4.59714e-06


DD  step 29399  vol min/aver 0.288  load imb.: force  4.6%  pme mesh/force 0.597
           Step           Time
          29400       58.80000

   Energies (kJ/mol)
       G96Angle    Proper Dih.  Improper Dih.          LJ-14     Coulomb-14
    1.27550e+04    1.01435e+04    7.30382e+02   -9.62404e+02    1.64285e+04
        LJ (SR)  Disper. corr.   Coulomb (SR)   Coul. recip.      Potential
   -3.13622e+04   -1.05137e+03   -1.48733e+05    1.77553e+03   -1.40276e+05
    Kinetic En.   Total Energy  Conserved En.    Temperature Pres. DC (bar)
    1.65974e+04   -1.23679e+05   -7.99242e+04    2.97122e+02   -2.74575e+01
 Pressure (bar)   Constr. rmsd
   -8.25681e+01    4.74678e-06


DD  step 29499  vol min/aver 0.287  load imb.: force  4.7%  pme mesh/force 0.633
           Step           Time
          29500       59.00000

   Energies (kJ/mol)
       G96Angle    Proper Dih.  Improper Dih.          LJ-14     Coulomb-14
    1.27084e+04    1.00720e+04    7.87818e+02   -1.00057e+03    1.62860e+04
        LJ (SR)  Disper. corr.   Coulomb (SR)   Coul. recip.      Potential
   -3.15174e+04   -1.05137e+03   -1.48760e+05    1.69055e+03   -1.40785e+05
    Kinetic En.   Total Energy  Conserved En.    Temperature Pres. DC (bar)
    1.66650e+04   -1.24120e+05   -7.99237e+04    2.98330e+02   -2.74575e+01
 Pressure (bar)   Constr. rmsd
   -1.53328e+02    4.45909e-06


DD  step 29599  vol min/aver 0.296  load imb.: force  3.1%  pme mesh/force 0.618
           Step           Time
          29600       59.20000

   Energies (kJ/mol)
       G96Angle    Proper Dih.  Improper Dih.          LJ-14     Coulomb-14
    1.27905e+04    1.01419e+04    7.01508e+02   -7.85432e+02    1.60490e+04
        LJ (SR)  Disper. corr.   Coulomb (SR)   Coul. recip.      Potential
   -3.14187e+04   -1.05137e+03   -1.48895e+05    1.67011e+03   -1.40798e+05
    Kinetic En.   Total Energy  Conserved En.    Temperature Pres. DC (bar)
    1.64929e+04   -1.24305e+05   -7.99255e+04    2.95251e+02   -2.74575e+01
 Pressure (bar)   Constr. rmsd
   -1.10066e+02    4.76603e-06


DD  step 29699  vol min/aver 0.295  load imb.: force  4.3%  pme mesh/force 0.643
           Step           Time
          29700       59.40000

   Energies (kJ/mol)
       G96Angle    Proper Dih.  Improper Dih.          LJ-14     Coulomb-14
    1.25451e+04    1.00124e+04    6.95692e+02   -1.10035e+03    1.61656e+04
        LJ (SR)  Disper. corr.   Coulomb (SR)   Coul. recip.      Potential
   -3.15815e+04   -1.05137e+03   -1.48616e+05    1.74369e+03   -1.41187e+05
    Kinetic En.   Total Energy  Conserved En.    Temperature Pres. DC (bar)
    1.67295e+04   -1.24458e+05   -7.99258e+04    2.99486e+02   -2.74575e+01
 Pressure (bar)   Constr. rmsd
   -1.73258e+02    4.78646e-06


DD  step 29799  vol min/aver 0.290  load imb.: force  3.8%  pme mesh/force 0.644
           Step           Time
          29800       59.60000

   Energies (kJ/mol)
       G96Angle    Proper Dih.  Improper Dih.          LJ-14     Coulomb-14
    1.32409e+04    1.01893e+04    7.87504e+02   -1.05876e+03    1.61351e+04
        LJ (SR)  Disper. corr.   Coulomb (SR)   Coul. recip.      Potential
   -3.13754e+04   -1.05137e+03   -1.48844e+05    1.68872e+03   -1.40288e+05
    Kinetic En.   Total Energy  Conserved En.    Temperature Pres. DC (bar)
    1.65655e+04   -1.23723e+05   -7.99211e+04    2.96551e+02   -2.74575e+01
 Pressure (bar)   Constr. rmsd
   -1.02200e+02    4.81641e-06


DD  step 29899  vol min/aver 0.288  load imb.: force  1.9%  pme mesh/force 0.585
           Step           Time
          29900       59.80000

   Energies (kJ/mol)
       G96Angle    Proper Dih.  Improper Dih.          LJ-14     Coulomb-14
    1.27318e+04    1.00769e+04    7.17288e+02   -9.23495e+02    1.63152e+04
        LJ (SR)  Disper. corr.   Coulomb (SR)   Coul. recip.      Potential
   -3.15735e+04   -1.05137e+03   -1.48665e+05    1.70706e+03   -1.40666e+05
    Kinetic En.   Total Energy  Conserved En.    Temperature Pres. DC (bar)
    1.66992e+04   -1.23966e+05   -7.99243e+04    2.98943e+02   -2.74575e+01
 Pressure (bar)   Constr. rmsd
   -1.03998e+02    4.53628e-06


DD  step 29999  vol min/aver 0.284  load imb.: force  4.9%  pme mesh/force 0.646
           Step           Time
          30000       60.00000

   Energies (kJ/mol)
       G96Angle    Proper Dih.  Improper Dih.          LJ-14     Coulomb-14
    1.26586e+04    1.02960e+04    6.98575e+02   -1.04843e+03    1.62102e+04
        LJ (SR)  Disper. corr.   Coulomb (SR)   Coul. recip.      Potential
   -3.14882e+04   -1.05137e+03   -1.48624e+05    1.70344e+03   -1.40646e+05
    Kinetic En.   Total Energy  Conserved En.    Temperature Pres. DC (bar)
    1.66306e+04   -1.24015e+05   -7.99243e+04    2.97715e+02   -2.74575e+01
 Pressure (bar)   Constr. rmsd
   -6.41574e+01    4.67254e-06


DD  step 30099  vol min/aver 0.286  load imb.: force  4.7%  pme mesh/force 0.621
           Step           Time
          30100       60.20000

   Energies (kJ/mol)
       G96Angle    Proper Dih.  Improper Dih.          LJ-14     Coulomb-14
    1.25888e+04    9.92119e+03    7.38115e+02   -1.01713e+03    1.64521e+04
        LJ (SR)  Disper. corr.   Coulomb (SR)   Coul. recip.      Potential
   -3.15547e+04   -1.05137e+03   -1.48680e+05    1.67830e+03   -1.40925e+05
    Kinetic En.   Total Energy  Conserved En.    Temperature Pres. DC (bar)
    1.63477e+04   -1.24577e+05   -7.99228e+04    2.92651e+02   -2.74575e+01
 Pressure (bar)   Constr. rmsd
   -1.23782e+02    4.78526e-06


DD  step 30199  vol min/aver 0.286  load imb.: force  3.4%  pme mesh/force 0.630
           Step           Time
          30200       60.40000

   Energies (kJ/mol)
       G96Angle    Proper Dih.  Improper Dih.          LJ-14     Coulomb-14
    1.27094e+04    9.98936e+03    7.85751e+02   -7.18482e+02    1.62631e+04
        LJ (SR)  Disper. corr.   Coulomb (SR)   Coul. recip.      Potential
   -3.15357e+04   -1.05137e+03   -1.48822e+05    1.64382e+03   -1.40736e+05
    Kinetic En.   Total Energy  Conserved En.    Temperature Pres. DC (bar)
    1.65345e+04   -1.24201e+05   -7.99231e+04    2.95996e+02   -2.74575e+01
 Pressure (bar)   Constr. rmsd
   -5.61469e+01    4.67054e-06


DD  step 30299  vol min/aver 0.281  load imb.: force  2.9%  pme mesh/force 0.597
           Step           Time
          30300       60.60000

   Energies (kJ/mol)
       G96Angle    Proper Dih.  Improper Dih.          LJ-14     Coulomb-14
    1.27654e+04    9.97011e+03    7.22211e+02   -1.01318e+03    1.62344e+04
        LJ (SR)  Disper. corr.   Coulomb (SR)   Coul. recip.      Potential
   -3.15530e+04   -1.05137e+03   -1.48828e+05    1.65940e+03   -1.41094e+05
    Kinetic En.   Total Energy  Conserved En.    Temperature Pres. DC (bar)
    1.67912e+04   -1.24303e+05   -7.99232e+04    3.00590e+02   -2.74575e+01
 Pressure (bar)   Constr. rmsd
   -6.13830e+01    4.68048e-06


DD  step 30399  vol min/aver 0.281  load imb.: force  2.7%  pme mesh/force 0.629
           Step           Time
          30400       60.80000

   Energies (kJ/mol)
       G96Angle    Proper Dih.  Improper Dih.          LJ-14     Coulomb-14
    1.24923e+04    1.02672e+04    6.48734e+02   -1.07735e+03    1.67300e+04
        LJ (SR)  Disper. corr.   Coulomb (SR)   Coul. recip.      Potential
   -3.14906e+04   -1.05137e+03   -1.48929e+05    1.71545e+03   -1.40694e+05
    Kinetic En.   Total Energy  Conserved En.    Temperature Pres. DC (bar)
    1.68366e+04   -1.23858e+05   -7.99242e+04    3.01404e+02   -2.74575e+01
 Pressure (bar)   Constr. rmsd
   -6.60222e+01    4.60021e-06


DD  step 30499  vol min/aver 0.277  load imb.: force  4.5%  pme mesh/force 0.600
           Step           Time
          30500       61.00000

   Energies (kJ/mol)
       G96Angle    Proper Dih.  Improper Dih.          LJ-14     Coulomb-14
    1.26654e+04    1.02745e+04    6.80121e+02   -1.00861e+03    1.63595e+04
        LJ (SR)  Disper. corr.   Coulomb (SR)   Coul. recip.      Potential
   -3.15849e+04   -1.05137e+03   -1.48600e+05    1.74317e+03   -1.40523e+05
    Kinetic En.   Total Energy  Conserved En.    Temperature Pres. DC (bar)
    1.64325e+04   -1.24090e+05   -7.99226e+04    2.94169e+02   -2.74575e+01
 Pressure (bar)   Constr. rmsd
   -1.29949e+02    4.73232e-06


DD  step 30599  vol min/aver 0.273  load imb.: force  4.4%  pme mesh/force 0.620
           Step           Time
          30600       61.20000

   Energies (kJ/mol)
       G96Angle    Proper Dih.  Improper Dih.          LJ-14     Coulomb-14
    1.29051e+04    1.02718e+04    7.01161e+02   -1.02157e+03    1.64639e+04
        LJ (SR)  Disper. corr.   Coulomb (SR)   Coul. recip.      Potential
   -3.15334e+04   -1.05137e+03   -1.48878e+05    1.73908e+03   -1.40403e+05
    Kinetic En.   Total Energy  Conserved En.    Temperature Pres. DC (bar)
    1.66977e+04   -1.23705e+05   -7.99229e+04    2.98917e+02   -2.74575e+01
 Pressure (bar)   Constr. rmsd
   -1.23530e+02    4.65171e-06


DD  step 30699  vol min/aver 0.272  load imb.: force  3.6%  pme mesh/force 0.611
           Step           Time
          30700       61.40000

   Energies (kJ/mol)
       G96Angle    Proper Dih.  Improper Dih.          LJ-14     Coulomb-14
    1.26346e+04    1.02253e+04    7.64300e+02   -1.12019e+03    1.66072e+04
        LJ (SR)  Disper. corr.   Coulomb (SR)   Coul. recip.      Potential
   -3.14638e+04   -1.05137e+03   -1.48699e+05    1.70876e+03   -1.40394e+05
    Kinetic En.   Total Energy  Conserved En.    Temperature Pres. DC (bar)
    1.67992e+04   -1.23595e+05   -7.99226e+04    3.00735e+02   -2.74575e+01
 Pressure (bar)   Constr. rmsd
   -1.56885e+02    4.86927e-06


DD  step 30799  vol min/aver 0.273  load imb.: force  2.1%  pme mesh/force 0.582
           Step           Time
          30800       61.60000

   Energies (kJ/mol)
       G96Angle    Proper Dih.  Improper Dih.          LJ-14     Coulomb-14
    1.28113e+04    1.02177e+04    7.25647e+02   -9.96263e+02    1.63675e+04
        LJ (SR)  Disper. corr.   Coulomb (SR)   Coul. recip.      Potential
   -3.14098e+04   -1.05137e+03   -1.48826e+05    1.68590e+03   -1.40476e+05
    Kinetic En.   Total Energy  Conserved En.    Temperature Pres. DC (bar)
    1.70739e+04   -1.23402e+05   -7.99238e+04    3.05651e+02   -2.74575e+01
 Pressure (bar)   Constr. rmsd
   -9.14375e+01    4.97708e-06


DD  step 30899  vol min/aver 0.273  load imb.: force  3.7%  pme mesh/force 0.607
           Step           Time
          30900       61.80000

   Energies (kJ/mol)
       G96Angle    Proper Dih.  Improper Dih.          LJ-14     Coulomb-14
    1.27301e+04    1.00917e+04    8.03632e+02   -1.01347e+03    1.64685e+04
        LJ (SR)  Disper. corr.   Coulomb (SR)   Coul. recip.      Potential
   -3.13662e+04   -1.05137e+03   -1.48914e+05    1.64668e+03   -1.40604e+05
    Kinetic En.   Total Energy  Conserved En.    Temperature Pres. DC (bar)
    1.72465e+04   -1.23357e+05   -7.99231e+04    3.08741e+02   -2.74575e+01
 Pressure (bar)   Constr. rmsd
   -7.33330e+01    4.51300e-06


DD  step 30999  vol min/aver 0.278  load imb.: force  4.3%  pme mesh/force 0.618
           Step           Time
          31000       62.00000

   Energies (kJ/mol)
       G96Angle    Proper Dih.  Improper Dih.          LJ-14     Coulomb-14
    1.25298e+04    1.02465e+04    6.93134e+02   -1.06818e+03    1.67256e+04
        LJ (SR)  Disper. corr.   Coulomb (SR)   Coul. recip.      Potential
   -3.14919e+04   -1.05137e+03   -1.48752e+05    1.72189e+03   -1.40447e+05
    Kinetic En.   Total Energy  Conserved En.    Temperature Pres. DC (bar)
    1.69007e+04   -1.23546e+05   -7.99233e+04    3.02550e+02   -2.74575e+01
 Pressure (bar)   Constr. rmsd
   -9.61385e+01    4.86650e-06


DD  step 31099  vol min/aver 0.282  load imb.: force  3.2%  pme mesh/force 0.630
           Step           Time
          31100       62.20000

   Energies (kJ/mol)
       G96Angle    Proper Dih.  Improper Dih.          LJ-14     Coulomb-14
    1.25186e+04    1.02398e+04    6.38924e+02   -1.15152e+03    1.68233e+04
        LJ (SR)  Disper. corr.   Coulomb (SR)   Coul. recip.      Potential
   -3.13761e+04   -1.05137e+03   -1.48894e+05    1.67645e+03   -1.40576e+05
    Kinetic En.   Total Energy  Conserved En.    Temperature Pres. DC (bar)
    1.68803e+04   -1.23696e+05   -7.99227e+04    3.02185e+02   -2.74575e+01
 Pressure (bar)   Constr. rmsd
   -1.73289e+02    4.68311e-06


DD  step 31199  vol min/aver 0.291  load imb.: force  9.3%  pme mesh/force 0.556
           Step           Time
          31200       62.40000

   Energies (kJ/mol)
       G96Angle    Proper Dih.  Improper Dih.          LJ-14     Coulomb-14
    1.29248e+04    1.00440e+04    7.46912e+02   -8.48364e+02    1.58819e+04
        LJ (SR)  Disper. corr.   Coulomb (SR)   Coul. recip.      Potential
   -3.17482e+04   -1.05137e+03   -1.48315e+05    1.70389e+03   -1.40661e+05
    Kinetic En.   Total Energy  Conserved En.    Temperature Pres. DC (bar)
    1.68261e+04   -1.23835e+05   -7.99232e+04    3.01214e+02   -2.74575e+01
 Pressure (bar)   Constr. rmsd
   -1.90410e+02    4.70846e-06


DD  step 31299  vol min/aver 0.294  load imb.: force  3.9%  pme mesh/force 0.620
           Step           Time
          31300       62.60000

   Energies (kJ/mol)
       G96Angle    Proper Dih.  Improper Dih.          LJ-14     Coulomb-14
    1.24355e+04    9.92042e+03    7.06672e+02   -9.36240e+02    1.67386e+04
        LJ (SR)  Disper. corr.   Coulomb (SR)   Coul. recip.      Potential
   -3.12317e+04   -1.05137e+03   -1.48985e+05    1.70928e+03   -1.40694e+05
    Kinetic En.   Total Energy  Conserved En.    Temperature Pres. DC (bar)
    1.66598e+04   -1.24034e+05   -7.99220e+04    2.98238e+02   -2.74575e+01
 Pressure (bar)   Constr. rmsd
   -8.98805e+01    4.57412e-06


DD  step 31399  vol min/aver 0.292  load imb.: force  2.8%  pme mesh/force 0.580
           Step           Time
          31400       62.80000

   Energies (kJ/mol)
       G96Angle    Proper Dih.  Improper Dih.          LJ-14     Coulomb-14
    1.29304e+04    9.95749e+03    7.11837e+02   -1.00716e+03    1.62148e+04
        LJ (SR)  Disper. corr.   Coulomb (SR)   Coul. recip.      Potential
   -3.15465e+04   -1.05137e+03   -1.48516e+05    1.75693e+03   -1.40549e+05
    Kinetic En.   Total Energy  Conserved En.    Temperature Pres. DC (bar)
    1.67444e+04   -1.23805e+05   -7.99184e+04    2.99752e+02   -2.74575e+01
 Pressure (bar)   Constr. rmsd
   -3.42410e+01    4.71958e-06


DD  step 31499  vol min/aver 0.294  load imb.: force  4.6%  pme mesh/force 0.601
           Step           Time
          31500       63.00000

   Energies (kJ/mol)
       G96Angle    Proper Dih.  Improper Dih.          LJ-14     Coulomb-14
    1.29529e+04    1.02405e+04    6.81502e+02   -1.20934e+03    1.64150e+04
        LJ (SR)  Disper. corr.   Coulomb (SR)   Coul. recip.      Potential
   -3.12680e+04   -1.05137e+03   -1.48745e+05    1.68595e+03   -1.40298e+05
    Kinetic En.   Total Energy  Conserved En.    Temperature Pres. DC (bar)
    1.67107e+04   -1.23588e+05   -7.99210e+04    2.99149e+02   -2.74575e+01
 Pressure (bar)   Constr. rmsd
   -6.31457e+01    4.84457e-06


DD  step 31599  vol min/aver 0.295  load imb.: force  3.0%  pme mesh/force 0.572
           Step           Time
          31600       63.20000

   Energies (kJ/mol)
       G96Angle    Proper Dih.  Improper Dih.          LJ-14     Coulomb-14
    1.25409e+04    1.01668e+04    7.70890e+02   -8.94832e+02    1.66953e+04
        LJ (SR)  Disper. corr.   Coulomb (SR)   Coul. recip.      Potential
   -3.16070e+04   -1.05137e+03   -1.48857e+05    1.73367e+03   -1.40503e+05
    Kinetic En.   Total Energy  Conserved En.    Temperature Pres. DC (bar)
    1.68933e+04   -1.23610e+05   -7.99207e+04    3.02418e+02   -2.74575e+01
 Pressure (bar)   Constr. rmsd
   -6.57102e+01    4.63484e-06


DD  step 31699  vol min/aver 0.295  load imb.: force  4.9%  pme mesh/force 0.605
           Step           Time
          31700       63.40000

   Energies (kJ/mol)
       G96Angle    Proper Dih.  Improper Dih.          LJ-14     Coulomb-14
    1.27396e+04    1.00872e+04    7.13364e+02   -1.12443e+03    1.64060e+04
        LJ (SR)  Disper. corr.   Coulomb (SR)   Coul. recip.      Potential
   -3.13677e+04   -1.05137e+03   -1.48710e+05    1.72223e+03   -1.40585e+05
    Kinetic En.   Total Energy  Conserved En.    Temperature Pres. DC (bar)
    1.67764e+04   -1.23808e+05   -7.99213e+04    3.00325e+02   -2.74575e+01
 Pressure (bar)   Constr. rmsd
   -1.01639e+02    4.51351e-06


DD  step 31799  vol min/aver 0.296  load imb.: force  4.2%  pme mesh/force 0.606
           Step           Time
          31800       63.60000

   Energies (kJ/mol)
       G96Angle    Proper Dih.  Improper Dih.          LJ-14     Coulomb-14
    1.26758e+04    1.04137e+04    6.71536e+02   -1.04596e+03    1.62326e+04
        LJ (SR)  Disper. corr.   Coulomb (SR)   Coul. recip.      Potential
   -3.14271e+04   -1.05137e+03   -1.48671e+05    1.68157e+03   -1.40520e+05
    Kinetic En.   Total Energy  Conserved En.    Temperature Pres. DC (bar)
    1.66904e+04   -1.23829e+05   -7.99213e+04    2.98785e+02   -2.74575e+01
 Pressure (bar)   Constr. rmsd
   -9.54479e+01    4.83667e-06


DD  step 31899  vol min/aver 0.296  load imb.: force  2.9%  pme mesh/force 0.616
           Step           Time
          31900       63.80000

   Energies (kJ/mol)
       G96Angle    Proper Dih.  Improper Dih.          LJ-14     Coulomb-14
    1.26239e+04    1.03380e+04    7.41677e+02   -1.06326e+03    1.68303e+04
        LJ (SR)  Disper. corr.   Coulomb (SR)   Coul. recip.      Potential
   -3.14176e+04   -1.05137e+03   -1.49039e+05    1.65968e+03   -1.40378e+05
    Kinetic En.   Total Energy  Conserved En.    Temperature Pres. DC (bar)
    1.65596e+04   -1.23818e+05   -7.99197e+04    2.96445e+02   -2.74575e+01
 Pressure (bar)   Constr. rmsd
   -7.36248e+01    4.86677e-06


DD  step 31999  vol min/aver 0.297  load imb.: force  3.9%  pme mesh/force 0.597
           Step           Time
          32000       64.00000

   Energies (kJ/mol)
       G96Angle    Proper Dih.  Improper Dih.          LJ-14     Coulomb-14
    1.27926e+04    1.01358e+04    7.70117e+02   -9.91810e+02    1.61627e+04
        LJ (SR)  Disper. corr.   Coulomb (SR)   Coul. recip.      Potential
   -3.14563e+04   -1.05137e+03   -1.48444e+05    1.71940e+03   -1.40363e+05
    Kinetic En.   Total Energy  Conserved En.    Temperature Pres. DC (bar)
    1.68791e+04   -1.23484e+05   -7.99207e+04    3.02164e+02   -2.74575e+01
 Pressure (bar)   Constr. rmsd
   -8.61326e+01    4.86664e-06


DD  step 32099  vol min/aver 0.291  load imb.: force  2.9%  pme mesh/force 0.643
           Step           Time
          32100       64.20000

   Energies (kJ/mol)
       G96Angle    Proper Dih.  Improper Dih.          LJ-14     Coulomb-14
    1.24456e+04    1.01018e+04    7.04501e+02   -1.01345e+03    1.65706e+04
        LJ (SR)  Disper. corr.   Coulomb (SR)   Coul. recip.      Potential
   -3.13774e+04   -1.05137e+03   -1.48754e+05    1.74911e+03   -1.40624e+05
    Kinetic En.   Total Energy  Conserved En.    Temperature Pres. DC (bar)
    1.68813e+04   -1.23743e+05   -7.99192e+04    3.02204e+02   -2.74575e+01
 Pressure (bar)   Constr. rmsd
   -4.98386e+01    4.82095e-06


DD  step 32199  vol min/aver 0.293  load imb.: force  2.8%  pme mesh/force 0.594
           Step           Time
          32200       64.40000

   Energies (kJ/mol)
       G96Angle    Proper Dih.  Improper Dih.          LJ-14     Coulomb-14
    1.25275e+04    1.01211e+04    7.46448e+02   -1.22602e+03    1.66486e+04
        LJ (SR)  Disper. corr.   Coulomb (SR)   Coul. recip.      Potential
   -3.12645e+04   -1.05137e+03   -1.48841e+05    1.75316e+03   -1.40586e+05
    Kinetic En.   Total Energy  Conserved En.    Temperature Pres. DC (bar)
    1.64471e+04   -1.24139e+05   -7.99195e+04    2.94430e+02   -2.74575e+01
 Pressure (bar)   Constr. rmsd
   -4.81216e+01    4.51366e-06


DD  step 32299  vol min/aver 0.292  load imb.: force  5.6%  pme mesh/force 0.594
           Step           Time
          32300       64.60000

   Energies (kJ/mol)
       G96Angle    Proper Dih.  Improper Dih.          LJ-14     Coulomb-14
    1.28052e+04    1.00978e+04    7.03032e+02   -1.10793e+03    1.60799e+04
        LJ (SR)  Disper. corr.   Coulomb (SR)   Coul. recip.      Potential
   -3.15108e+04   -1.05137e+03   -1.48444e+05    1.76740e+03   -1.40661e+05
    Kinetic En.   Total Energy  Conserved En.    Temperature Pres. DC (bar)
    1.62617e+04   -1.24399e+05   -7.99188e+04    2.91112e+02   -2.74575e+01
 Pressure (bar)   Constr. rmsd
   -1.59580e+02    4.70364e-06


DD  step 32399  vol min/aver 0.289  load imb.: force  2.4%  pme mesh/force 0.604
           Step           Time
          32400       64.80000

   Energies (kJ/mol)
       G96Angle    Proper Dih.  Improper Dih.          LJ-14     Coulomb-14
    1.24514e+04    9.92868e+03    7.44962e+02   -7.83359e+02    1.63481e+04
        LJ (SR)  Disper. corr.   Coulomb (SR)   Coul. recip.      Potential
   -3.14749e+04   -1.05137e+03   -1.48562e+05    1.72425e+03   -1.40674e+05
    Kinetic En.   Total Energy  Conserved En.    Temperature Pres. DC (bar)
    1.68348e+04   -1.23839e+05   -7.99196e+04    3.01370e+02   -2.74575e+01
 Pressure (bar)   Constr. rmsd
    4.48325e+01    4.72572e-06


DD  step 32499  vol min/aver 0.286  load imb.: force  3.4%  pme mesh/force 0.611
           Step           Time
          32500       65.00000

   Energies (kJ/mol)
       G96Angle    Proper Dih.  Improper Dih.          LJ-14     Coulomb-14
    1.25054e+04    1.02198e+04    6.93126e+02   -8.97197e+02    1.65936e+04
        LJ (SR)  Disper. corr.   Coulomb (SR)   Coul. recip.      Potential
   -3.14175e+04   -1.05137e+03   -1.48974e+05    1.72129e+03   -1.40607e+05
    Kinetic En.   Total Energy  Conserved En.    Temperature Pres. DC (bar)
    1.69496e+04   -1.23657e+05   -7.99196e+04    3.03427e+02   -2.74575e+01
 Pressure (bar)   Constr. rmsd
   -7.11858e+01    5.02499e-06


DD  step 32599  vol min/aver 0.289  load imb.: force  3.2%  pme mesh/force 0.620
           Step           Time
          32600       65.20000

   Energies (kJ/mol)
       G96Angle    Proper Dih.  Improper Dih.          LJ-14     Coulomb-14
    1.28423e+04    1.01099e+04    7.56540e+02   -9.29605e+02    1.57432e+04
        LJ (SR)  Disper. corr.   Coulomb (SR)   Coul. recip.      Potential
   -3.14813e+04   -1.05137e+03   -1.48665e+05    1.66542e+03   -1.41010e+05
    Kinetic En.   Total Energy  Conserved En.    Temperature Pres. DC (bar)
    1.69989e+04   -1.24011e+05   -7.99214e+04    3.04309e+02   -2.74575e+01
 Pressure (bar)   Constr. rmsd
   -1.17388e+02    4.95095e-06


DD  step 32699  vol min/aver 0.286  load imb.: force  6.4%  pme mesh/force 0.622
           Step           Time
          32700       65.40000

   Energies (kJ/mol)
       G96Angle    Proper Dih.  Improper Dih.          LJ-14     Coulomb-14
    1.24208e+04    1.01415e+04    7.43085e+02   -1.01948e+03    1.64236e+04
        LJ (SR)  Disper. corr.   Coulomb (SR)   Coul. recip.      Potential
   -3.16754e+04   -1.05137e+03   -1.48845e+05    1.70175e+03   -1.41161e+05
    Kinetic En.   Total Energy  Conserved En.    Temperature Pres. DC (bar)
    1.67371e+04   -1.24424e+05   -7.99211e+04    2.99622e+02   -2.74575e+01
 Pressure (bar)   Constr. rmsd
   -1.20737e+02    4.96461e-06


DD  step 32799  vol min/aver 0.288  load imb.: force  2.5%  pme mesh/force 0.584
           Step           Time
          32800       65.60000

   Energies (kJ/mol)
       G96Angle    Proper Dih.  Improper Dih.          LJ-14     Coulomb-14
    1.23977e+04    9.98367e+03    6.98773e+02   -1.11021e+03    1.66813e+04
        LJ (SR)  Disper. corr.   Coulomb (SR)   Coul. recip.      Potential
   -3.16283e+04   -1.05137e+03   -1.48765e+05    1.72351e+03   -1.41070e+05
    Kinetic En.   Total Energy  Conserved En.    Temperature Pres. DC (bar)
    1.66642e+04   -1.24406e+05   -7.99202e+04    2.98317e+02   -2.74575e+01
 Pressure (bar)   Constr. rmsd
   -1.52656e+02    4.89990e-06


DD  step 32899  vol min/aver 0.291  load imb.: force  7.2%  pme mesh/force 0.589
           Step           Time
          32900       65.80000

   Energies (kJ/mol)
       G96Angle    Proper Dih.  Improper Dih.          LJ-14     Coulomb-14
    1.28951e+04    9.92535e+03    6.42039e+02   -9.29879e+02    1.61303e+04
        LJ (SR)  Disper. corr.   Coulomb (SR)   Coul. recip.      Potential
   -3.14119e+04   -1.05137e+03   -1.48647e+05    1.69762e+03   -1.40749e+05
    Kinetic En.   Total Energy  Conserved En.    Temperature Pres. DC (bar)
    1.67280e+04   -1.24021e+05   -7.99188e+04    2.99460e+02   -2.74575e+01
 Pressure (bar)   Constr. rmsd
   -4.06969e+01    4.74670e-06


DD  step 32999  vol min/aver 0.298  load imb.: force  3.4%  pme mesh/force 0.592
           Step           Time
          33000       66.00000

   Energies (kJ/mol)
       G96Angle    Proper Dih.  Improper Dih.          LJ-14     Coulomb-14
    1.27844e+04    9.94894e+03    7.03226e+02   -1.04585e+03    1.62176e+04
        LJ (SR)  Disper. corr.   Coulomb (SR)   Coul. recip.      Potential
   -3.15928e+04   -1.05137e+03   -1.48331e+05    1.72062e+03   -1.40646e+05
    Kinetic En.   Total Energy  Conserved En.    Temperature Pres. DC (bar)
    1.67945e+04   -1.23852e+05   -7.99193e+04    3.00649e+02   -2.74575e+01
 Pressure (bar)   Constr. rmsd
   -2.04139e+02    5.03292e-06


DD  step 33099  vol min/aver 0.304  load imb.: force  4.5%  pme mesh/force 0.592
           Step           Time
          33100       66.20000

   Energies (kJ/mol)
       G96Angle    Proper Dih.  Improper Dih.          LJ-14     Coulomb-14
    1.25490e+04    1.01255e+04    7.28080e+02   -1.20889e+03    1.64172e+04
        LJ (SR)  Disper. corr.   Coulomb (SR)   Coul. recip.      Potential
   -3.14565e+04   -1.05137e+03   -1.48356e+05    1.71085e+03   -1.40542e+05
    Kinetic En.   Total Energy  Conserved En.    Temperature Pres. DC (bar)
    1.66435e+04   -1.23899e+05   -7.99164e+04    2.97947e+02   -2.74575e+01
 Pressure (bar)   Constr. rmsd
   -1.25360e+02    4.47348e-06


DD  step 33199  vol min/aver 0.304  load imb.: force  4.0%  pme mesh/force 0.522
           Step           Time
          33200       66.40000

   Energies (kJ/mol)
       G96Angle    Proper Dih.  Improper Dih.          LJ-14     Coulomb-14
    1.25231e+04    9.65191e+03    7.16749e+02   -1.19294e+03    1.63499e+04
        LJ (SR)  Disper. corr.   Coulomb (SR)   Coul. recip.      Potential
   -3.13667e+04   -1.05137e+03   -1.48426e+05    1.70727e+03   -1.41088e+05
    Kinetic En.   Total Energy  Conserved En.    Temperature Pres. DC (bar)
    1.67076e+04   -1.24381e+05   -7.99195e+04    2.99094e+02   -2.74575e+01
 Pressure (bar)   Constr. rmsd
   -1.94143e+02    4.70244e-06


DD  step 33299  vol min/aver 0.304  load imb.: force  4.5%  pme mesh/force 0.611
           Step           Time
          33300       66.60000

   Energies (kJ/mol)
       G96Angle    Proper Dih.  Improper Dih.          LJ-14     Coulomb-14
    1.25155e+04    9.65611e+03    7.45826e+02   -1.06120e+03    1.63704e+04
        LJ (SR)  Disper. corr.   Coulomb (SR)   Coul. recip.      Potential
   -3.13415e+04   -1.05137e+03   -1.48721e+05    1.68668e+03   -1.41201e+05
    Kinetic En.   Total Energy  Conserved En.    Temperature Pres. DC (bar)
    1.70157e+04   -1.24185e+05   -7.99192e+04    3.04610e+02   -2.74575e+01
 Pressure (bar)   Constr. rmsd
   -1.92636e+02    4.91295e-06


DD  step 33399  vol min/aver 0.303  load imb.: force  3.8%  pme mesh/force 0.567
           Step           Time
          33400       66.80000

   Energies (kJ/mol)
       G96Angle    Proper Dih.  Improper Dih.          LJ-14     Coulomb-14
    1.27887e+04    9.99127e+03    6.14239e+02   -9.39759e+02    1.64915e+04
        LJ (SR)  Disper. corr.   Coulomb (SR)   Coul. recip.      Potential
   -3.15075e+04   -1.05137e+03   -1.48754e+05    1.73082e+03   -1.40636e+05
    Kinetic En.   Total Energy  Conserved En.    Temperature Pres. DC (bar)
    1.67895e+04   -1.23847e+05   -7.99185e+04    3.00560e+02   -2.74575e+01
 Pressure (bar)   Constr. rmsd
   -3.75505e+01    4.89057e-06


DD  step 33499  vol min/aver 0.307  load imb.: force  4.3%  pme mesh/force 0.646
           Step           Time
          33500       67.00000

   Energies (kJ/mol)
       G96Angle    Proper Dih.  Improper Dih.          LJ-14     Coulomb-14
    1.29329e+04    1.00306e+04    7.25441e+02   -9.18111e+02    1.62037e+04
        LJ (SR)  Disper. corr.   Coulomb (SR)   Coul. recip.      Potential
   -3.14860e+04   -1.05137e+03   -1.48666e+05    1.71857e+03   -1.40510e+05
    Kinetic En.   Total Energy  Conserved En.    Temperature Pres. DC (bar)
    1.67216e+04   -1.23789e+05   -7.99182e+04    2.99345e+02   -2.74575e+01
 Pressure (bar)   Constr. rmsd
   -1.25631e+02    4.63869e-06


DD  step 33599  vol min/aver 0.303  load imb.: force  3.4%  pme mesh/force 0.605
           Step           Time
          33600       67.20000

   Energies (kJ/mol)
       G96Angle    Proper Dih.  Improper Dih.          LJ-14     Coulomb-14
    1.26868e+04    1.01209e+04    7.22690e+02   -1.05823e+03    1.69185e+04
        LJ (SR)  Disper. corr.   Coulomb (SR)   Coul. recip.      Potential
   -3.15826e+04   -1.05137e+03   -1.49041e+05    1.66144e+03   -1.40623e+05
    Kinetic En.   Total Energy  Conserved En.    Temperature Pres. DC (bar)
    1.65471e+04   -1.24075e+05   -7.99170e+04    2.96221e+02   -2.74575e+01
 Pressure (bar)   Constr. rmsd
   -9.02446e+01    4.67018e-06


DD  step 33699  vol min/aver 0.298  load imb.: force  5.1%  pme mesh/force 0.625
           Step           Time
          33700       67.40000

   Energies (kJ/mol)
       G96Angle    Proper Dih.  Improper Dih.          LJ-14     Coulomb-14
    1.29511e+04    1.00645e+04    7.44168e+02   -1.03628e+03    1.63141e+04
        LJ (SR)  Disper. corr.   Coulomb (SR)   Coul. recip.      Potential
   -3.16161e+04   -1.05137e+03   -1.48598e+05    1.74459e+03   -1.40484e+05
    Kinetic En.   Total Energy  Conserved En.    Temperature Pres. DC (bar)
    1.67569e+04   -1.23727e+05   -7.99171e+04    2.99976e+02   -2.74575e+01
 Pressure (bar)   Constr. rmsd
   -1.27303e+02    4.82229e-06


DD  step 33799  vol min/aver 0.296  load imb.: force  3.2%  pme mesh/force 0.590
           Step           Time
          33800       67.60000

   Energies (kJ/mol)
       G96Angle    Proper Dih.  Improper Dih.          LJ-14     Coulomb-14
    1.29048e+04    1.01314e+04    7.19638e+02   -8.48134e+02    1.60434e+04
        LJ (SR)  Disper. corr.   Coulomb (SR)   Coul. recip.      Potential
   -3.16066e+04   -1.05137e+03   -1.48562e+05    1.71396e+03   -1.40555e+05
    Kinetic En.   Total Energy  Conserved En.    Temperature Pres. DC (bar)
    1.70157e+04   -1.23539e+05   -7.99165e+04    3.04609e+02   -2.74575e+01
 Pressure (bar)   Constr. rmsd
   -7.19103e+01    5.08878e-06


DD  step 33899  vol min/aver 0.299  load imb.: force  3.9%  pme mesh/force 0.607
           Step           Time
          33900       67.80000

   Energies (kJ/mol)
       G96Angle    Proper Dih.  Improper Dih.          LJ-14     Coulomb-14
    1.28309e+04    1.00606e+04    7.19496e+02   -9.63781e+02    1.60498e+04
        LJ (SR)  Disper. corr.   Coulomb (SR)   Coul. recip.      Potential
   -3.13780e+04   -1.05137e+03   -1.48429e+05    1.67350e+03   -1.40488e+05
    Kinetic En.   Total Energy  Conserved En.    Temperature Pres. DC (bar)
    1.67881e+04   -1.23699e+05   -7.99195e+04    3.00535e+02   -2.74575e+01
 Pressure (bar)   Constr. rmsd
   -5.74683e+01    4.79476e-06


DD  step 33999  vol min/aver 0.304  load imb.: force  4.3%  pme mesh/force 0.583
           Step           Time
          34000       68.00000

   Energies (kJ/mol)
       G96Angle    Proper Dih.  Improper Dih.          LJ-14     Coulomb-14
    1.26975e+04    1.01349e+04    7.03424e+02   -1.16378e+03    1.62003e+04
        LJ (SR)  Disper. corr.   Coulomb (SR)   Coul. recip.      Potential
   -3.15433e+04   -1.05137e+03   -1.48490e+05    1.71873e+03   -1.40793e+05
    Kinetic En.   Total Energy  Conserved En.    Temperature Pres. DC (bar)
    1.69965e+04   -1.23797e+05   -7.99211e+04    3.04265e+02   -2.74575e+01
 Pressure (bar)   Constr. rmsd
   -1.75508e+02    5.11947e-06


DD  step 34099  vol min/aver 0.302  load imb.: force  4.3%  pme mesh/force 0.586
           Step           Time
          34100       68.20000

   Energies (kJ/mol)
       G96Angle    Proper Dih.  Improper Dih.          LJ-14     Coulomb-14
    1.26104e+04    1.01134e+04    7.68059e+02   -1.08937e+03    1.62400e+04
        LJ (SR)  Disper. corr.   Coulomb (SR)   Coul. recip.      Potential
   -3.15283e+04   -1.05137e+03   -1.48669e+05    1.72077e+03   -1.40885e+05
    Kinetic En.   Total Energy  Conserved En.    Temperature Pres. DC (bar)
    1.66390e+04   -1.24246e+05   -7.99181e+04    2.97865e+02   -2.74575e+01
 Pressure (bar)   Constr. rmsd
   -1.76361e+02    4.82554e-06


DD  step 34199  vol min/aver 0.299  load imb.: force  3.3%  pme mesh/force 0.669
           Step           Time
          34200       68.40000

   Energies (kJ/mol)
       G96Angle    Proper Dih.  Improper Dih.          LJ-14     Coulomb-14
    1.24950e+04    1.00884e+04    7.25022e+02   -9.66451e+02    1.66258e+04
        LJ (SR)  Disper. corr.   Coulomb (SR)   Coul. recip.      Potential
   -3.14875e+04   -1.05137e+03   -1.48938e+05    1.67944e+03   -1.40830e+05
    Kinetic En.   Total Energy  Conserved En.    Temperature Pres. DC (bar)
    1.65087e+04   -1.24321e+05   -7.99166e+04    2.95533e+02   -2.74575e+01
 Pressure (bar)   Constr. rmsd
    6.12808e+01    4.62289e-06


DD  step 34299  vol min/aver 0.297  load imb.: force  3.2%  pme mesh/force 0.590
           Step           Time
          34300       68.60000

   Energies (kJ/mol)
       G96Angle    Proper Dih.  Improper Dih.          LJ-14     Coulomb-14
    1.30180e+04    1.00172e+04    8.03642e+02   -9.89844e+02    1.61684e+04
        LJ (SR)  Disper. corr.   Coulomb (SR)   Coul. recip.      Potential
   -3.14331e+04   -1.05137e+03   -1.48722e+05    1.66702e+03   -1.40522e+05
    Kinetic En.   Total Energy  Conserved En.    Temperature Pres. DC (bar)
    1.67160e+04   -1.23806e+05   -7.99153e+04    2.99244e+02   -2.74575e+01
 Pressure (bar)   Constr. rmsd
   -9.12048e+01    4.80429e-06


DD  step 34399  vol min/aver 0.303  load imb.: force  3.4%  pme mesh/force 0.595
           Step           Time
          34400       68.80000

   Energies (kJ/mol)
       G96Angle    Proper Dih.  Improper Dih.          LJ-14     Coulomb-14
    1.28789e+04    9.90092e+03    6.43889e+02   -9.48922e+02    1.57795e+04
        LJ (SR)  Disper. corr.   Coulomb (SR)   Coul. recip.      Potential
   -3.15172e+04   -1.05137e+03   -1.48250e+05    1.72170e+03   -1.40843e+05
    Kinetic En.   Total Energy  Conserved En.    Temperature Pres. DC (bar)
    1.66225e+04   -1.24221e+05   -7.99191e+04    2.97571e+02   -2.74575e+01
 Pressure (bar)   Constr. rmsd
   -1.03433e+02    5.04172e-06


DD  step 34499  vol min/aver 0.304  load imb.: force  3.6%  pme mesh/force 0.569
           Step           Time
          34500       69.00000

   Energies (kJ/mol)
       G96Angle    Proper Dih.  Improper Dih.          LJ-14     Coulomb-14
    1.27130e+04    1.00178e+04    7.08135e+02   -9.52549e+02    1.64845e+04
        LJ (SR)  Disper. corr.   Coulomb (SR)   Coul. recip.      Potential
   -3.14651e+04   -1.05137e+03   -1.48772e+05    1.73353e+03   -1.40584e+05
    Kinetic En.   Total Energy  Conserved En.    Temperature Pres. DC (bar)
    1.68283e+04   -1.23755e+05   -7.99143e+04    3.01255e+02   -2.74575e+01
 Pressure (bar)   Constr. rmsd
   -6.39843e+01    4.67179e-06


DD  step 34599  vol min/aver 0.304  load imb.: force  3.4%  pme mesh/force 0.576
           Step           Time
          34600       69.20000

   Energies (kJ/mol)
       G96Angle    Proper Dih.  Improper Dih.          LJ-14     Coulomb-14
    1.28003e+04    1.01305e+04    7.14056e+02   -9.21879e+02    1.59482e+04
        LJ (SR)  Disper. corr.   Coulomb (SR)   Coul. recip.      Potential
   -3.15007e+04   -1.05137e+03   -1.48616e+05    1.67298e+03   -1.40824e+05
    Kinetic En.   Total Energy  Conserved En.    Temperature Pres. DC (bar)
    1.62436e+04   -1.24581e+05   -7.99160e+04    2.90787e+02   -2.74575e+01
 Pressure (bar)   Constr. rmsd
    3.02439e+01    4.64876e-06


DD  step 34699  vol min/aver 0.308  load imb.: force  2.9%  pme mesh/force 0.615
           Step           Time
          34700       69.40000

   Energies (kJ/mol)
       G96Angle    Proper Dih.  Improper Dih.          LJ-14     Coulomb-14
    1.27864e+04    1.00574e+04    8.17618e+02   -9.65007e+02    1.62186e+04
        LJ (SR)  Disper. corr.   Coulomb (SR)   Coul. recip.      Potential
   -3.14084e+04   -1.05137e+03   -1.48674e+05    1.74348e+03   -1.40475e+05
    Kinetic En.   Total Energy  Conserved En.    Temperature Pres. DC (bar)
    1.63165e+04   -1.24159e+05   -7.99141e+04    2.92092e+02   -2.74575e+01
 Pressure (bar)   Constr. rmsd
    2.16847e+01    4.77454e-06


DD  step 34799  vol min/aver 0.305  load imb.: force  2.1%  pme mesh/force 0.600
           Step           Time
          34800       69.60000

   Energies (kJ/mol)
       G96Angle    Proper Dih.  Improper Dih.          LJ-14     Coulomb-14
    1.25758e+04    1.01846e+04    7.19383e+02   -8.47276e+02    1.60563e+04
        LJ (SR)  Disper. corr.   Coulomb (SR)   Coul. recip.      Potential
   -3.16808e+04   -1.05137e+03   -1.48436e+05    1.70924e+03   -1.40770e+05
    Kinetic En.   Total Energy  Conserved En.    Temperature Pres. DC (bar)
    1.71491e+04   -1.23621e+05   -7.99182e+04    3.06998e+02   -2.74575e+01
 Pressure (bar)   Constr. rmsd
   -1.09041e+02    5.12871e-06


DD  step 34899  vol min/aver 0.305  load imb.: force  1.9%  pme mesh/force 0.620
           Step           Time
          34900       69.80000

   Energies (kJ/mol)
       G96Angle    Proper Dih.  Improper Dih.          LJ-14     Coulomb-14
    1.29748e+04    1.00801e+04    7.96717e+02   -9.94005e+02    1.64258e+04
        LJ (SR)  Disper. corr.   Coulomb (SR)   Coul. recip.      Potential
   -3.14809e+04   -1.05137e+03   -1.48703e+05    1.65251e+03   -1.40299e+05
    Kinetic En.   Total Energy  Conserved En.    Temperature Pres. DC (bar)
    1.67138e+04   -1.23585e+05   -7.99158e+04    2.99205e+02   -2.74575e+01
 Pressure (bar)   Constr. rmsd
   -1.96302e+02    5.02168e-06


DD  step 34999  vol min/aver 0.302  load imb.: force  3.0%  pme mesh/force 0.581
           Step           Time
          35000       70.00000

   Energies (kJ/mol)
       G96Angle    Proper Dih.  Improper Dih.          LJ-14     Coulomb-14
    1.28707e+04    9.99000e+03    7.53644e+02   -1.05319e+03    1.57537e+04
        LJ (SR)  Disper. corr.   Coulomb (SR)   Coul. recip.      Potential
   -3.15789e+04   -1.05137e+03   -1.48315e+05    1.72001e+03   -1.40911e+05
    Kinetic En.   Total Energy  Conserved En.    Temperature Pres. DC (bar)
    1.66735e+04   -1.24237e+05   -7.99162e+04    2.98483e+02   -2.74575e+01
 Pressure (bar)   Constr. rmsd
   -2.67628e+02    5.02630e-06


DD  step 35099  vol min/aver 0.295  load imb.: force  8.5%  pme mesh/force 0.609
           Step           Time
          35100       70.20000

   Energies (kJ/mol)
       G96Angle    Proper Dih.  Improper Dih.          LJ-14     Coulomb-14
    1.28094e+04    1.00638e+04    7.59172e+02   -9.68573e+02    1.60463e+04
        LJ (SR)  Disper. corr.   Coulomb (SR)   Coul. recip.      Potential
   -3.13743e+04   -1.05137e+03   -1.48725e+05    1.71867e+03   -1.40722e+05
    Kinetic En.   Total Energy  Conserved En.    Temperature Pres. DC (bar)
    1.64826e+04   -1.24239e+05   -7.99177e+04    2.95067e+02   -2.74575e+01
 Pressure (bar)   Constr. rmsd
   -9.81725e+01    4.90092e-06


DD  step 35199  vol min/aver 0.295  load imb.: force  4.5%  pme mesh/force 0.615
           Step           Time
          35200       70.40000

   Energies (kJ/mol)
       G96Angle    Proper Dih.  Improper Dih.          LJ-14     Coulomb-14
    1.26788e+04    1.00843e+04    7.20879e+02   -9.62665e+02    1.63034e+04
        LJ (SR)  Disper. corr.   Coulomb (SR)   Coul. recip.      Potential
   -3.15726e+04   -1.05137e+03   -1.48707e+05    1.75150e+03   -1.40755e+05
    Kinetic En.   Total Energy  Conserved En.    Temperature Pres. DC (bar)
    1.67146e+04   -1.24040e+05   -7.99156e+04    2.99219e+02   -2.74575e+01
 Pressure (bar)   Constr. rmsd
   -3.44843e+01    4.97143e-06


DD  step 35299  vol min/aver 0.295  load imb.: force  3.8%  pme mesh/force 0.613
           Step           Time
          35300       70.60000

   Energies (kJ/mol)
       G96Angle    Proper Dih.  Improper Dih.          LJ-14     Coulomb-14
    1.27453e+04    1.01795e+04    7.22982e+02   -9.08011e+02    1.62816e+04
        LJ (SR)  Disper. corr.   Coulomb (SR)   Coul. recip.      Potential
   -3.13602e+04   -1.05137e+03   -1.48953e+05    1.66338e+03   -1.40680e+05
    Kinetic En.   Total Energy  Conserved En.    Temperature Pres. DC (bar)
    1.68641e+04   -1.23816e+05   -7.99152e+04    3.01896e+02   -2.74575e+01
 Pressure (bar)   Constr. rmsd
   -1.43059e+01    4.58271e-06


DD  step 35399  vol min/aver 0.305  load imb.: force  2.5%  pme mesh/force 0.582
           Step           Time
          35400       70.80000

   Energies (kJ/mol)
       G96Angle    Proper Dih.  Improper Dih.          LJ-14     Coulomb-14
    1.28261e+04    1.02376e+04    7.04661e+02   -9.40859e+02    1.60484e+04
        LJ (SR)  Disper. corr.   Coulomb (SR)   Coul. recip.      Potential
   -3.18208e+04   -1.05137e+03   -1.48491e+05    1.74195e+03   -1.40745e+05
    Kinetic En.   Total Energy  Conserved En.    Temperature Pres. DC (bar)
    1.69220e+04   -1.23823e+05   -7.99170e+04    3.02932e+02   -2.74575e+01
 Pressure (bar)   Constr. rmsd
   -1.93500e+02    4.94640e-06


DD  step 35499  vol min/aver 0.304  load imb.: force  3.6%  pme mesh/force 0.580
           Step           Time
          35500       71.00000

   Energies (kJ/mol)
       G96Angle    Proper Dih.  Improper Dih.          LJ-14     Coulomb-14
    1.25594e+04    1.00880e+04    7.34311e+02   -9.74987e+02    1.68260e+04
        LJ (SR)  Disper. corr.   Coulomb (SR)   Coul. recip.      Potential
   -3.14334e+04   -1.05137e+03   -1.49175e+05    1.69627e+03   -1.40731e+05
    Kinetic En.   Total Energy  Conserved En.    Temperature Pres. DC (bar)
    1.63415e+04   -1.24389e+05   -7.99123e+04    2.92540e+02   -2.74575e+01
 Pressure (bar)   Constr. rmsd
   -6.35272e+01    4.76467e-06


DD  step 35599  vol min/aver 0.304  load imb.: force  3.3%  pme mesh/force 0.553
           Step           Time
          35600       71.20000

   Energies (kJ/mol)
       G96Angle    Proper Dih.  Improper Dih.          LJ-14     Coulomb-14
    1.27627e+04    1.02743e+04    8.28721e+02   -1.09360e+03    1.59769e+04
        LJ (SR)  Disper. corr.   Coulomb (SR)   Coul. recip.      Potential
   -3.17929e+04   -1.05137e+03   -1.48424e+05    1.72451e+03   -1.40795e+05
    Kinetic En.   Total Energy  Conserved En.    Temperature Pres. DC (bar)
    1.65966e+04   -1.24198e+05   -7.99142e+04    2.97108e+02   -2.74575e+01
 Pressure (bar)   Constr. rmsd
   -2.33625e+02    4.85033e-06


DD  step 35699  vol min/aver 0.303  load imb.: force  3.2%  pme mesh/force 0.629
           Step           Time
          35700       71.40000

   Energies (kJ/mol)
       G96Angle    Proper Dih.  Improper Dih.          LJ-14     Coulomb-14
    1.23269e+04    1.03982e+04    7.03854e+02   -1.15986e+03    1.64361e+04
        LJ (SR)  Disper. corr.   Coulomb (SR)   Coul. recip.      Potential
   -3.16458e+04   -1.05137e+03   -1.48801e+05    1.76624e+03   -1.41027e+05
    Kinetic En.   Total Energy  Conserved En.    Temperature Pres. DC (bar)
    1.66195e+04   -1.24407e+05   -7.99166e+04    2.97516e+02   -2.74575e+01
 Pressure (bar)   Constr. rmsd
   -9.36627e+01    4.82729e-06


DD  step 35799  vol min/aver 0.299  load imb.: force  5.1%  pme mesh/force 0.590
           Step           Time
          35800       71.60000

   Energies (kJ/mol)
       G96Angle    Proper Dih.  Improper Dih.          LJ-14     Coulomb-14
    1.22702e+04    9.99079e+03    7.37530e+02   -1.00722e+03    1.65962e+04
        LJ (SR)  Disper. corr.   Coulomb (SR)   Coul. recip.      Potential
   -3.15937e+04   -1.05137e+03   -1.48941e+05    1.70096e+03   -1.41298e+05
    Kinetic En.   Total Energy  Conserved En.    Temperature Pres. DC (bar)
    1.68120e+04   -1.24486e+05   -7.99160e+04    3.00963e+02   -2.74575e+01
 Pressure (bar)   Constr. rmsd
   -8.29192e+01    4.59059e-06


DD  step 35899  vol min/aver 0.295  load imb.: force  3.3%  pme mesh/force 0.615
           Step           Time
          35900       71.80000

   Energies (kJ/mol)
       G96Angle    Proper Dih.  Improper Dih.          LJ-14     Coulomb-14
    1.23896e+04    1.01556e+04    8.03450e+02   -1.10609e+03    1.66215e+04
        LJ (SR)  Disper. corr.   Coulomb (SR)   Coul. recip.      Potential
   -3.15643e+04   -1.05137e+03   -1.49004e+05    1.68538e+03   -1.41070e+05
    Kinetic En.   Total Energy  Conserved En.    Temperature Pres. DC (bar)
    1.65750e+04   -1.24495e+05   -7.99150e+04    2.96721e+02   -2.74575e+01
 Pressure (bar)   Constr. rmsd
   -1.42818e+02    4.81603e-06


DD  step 35999  vol min/aver 0.290  load imb.: force  4.5%  pme mesh/force 0.587
           Step           Time
          36000       72.00000

   Energies (kJ/mol)
       G96Angle    Proper Dih.  Improper Dih.          LJ-14     Coulomb-14
    1.27127e+04    1.01513e+04    6.96258e+02   -9.42758e+02    1.61551e+04
        LJ (SR)  Disper. corr.   Coulomb (SR)   Coul. recip.      Potential
   -3.18246e+04   -1.05137e+03   -1.48623e+05    1.69474e+03   -1.41031e+05
    Kinetic En.   Total Energy  Conserved En.    Temperature Pres. DC (bar)
    1.67558e+04   -1.24275e+05   -7.99143e+04    2.99957e+02   -2.74575e+01
 Pressure (bar)   Constr. rmsd
   -1.09524e+02    4.76264e-06


DD  step 36099  vol min/aver 0.296  load imb.: force  5.9%  pme mesh/force 0.605
           Step           Time
          36100       72.20000

   Energies (kJ/mol)
       G96Angle    Proper Dih.  Improper Dih.          LJ-14     Coulomb-14
    1.27465e+04    1.01124e+04    7.29869e+02   -8.91519e+02    1.61252e+04
        LJ (SR)  Disper. corr.   Coulomb (SR)   Coul. recip.      Potential
   -3.13191e+04   -1.05137e+03   -1.48882e+05    1.67851e+03   -1.40752e+05
    Kinetic En.   Total Energy  Conserved En.    Temperature Pres. DC (bar)
    1.68028e+04   -1.23949e+05   -7.99143e+04    3.00798e+02   -2.74575e+01
 Pressure (bar)   Constr. rmsd
    6.38772e+01    4.64593e-06


DD  step 36199  vol min/aver 0.303  load imb.: force  4.7%  pme mesh/force 0.600
           Step           Time
          36200       72.40000

   Energies (kJ/mol)
       G96Angle    Proper Dih.  Improper Dih.          LJ-14     Coulomb-14
    1.24481e+04    1.02875e+04    6.76125e+02   -1.02835e+03    1.63383e+04
        LJ (SR)  Disper. corr.   Coulomb (SR)   Coul. recip.      Potential
   -3.16121e+04   -1.05137e+03   -1.48568e+05    1.72980e+03   -1.40780e+05
    Kinetic En.   Total Energy  Conserved En.    Temperature Pres. DC (bar)
    1.67056e+04   -1.24074e+05   -7.99143e+04    2.99059e+02   -2.74575e+01
 Pressure (bar)   Constr. rmsd
   -7.50467e+01    4.82150e-06


DD  step 36299  vol min/aver 0.305  load imb.: force  3.4%  pme mesh/force 0.623
           Step           Time
          36300       72.60000

   Energies (kJ/mol)
       G96Angle    Proper Dih.  Improper Dih.          LJ-14     Coulomb-14
    1.26821e+04    1.01531e+04    6.95525e+02   -9.93551e+02    1.63344e+04
        LJ (SR)  Disper. corr.   Coulomb (SR)   Coul. recip.      Potential
   -3.16145e+04   -1.05137e+03   -1.48762e+05    1.69768e+03   -1.40859e+05
    Kinetic En.   Total Energy  Conserved En.    Temperature Pres. DC (bar)
    1.68187e+04   -1.24040e+05   -7.99142e+04    3.01082e+02   -2.74575e+01
 Pressure (bar)   Constr. rmsd
    2.30155e+00    4.73036e-06


DD  step 36399  vol min/aver 0.304  load imb.: force  4.4%  pme mesh/force 0.595
           Step           Time
          36400       72.80000

   Energies (kJ/mol)
       G96Angle    Proper Dih.  Improper Dih.          LJ-14     Coulomb-14
    1.26639e+04    1.02215e+04    7.38998e+02   -1.19633e+03    1.60781e+04
        LJ (SR)  Disper. corr.   Coulomb (SR)   Coul. recip.      Potential
   -3.16924e+04   -1.05137e+03   -1.48426e+05    1.67375e+03   -1.40990e+05
    Kinetic En.   Total Energy  Conserved En.    Temperature Pres. DC (bar)
    1.68008e+04   -1.24189e+05   -7.99127e+04    3.00762e+02   -2.74575e+01
 Pressure (bar)   Constr. rmsd
   -2.57336e+02    4.59908e-06


DD  step 36499  vol min/aver 0.301  load imb.: force  6.7%  pme mesh/force 0.574
           Step           Time
          36500       73.00000

   Energies (kJ/mol)
       G96Angle    Proper Dih.  Improper Dih.          LJ-14     Coulomb-14
    1.28289e+04    1.01280e+04    7.77790e+02   -9.78649e+02    1.60494e+04
        LJ (SR)  Disper. corr.   Coulomb (SR)   Coul. recip.      Potential
   -3.15573e+04   -1.05137e+03   -1.48729e+05    1.70044e+03   -1.40832e+05
    Kinetic En.   Total Energy  Conserved En.    Temperature Pres. DC (bar)
    1.66949e+04   -1.24137e+05   -7.99112e+04    2.98867e+02   -2.74575e+01
 Pressure (bar)   Constr. rmsd
   -7.08478e+01    4.74639e-06


DD  step 36599  vol min/aver 0.301  load imb.: force  6.0%  pme mesh/force 0.557
           Step           Time
          36600       73.20000

   Energies (kJ/mol)
       G96Angle    Proper Dih.  Improper Dih.          LJ-14     Coulomb-14
    1.28861e+04    1.00146e+04    7.67439e+02   -9.23574e+02    1.61586e+04
        LJ (SR)  Disper. corr.   Coulomb (SR)   Coul. recip.      Potential
   -3.16469e+04   -1.05137e+03   -1.48590e+05    1.69946e+03   -1.40686e+05
    Kinetic En.   Total Energy  Conserved En.    Temperature Pres. DC (bar)
    1.71625e+04   -1.23523e+05   -7.99112e+04    3.07238e+02   -2.74575e+01
 Pressure (bar)   Constr. rmsd
   -1.22939e+02    4.91327e-06


DD  step 36699  vol min/aver 0.300  load imb.: force  3.2%  pme mesh/force 0.585
           Step           Time
          36700       73.40000

   Energies (kJ/mol)
       G96Angle    Proper Dih.  Improper Dih.          LJ-14     Coulomb-14
    1.23485e+04    1.01795e+04    7.22242e+02   -8.75894e+02    1.60973e+04
        LJ (SR)  Disper. corr.   Coulomb (SR)   Coul. recip.      Potential
   -3.14639e+04   -1.05137e+03   -1.48529e+05    1.80003e+03   -1.40772e+05
    Kinetic En.   Total Energy  Conserved En.    Temperature Pres. DC (bar)
    1.66708e+04   -1.24102e+05   -7.99125e+04    2.98436e+02   -2.74575e+01
 Pressure (bar)   Constr. rmsd
   -6.84038e+01    4.71224e-06


DD  step 36799  vol min/aver 0.295  load imb.: force  2.1%  pme mesh/force 0.602
           Step           Time
          36800       73.60000

   Energies (kJ/mol)
       G96Angle    Proper Dih.  Improper Dih.          LJ-14     Coulomb-14
    1.30549e+04    1.00936e+04    7.25043e+02   -9.72166e+02    1.58522e+04
        LJ (SR)  Disper. corr.   Coulomb (SR)   Coul. recip.      Potential
   -3.15925e+04   -1.05137e+03   -1.48577e+05    1.70081e+03   -1.40766e+05
    Kinetic En.   Total Energy  Conserved En.    Temperature Pres. DC (bar)
    1.69551e+04   -1.23811e+05   -7.99128e+04    3.03524e+02   -2.74575e+01
 Pressure (bar)   Constr. rmsd
   -1.11336e+02    5.03393e-06


DD  step 36899  vol min/aver 0.292  load imb.: force  2.9%  pme mesh/force 0.580
           Step           Time
          36900       73.80000

   Energies (kJ/mol)
       G96Angle    Proper Dih.  Improper Dih.          LJ-14     Coulomb-14
    1.28312e+04    1.00417e+04    7.10738e+02   -9.69372e+02    1.62543e+04
        LJ (SR)  Disper. corr.   Coulomb (SR)   Coul. recip.      Potential
   -3.15285e+04   -1.05137e+03   -1.48644e+05    1.73185e+03   -1.40623e+05
    Kinetic En.   Total Energy  Conserved En.    Temperature Pres. DC (bar)
    1.63653e+04   -1.24258e+05   -7.99102e+04    2.92966e+02   -2.74575e+01
 Pressure (bar)   Constr. rmsd
   -9.07157e+01    4.89346e-06


DD  step 36999  vol min/aver 0.292  load imb.: force  3.8%  pme mesh/force 0.544
           Step           Time
          37000       74.00000

   Energies (kJ/mol)
       G96Angle    Proper Dih.  Improper Dih.          LJ-14     Coulomb-14
    1.28754e+04    1.00355e+04    7.12914e+02   -1.03525e+03    1.60111e+04
        LJ (SR)  Disper. corr.   Coulomb (SR)   Coul. recip.      Potential
   -3.17082e+04   -1.05137e+03   -1.48407e+05    1.72741e+03   -1.40840e+05
    Kinetic En.   Total Energy  Conserved En.    Temperature Pres. DC (bar)
    1.72539e+04   -1.23586e+05   -7.99131e+04    3.08874e+02   -2.74575e+01
 Pressure (bar)   Constr. rmsd
   -1.67444e+02    5.15083e-06


DD  step 37099  vol min/aver 0.291  load imb.: force  4.2%  pme mesh/force 0.626
           Step           Time
          37100       74.20000

   Energies (kJ/mol)
       G96Angle    Proper Dih.  Improper Dih.          LJ-14     Coulomb-14
    1.24550e+04    9.94118e+03    7.10772e+02   -9.49227e+02    1.61754e+04
        LJ (SR)  Disper. corr.   Coulomb (SR)   Coul. recip.      Potential
   -3.16397e+04   -1.05137e+03   -1.48557e+05    1.72937e+03   -1.41185e+05
    Kinetic En.   Total Energy  Conserved En.    Temperature Pres. DC (bar)
    1.69130e+04   -1.24272e+05   -7.99141e+04    3.02770e+02   -2.74575e+01
 Pressure (bar)   Constr. rmsd
   -9.70280e+01    4.99203e-06


DD  step 37199  vol min/aver 0.291  load imb.: force  3.6%  pme mesh/force 0.626
           Step           Time
          37200       74.40000

   Energies (kJ/mol)
       G96Angle    Proper Dih.  Improper Dih.          LJ-14     Coulomb-14
    1.26138e+04    9.96538e+03    7.14513e+02   -1.09567e+03    1.62924e+04
        LJ (SR)  Disper. corr.   Coulomb (SR)   Coul. recip.      Potential
   -3.17654e+04   -1.05137e+03   -1.48678e+05    1.72466e+03   -1.41280e+05
    Kinetic En.   Total Energy  Conserved En.    Temperature Pres. DC (bar)
    1.65953e+04   -1.24685e+05   -7.99099e+04    2.97083e+02   -2.74575e+01
 Pressure (bar)   Constr. rmsd
   -1.31895e+02    4.85041e-06


DD  step 37299  vol min/aver 0.288  load imb.: force  3.1%  pme mesh/force 0.579
           Step           Time
          37300       74.60000

   Energies (kJ/mol)
       G96Angle    Proper Dih.  Improper Dih.          LJ-14     Coulomb-14
    1.27572e+04    1.00504e+04    7.49940e+02   -8.64597e+02    1.60357e+04
        LJ (SR)  Disper. corr.   Coulomb (SR)   Coul. recip.      Potential
   -3.18725e+04   -1.05137e+03   -1.48578e+05    1.69775e+03   -1.41076e+05
    Kinetic En.   Total Energy  Conserved En.    Temperature Pres. DC (bar)
    1.63675e+04   -1.24708e+05   -7.99108e+04    2.93006e+02   -2.74575e+01
 Pressure (bar)   Constr. rmsd
   -2.01482e+02    4.84253e-06


DD  step 37399  vol min/aver 0.286  load imb.: force  5.3%  pme mesh/force 0.562
           Step           Time
          37400       74.80000

   Energies (kJ/mol)
       G96Angle    Proper Dih.  Improper Dih.          LJ-14     Coulomb-14
    1.25289e+04    1.01391e+04    7.10432e+02   -9.30752e+02    1.62996e+04
        LJ (SR)  Disper. corr.   Coulomb (SR)   Coul. recip.      Potential
   -3.17590e+04   -1.05137e+03   -1.48846e+05    1.70555e+03   -1.41203e+05
    Kinetic En.   Total Energy  Conserved En.    Temperature Pres. DC (bar)
    1.67992e+04   -1.24404e+05   -7.99123e+04    3.00734e+02   -2.74575e+01
 Pressure (bar)   Constr. rmsd
    2.81553e+01    4.71394e-06


DD  step 37499  vol min/aver 0.290  load imb.: force  2.9%  pme mesh/force 0.796
           Step           Time
          37500       75.00000

   Energies (kJ/mol)
       G96Angle    Proper Dih.  Improper Dih.          LJ-14     Coulomb-14
    1.24687e+04    1.00327e+04    7.98882e+02   -8.57876e+02    1.63714e+04
        LJ (SR)  Disper. corr.   Coulomb (SR)   Coul. recip.      Potential
   -3.16703e+04   -1.05137e+03   -1.48869e+05    1.71643e+03   -1.41060e+05
    Kinetic En.   Total Energy  Conserved En.    Temperature Pres. DC (bar)
    1.69997e+04   -1.24060e+05   -7.99122e+04    3.04324e+02   -2.74575e+01
 Pressure (bar)   Constr. rmsd
   -5.52967e+01    4.87567e-06


DD  step 37599  vol min/aver 0.293  load imb.: force  4.9%  pme mesh/force 0.647
           Step           Time
          37600       75.20000

   Energies (kJ/mol)
       G96Angle    Proper Dih.  Improper Dih.          LJ-14     Coulomb-14
    1.25533e+04    1.01412e+04    7.22162e+02   -1.03871e+03    1.63069e+04
        LJ (SR)  Disper. corr.   Coulomb (SR)   Coul. recip.      Potential
   -3.18111e+04   -1.05137e+03   -1.48637e+05    1.67417e+03   -1.41140e+05
    Kinetic En.   Total Energy  Conserved En.    Temperature Pres. DC (bar)
    1.68215e+04   -1.24319e+05   -7.99090e+04    3.01132e+02   -2.74575e+01
 Pressure (bar)   Constr. rmsd
   -9.04937e+01    4.70581e-06


DD  step 37699  vol min/aver 0.292  load imb.: force  2.2%  pme mesh/force 0.650
           Step           Time
          37700       75.40000

   Energies (kJ/mol)
       G96Angle    Proper Dih.  Improper Dih.          LJ-14     Coulomb-14
    1.24844e+04    1.01235e+04    6.23027e+02   -8.11907e+02    1.61285e+04
        LJ (SR)  Disper. corr.   Coulomb (SR)   Coul. recip.      Potential
   -3.18243e+04   -1.05137e+03   -1.48422e+05    1.72341e+03   -1.41027e+05
    Kinetic En.   Total Energy  Conserved En.    Temperature Pres. DC (bar)
    1.70934e+04   -1.23934e+05   -7.99132e+04    3.06001e+02   -2.74575e+01
 Pressure (bar)   Constr. rmsd
    3.29436e+01    4.59991e-06


DD  step 37799  vol min/aver 0.296  load imb.: force  2.3%  pme mesh/force 0.595
           Step           Time
          37800       75.60000

   Energies (kJ/mol)
       G96Angle    Proper Dih.  Improper Dih.          LJ-14     Coulomb-14
    1.26099e+04    1.00923e+04    7.60161e+02   -9.02677e+02    1.64273e+04
        LJ (SR)  Disper. corr.   Coulomb (SR)   Coul. recip.      Potential
   -3.17582e+04   -1.05137e+03   -1.48777e+05    1.74047e+03   -1.40859e+05
    Kinetic En.   Total Energy  Conserved En.    Temperature Pres. DC (bar)
    1.65751e+04   -1.24284e+05   -7.99081e+04    2.96722e+02   -2.74575e+01
 Pressure (bar)   Constr. rmsd
   -5.04769e+01    4.77143e-06


DD  step 37899  vol min/aver 0.302  load imb.: force  3.6%  pme mesh/force 0.585
           Step           Time
          37900       75.80000

   Energies (kJ/mol)
       G96Angle    Proper Dih.  Improper Dih.          LJ-14     Coulomb-14
    1.23782e+04    1.01755e+04    7.55709e+02   -9.21893e+02    1.66275e+04
        LJ (SR)  Disper. corr.   Coulomb (SR)   Coul. recip.      Potential
   -3.17050e+04   -1.05137e+03   -1.48810e+05    1.69707e+03   -1.40854e+05
    Kinetic En.   Total Energy  Conserved En.    Temperature Pres. DC (bar)
    1.66851e+04   -1.24169e+05   -7.99091e+04    2.98691e+02   -2.74575e+01
 Pressure (bar)   Constr. rmsd
   -4.04110e+01    4.59620e-06


DD  step 37999  vol min/aver 0.298  load imb.: force  3.9%  pme mesh/force 0.546
           Step           Time
          38000       76.00000

   Energies (kJ/mol)
       G96Angle    Proper Dih.  Improper Dih.          LJ-14     Coulomb-14
    1.27549e+04    1.00095e+04    7.28035e+02   -8.34587e+02    1.62977e+04
        LJ (SR)  Disper. corr.   Coulomb (SR)   Coul. recip.      Potential
   -3.19316e+04   -1.05137e+03   -1.48758e+05    1.72182e+03   -1.41064e+05
    Kinetic En.   Total Energy  Conserved En.    Temperature Pres. DC (bar)
    1.68760e+04   -1.24188e+05   -7.99089e+04    3.02108e+02   -2.74575e+01
 Pressure (bar)   Constr. rmsd
   -1.42464e+02    5.20969e-06


DD  step 38099  vol min/aver 0.295  load imb.: force  3.6%  pme mesh/force 0.601
           Step           Time
          38100       76.20000

   Energies (kJ/mol)
       G96Angle    Proper Dih.  Improper Dih.          LJ-14     Coulomb-14
    1.30440e+04    1.00910e+04    6.84203e+02   -8.78279e+02    1.62104e+04
        LJ (SR)  Disper. corr.   Coulomb (SR)   Coul. recip.      Potential
   -3.15049e+04   -1.05137e+03   -1.49074e+05    1.62787e+03   -1.40851e+05
    Kinetic En.   Total Energy  Conserved En.    Temperature Pres. DC (bar)
    1.68698e+04   -1.23981e+05   -7.99078e+04    3.01997e+02   -2.74575e+01
 Pressure (bar)   Constr. rmsd
   -1.34199e+02    4.93956e-06


DD  step 38199  vol min/aver 0.297  load imb.: force  3.2%  pme mesh/force 0.592
           Step           Time
          38200       76.40000

   Energies (kJ/mol)
       G96Angle    Proper Dih.  Improper Dih.          LJ-14     Coulomb-14
    1.29403e+04    1.00799e+04    7.27238e+02   -9.31325e+02    1.59257e+04
        LJ (SR)  Disper. corr.   Coulomb (SR)   Coul. recip.      Potential
   -3.16004e+04   -1.05137e+03   -1.48735e+05    1.70371e+03   -1.40941e+05
    Kinetic En.   Total Energy  Conserved En.    Temperature Pres. DC (bar)
    1.71151e+04   -1.23826e+05   -7.99087e+04    3.06389e+02   -2.74575e+01
 Pressure (bar)   Constr. rmsd
   -8.95419e+01    5.00746e-06


DD  step 38299  vol min/aver 0.298  load imb.: force  2.1%  pme mesh/force 0.614
           Step           Time
          38300       76.60000

   Energies (kJ/mol)
       G96Angle    Proper Dih.  Improper Dih.          LJ-14     Coulomb-14
    1.29488e+04    1.01724e+04    7.76600e+02   -9.32003e+02    1.62227e+04
        LJ (SR)  Disper. corr.   Coulomb (SR)   Coul. recip.      Potential
   -3.19928e+04   -1.05137e+03   -1.48595e+05    1.73379e+03   -1.40717e+05
    Kinetic En.   Total Energy  Conserved En.    Temperature Pres. DC (bar)
    1.71568e+04   -1.23560e+05   -7.99085e+04    3.07135e+02   -2.74575e+01
 Pressure (bar)   Constr. rmsd
   -1.32083e+02    4.59541e-06


DD  step 38399  vol min/aver 0.301  load imb.: force  1.8%  pme mesh/force 0.574
           Step           Time
          38400       76.80000

   Energies (kJ/mol)
       G96Angle    Proper Dih.  Improper Dih.          LJ-14     Coulomb-14
    1.26815e+04    1.01592e+04    7.11204e+02   -1.00916e+03    1.61471e+04
        LJ (SR)  Disper. corr.   Coulomb (SR)   Coul. recip.      Potential
   -3.17673e+04   -1.05137e+03   -1.48514e+05    1.74695e+03   -1.40896e+05
    Kinetic En.   Total Energy  Conserved En.    Temperature Pres. DC (bar)
    1.70358e+04   -1.23860e+05   -7.99092e+04    3.04969e+02   -2.74575e+01
 Pressure (bar)   Constr. rmsd
   -5.64108e+01    5.12524e-06


DD  step 38499  vol min/aver 0.301  load imb.: force  3.6%  pme mesh/force 0.611
           Step           Time
          38500       77.00000

   Energies (kJ/mol)
       G96Angle    Proper Dih.  Improper Dih.          LJ-14     Coulomb-14
    1.23707e+04    1.00110e+04    8.02894e+02   -9.19120e+02    1.64863e+04
        LJ (SR)  Disper. corr.   Coulomb (SR)   Coul. recip.      Potential
   -3.17589e+04   -1.05137e+03   -1.48654e+05    1.70742e+03   -1.41005e+05
    Kinetic En.   Total Energy  Conserved En.    Temperature Pres. DC (bar)
    1.68816e+04   -1.24123e+05   -7.99095e+04    3.02208e+02   -2.74575e+01
 Pressure (bar)   Constr. rmsd
   -9.79296e+01    4.90321e-06


DD  step 38599  vol min/aver 0.298  load imb.: force  8.1%  pme mesh/force 0.588
           Step           Time
          38600       77.20000

   Energies (kJ/mol)
       G96Angle    Proper Dih.  Improper Dih.          LJ-14     Coulomb-14
    1.28987e+04    9.95310e+03    7.34296e+02   -8.59867e+02    1.61387e+04
        LJ (SR)  Disper. corr.   Coulomb (SR)   Coul. recip.      Potential
   -3.16667e+04   -1.05137e+03   -1.48594e+05    1.73331e+03   -1.40714e+05
    Kinetic En.   Total Energy  Conserved En.    Temperature Pres. DC (bar)
    1.69696e+04   -1.23744e+05   -7.99084e+04    3.03785e+02   -2.74575e+01
 Pressure (bar)   Constr. rmsd
   -6.14727e+01    4.99925e-06


DD  step 38699  vol min/aver 0.302  load imb.: force  4.0%  pme mesh/force 0.611
           Step           Time
          38700       77.40000

   Energies (kJ/mol)
       G96Angle    Proper Dih.  Improper Dih.          LJ-14     Coulomb-14
    1.27054e+04    9.97763e+03    7.30117e+02   -9.39864e+02    1.62432e+04
        LJ (SR)  Disper. corr.   Coulomb (SR)   Coul. recip.      Potential
   -3.16520e+04   -1.05137e+03   -1.48676e+05    1.73655e+03   -1.40926e+05
    Kinetic En.   Total Energy  Conserved En.    Temperature Pres. DC (bar)
    1.70041e+04   -1.23922e+05   -7.99103e+04    3.04401e+02   -2.74575e+01
 Pressure (bar)   Constr. rmsd
   -1.39133e+02    4.96665e-06


DD  step 38799  vol min/aver 0.301  load imb.: force  3.1%  pme mesh/force 0.563
           Step           Time
          38800       77.60000

   Energies (kJ/mol)
       G96Angle    Proper Dih.  Improper Dih.          LJ-14     Coulomb-14
    1.25085e+04    1.02567e+04    6.82662e+02   -1.04954e+03    1.65741e+04
        LJ (SR)  Disper. corr.   Coulomb (SR)   Coul. recip.      Potential
   -3.17468e+04   -1.05137e+03   -1.48621e+05    1.75134e+03   -1.40695e+05
    Kinetic En.   Total Energy  Conserved En.    Temperature Pres. DC (bar)
    1.65640e+04   -1.24131e+05   -7.99078e+04    2.96523e+02   -2.74575e+01
 Pressure (bar)   Constr. rmsd
   -1.61735e+02    4.79393e-06


DD  step 38899  vol min/aver 0.299  load imb.: force  4.0%  pme mesh/force 0.581
           Step           Time
          38900       77.80000

   Energies (kJ/mol)
       G96Angle    Proper Dih.  Improper Dih.          LJ-14     Coulomb-14
    1.24096e+04    1.00555e+04    7.46100e+02   -9.49773e+02    1.65027e+04
        LJ (SR)  Disper. corr.   Coulomb (SR)   Coul. recip.      Potential
   -3.16900e+04   -1.05137e+03   -1.48815e+05    1.69650e+03   -1.41096e+05
    Kinetic En.   Total Energy  Conserved En.    Temperature Pres. DC (bar)
    1.67746e+04   -1.24321e+05   -7.99098e+04    3.00294e+02   -2.74575e+01
 Pressure (bar)   Constr. rmsd
   -5.85639e+01    4.54992e-06


DD  step 38999  vol min/aver 0.299  load imb.: force  3.5%  pme mesh/force 0.599
           Step           Time
          39000       78.00000

   Energies (kJ/mol)
       G96Angle    Proper Dih.  Improper Dih.          LJ-14     Coulomb-14
    1.29245e+04    1.01406e+04    7.28219e+02   -1.02136e+03    1.60986e+04
        LJ (SR)  Disper. corr.   Coulomb (SR)   Coul. recip.      Potential
   -3.17183e+04   -1.05137e+03   -1.48626e+05    1.67291e+03   -1.40852e+05
    Kinetic En.   Total Energy  Conserved En.    Temperature Pres. DC (bar)
    1.64544e+04   -1.24398e+05   -7.99068e+04    2.94562e+02   -2.74575e+01
 Pressure (bar)   Constr. rmsd
   -2.79147e+02    4.91972e-06


DD  step 39099  vol min/aver 0.297  load imb.: force  2.7%  pme mesh/force 0.597
           Step           Time
          39100       78.20000

   Energies (kJ/mol)
       G96Angle    Proper Dih.  Improper Dih.          LJ-14     Coulomb-14
    1.25659e+04    1.00574e+04    7.07235e+02   -1.03136e+03    1.60658e+04
        LJ (SR)  Disper. corr.   Coulomb (SR)   Coul. recip.      Potential
   -3.17786e+04   -1.05137e+03   -1.48396e+05    1.69002e+03   -1.41171e+05
    Kinetic En.   Total Energy  Conserved En.    Temperature Pres. DC (bar)
    1.66239e+04   -1.24547e+05   -7.99103e+04    2.97596e+02   -2.74575e+01
 Pressure (bar)   Constr. rmsd
   -1.29183e+02    4.79815e-06


DD  step 39199  vol min/aver 0.300  load imb.: force  5.6%  pme mesh/force 0.573
           Step           Time
          39200       78.40000

   Energies (kJ/mol)
       G96Angle    Proper Dih.  Improper Dih.          LJ-14     Coulomb-14
    1.23823e+04    1.01994e+04    6.72883e+02   -8.20627e+02    1.62971e+04
        LJ (SR)  Disper. corr.   Coulomb (SR)   Coul. recip.      Potential
   -3.15154e+04   -1.05137e+03   -1.48800e+05    1.72493e+03   -1.40911e+05
    Kinetic En.   Total Energy  Conserved En.    Temperature Pres. DC (bar)
    1.64700e+04   -1.24441e+05   -7.99078e+04    2.94840e+02   -2.74575e+01
 Pressure (bar)   Constr. rmsd
   -5.14088e+01    4.56143e-06


DD  step 39299  vol min/aver 0.296  load imb.: force  2.2%  pme mesh/force 0.601
           Step           Time
          39300       78.60000

   Energies (kJ/mol)
       G96Angle    Proper Dih.  Improper Dih.          LJ-14     Coulomb-14
    1.26352e+04    9.99467e+03    7.48570e+02   -9.18688e+02    1.61052e+04
        LJ (SR)  Disper. corr.   Coulomb (SR)   Coul. recip.      Potential
   -3.16923e+04   -1.05137e+03   -1.48622e+05    1.71967e+03   -1.41081e+05
    Kinetic En.   Total Energy  Conserved En.    Temperature Pres. DC (bar)
    1.67733e+04   -1.24307e+05   -7.99080e+04    3.00271e+02   -2.74575e+01
 Pressure (bar)   Constr. rmsd
   -2.29970e+01    4.78911e-06


DD  step 39399  vol min/aver 0.292  load imb.: force  3.4%  pme mesh/force 0.578
           Step           Time
          39400       78.80000

   Energies (kJ/mol)
       G96Angle    Proper Dih.  Improper Dih.          LJ-14     Coulomb-14
    1.27506e+04    1.00905e+04    6.74337e+02   -8.68461e+02    1.58377e+04
        LJ (SR)  Disper. corr.   Coulomb (SR)   Coul. recip.      Potential
   -3.16789e+04   -1.05137e+03   -1.48360e+05    1.79540e+03   -1.40810e+05
    Kinetic En.   Total Energy  Conserved En.    Temperature Pres. DC (bar)
    1.65882e+04   -1.24222e+05   -7.99077e+04    2.96956e+02   -2.74575e+01
 Pressure (bar)   Constr. rmsd
   -1.07462e+02    4.85011e-06


DD  step 39499  vol min/aver 0.289  load imb.: force  2.5%  pme mesh/force 0.587
           Step           Time
          39500       79.00000

   Energies (kJ/mol)
       G96Angle    Proper Dih.  Improper Dih.          LJ-14     Coulomb-14
    1.26645e+04    1.01469e+04    6.98998e+02   -9.26810e+02    1.64729e+04
        LJ (SR)  Disper. corr.   Coulomb (SR)   Coul. recip.      Potential
   -3.17108e+04   -1.05137e+03   -1.48853e+05    1.73213e+03   -1.40826e+05
    Kinetic En.   Total Energy  Conserved En.    Temperature Pres. DC (bar)
    1.66138e+04   -1.24212e+05   -7.99083e+04    2.97415e+02   -2.74575e+01
 Pressure (bar)   Constr. rmsd
   -9.64946e+01    4.72433e-06


DD  step 39599  vol min/aver 0.288  load imb.: force  3.3%  pme mesh/force 0.589
           Step           Time
          39600       79.20000

   Energies (kJ/mol)
       G96Angle    Proper Dih.  Improper Dih.          LJ-14     Coulomb-14
    1.25841e+04    1.00590e+04    6.96069e+02   -8.38028e+02    1.62653e+04
        LJ (SR)  Disper. corr.   Coulomb (SR)   Coul. recip.      Potential
   -3.16674e+04   -1.05137e+03   -1.48519e+05    1.77048e+03   -1.40701e+05
    Kinetic En.   Total Energy  Conserved En.    Temperature Pres. DC (bar)
    1.68862e+04   -1.23815e+05   -7.99075e+04    3.02291e+02   -2.74575e+01
 Pressure (bar)   Constr. rmsd
   -1.04402e+02    4.84125e-06


DD  step 39699  vol min/aver 0.291  load imb.: force  2.5%  pme mesh/force 0.600
           Step           Time
          39700       79.40000

   Energies (kJ/mol)
       G96Angle    Proper Dih.  Improper Dih.          LJ-14     Coulomb-14
    1.26152e+04    1.00262e+04    6.45491e+02   -9.36475e+02    1.64239e+04
        LJ (SR)  Disper. corr.   Coulomb (SR)   Coul. recip.      Potential
   -3.17147e+04   -1.05137e+03   -1.48599e+05    1.74512e+03   -1.40845e+05
    Kinetic En.   Total Energy  Conserved En.    Temperature Pres. DC (bar)
    1.69223e+04   -1.23923e+05   -7.99082e+04    3.02937e+02   -2.74575e+01
 Pressure (bar)   Constr. rmsd
   -4.94234e+01    4.77800e-06


DD  step 39799  vol min/aver 0.287  load imb.: force  5.9%  pme mesh/force 0.586
           Step           Time
          39800       79.60000

   Energies (kJ/mol)
       G96Angle    Proper Dih.  Improper Dih.          LJ-14     Coulomb-14
    1.24084e+04    1.02663e+04    6.98567e+02   -1.09101e+03    1.66790e+04
        LJ (SR)  Disper. corr.   Coulomb (SR)   Coul. recip.      Potential
   -3.15906e+04   -1.05137e+03   -1.48667e+05    1.70315e+03   -1.40645e+05
    Kinetic En.   Total Energy  Conserved En.    Temperature Pres. DC (bar)
    1.71374e+04   -1.23507e+05   -7.99089e+04    3.06787e+02   -2.74575e+01
 Pressure (bar)   Constr. rmsd
   -1.81517e+02    5.27901e-06


DD  step 39899  vol min/aver 0.281  load imb.: force  5.3%  pme mesh/force 0.561
           Step           Time
          39900       79.80000

   Energies (kJ/mol)
       G96Angle    Proper Dih.  Improper Dih.          LJ-14     Coulomb-14
    1.28660e+04    1.00442e+04    7.34503e+02   -8.26985e+02    1.61429e+04
        LJ (SR)  Disper. corr.   Coulomb (SR)   Coul. recip.      Potential
   -3.15039e+04   -1.05137e+03   -1.48777e+05    1.71084e+03   -1.40661e+05
    Kinetic En.   Total Energy  Conserved En.    Temperature Pres. DC (bar)
    1.68286e+04   -1.23832e+05   -7.99061e+04    3.01260e+02   -2.74575e+01
 Pressure (bar)   Constr. rmsd
   -1.63741e+01    4.56068e-06


DD  step 39999  vol min/aver 0.279  load imb.: force  4.0%  pme mesh/force 0.622
           Step           Time
          40000       80.00000

   Energies (kJ/mol)
       G96Angle    Proper Dih.  Improper Dih.          LJ-14     Coulomb-14
    1.27469e+04    1.01698e+04    7.21376e+02   -1.01483e+03    1.64330e+04
        LJ (SR)  Disper. corr.   Coulomb (SR)   Coul. recip.      Potential
   -3.15412e+04   -1.05137e+03   -1.48628e+05    1.69507e+03   -1.40470e+05
    Kinetic En.   Total Energy  Conserved En.    Temperature Pres. DC (bar)
    1.68761e+04   -1.23594e+05   -7.99075e+04    3.02110e+02   -2.74575e+01
 Pressure (bar)   Constr. rmsd
   -1.53397e+02    5.15138e-06


DD  step 40099  vol min/aver 0.281  load imb.: force  6.9%  pme mesh/force 0.515
           Step           Time
          40100       80.20000

   Energies (kJ/mol)
       G96Angle    Proper Dih.  Improper Dih.          LJ-14     Coulomb-14
    1.24863e+04    1.03165e+04    8.22636e+02   -1.07480e+03    1.66069e+04
        LJ (SR)  Disper. corr.   Coulomb (SR)   Coul. recip.      Potential
   -3.14431e+04   -1.05137e+03   -1.48916e+05    1.68470e+03   -1.40569e+05
    Kinetic En.   Total Energy  Conserved En.    Temperature Pres. DC (bar)
    1.71310e+04   -1.23438e+05   -7.99082e+04    3.06673e+02   -2.74575e+01
 Pressure (bar)   Constr. rmsd
   -8.56249e+01    5.09003e-06


DD  step 40199  vol min/aver 0.286  load imb.: force  4.6%  pme mesh/force 0.600
           Step           Time
          40200       80.40000

   Energies (kJ/mol)
       G96Angle    Proper Dih.  Improper Dih.          LJ-14     Coulomb-14
    1.28504e+04    1.01309e+04    7.61823e+02   -1.07989e+03    1.64035e+04
        LJ (SR)  Disper. corr.   Coulomb (SR)   Coul. recip.      Potential
   -3.15633e+04   -1.05137e+03   -1.48782e+05    1.76382e+03   -1.40566e+05
    Kinetic En.   Total Energy  Conserved En.    Temperature Pres. DC (bar)
    1.69766e+04   -1.23590e+05   -7.99053e+04    3.03909e+02   -2.74575e+01
 Pressure (bar)   Constr. rmsd
   -3.16345e-01    4.60907e-06


DD  step 40299  vol min/aver 0.288  load imb.: force  2.3%  pme mesh/force 0.596
           Step           Time
          40300       80.60000

   Energies (kJ/mol)
       G96Angle    Proper Dih.  Improper Dih.          LJ-14     Coulomb-14
    1.27226e+04    1.02524e+04    7.51509e+02   -1.22244e+03    1.64064e+04
        LJ (SR)  Disper. corr.   Coulomb (SR)   Coul. recip.      Potential
   -3.19415e+04   -1.05137e+03   -1.48565e+05    1.74541e+03   -1.40902e+05
    Kinetic En.   Total Energy  Conserved En.    Temperature Pres. DC (bar)
    1.68429e+04   -1.24059e+05   -7.99078e+04    3.01516e+02   -2.74575e+01
 Pressure (bar)   Constr. rmsd
   -2.91290e+02    4.93189e-06


DD  step 40399  vol min/aver 0.287  load imb.: force  4.2%  pme mesh/force 0.593
           Step           Time
          40400       80.80000

   Energies (kJ/mol)
       G96Angle    Proper Dih.  Improper Dih.          LJ-14     Coulomb-14
    1.25881e+04    9.99268e+03    7.35815e+02   -9.95709e+02    1.64334e+04
        LJ (SR)  Disper. corr.   Coulomb (SR)   Coul. recip.      Potential
   -3.14560e+04   -1.05137e+03   -1.48807e+05    1.72497e+03   -1.40835e+05
    Kinetic En.   Total Energy  Conserved En.    Temperature Pres. DC (bar)
    1.67289e+04   -1.24106e+05   -7.99072e+04    2.99476e+02   -2.74575e+01
 Pressure (bar)   Constr. rmsd
   -9.66463e+01    4.90733e-06


DD  step 40499  vol min/aver 0.295  load imb.: force  3.3%  pme mesh/force 0.581
           Step           Time
          40500       81.00000

   Energies (kJ/mol)
       G96Angle    Proper Dih.  Improper Dih.          LJ-14     Coulomb-14
    1.28364e+04    9.99677e+03    7.54648e+02   -9.95010e+02    1.67148e+04
        LJ (SR)  Disper. corr.   Coulomb (SR)   Coul. recip.      Potential
   -3.15779e+04   -1.05137e+03   -1.49093e+05    1.65917e+03   -1.40755e+05
    Kinetic En.   Total Energy  Conserved En.    Temperature Pres. DC (bar)
    1.66532e+04   -1.24102e+05   -7.99058e+04    2.98121e+02   -2.74575e+01
 Pressure (bar)   Constr. rmsd
   -7.79253e+01    4.60862e-06


DD  step 40599  vol min/aver 0.295  load imb.: force  6.4%  pme mesh/force 0.611
           Step           Time
          40600       81.20000

   Energies (kJ/mol)
       G96Angle    Proper Dih.  Improper Dih.          LJ-14     Coulomb-14
    1.24751e+04    1.00621e+04    7.34823e+02   -1.02620e+03    1.65321e+04
        LJ (SR)  Disper. corr.   Coulomb (SR)   Coul. recip.      Potential
   -3.15561e+04   -1.05137e+03   -1.49032e+05    1.72661e+03   -1.41135e+05
    Kinetic En.   Total Energy  Conserved En.    Temperature Pres. DC (bar)
    1.68186e+04   -1.24316e+05   -7.99089e+04    3.01081e+02   -2.74575e+01
 Pressure (bar)   Constr. rmsd
    1.79019e+01    4.74013e-06


DD  step 40699  vol min/aver 0.291  load imb.: force  2.1%  pme mesh/force 0.624
           Step           Time
          40700       81.40000

   Energies (kJ/mol)
       G96Angle    Proper Dih.  Improper Dih.          LJ-14     Coulomb-14
    1.25728e+04    9.91785e+03    7.63372e+02   -9.92698e+02    1.62769e+04
        LJ (SR)  Disper. corr.   Coulomb (SR)   Coul. recip.      Potential
   -3.14798e+04   -1.05137e+03   -1.48765e+05    1.68775e+03   -1.41070e+05
    Kinetic En.   Total Energy  Conserved En.    Temperature Pres. DC (bar)
    1.65566e+04   -1.24513e+05   -7.99053e+04    2.96390e+02   -2.74575e+01
 Pressure (bar)   Constr. rmsd
   -5.29007e+01    4.62975e-06


DD  step 40799  vol min/aver 0.288  load imb.: force  2.2%  pme mesh/force 0.671
           Step           Time
          40800       81.60000

   Energies (kJ/mol)
       G96Angle    Proper Dih.  Improper Dih.          LJ-14     Coulomb-14
    1.24784e+04    9.95773e+03    7.16404e+02   -9.46830e+02    1.60159e+04
        LJ (SR)  Disper. corr.   Coulomb (SR)   Coul. recip.      Potential
   -3.17875e+04   -1.05137e+03   -1.48377e+05    1.74711e+03   -1.41247e+05
    Kinetic En.   Total Energy  Conserved En.    Temperature Pres. DC (bar)
    1.67747e+04   -1.24472e+05   -7.99078e+04    3.00295e+02   -2.74575e+01
 Pressure (bar)   Constr. rmsd
    9.00280e+00    4.80934e-06


DD  step 40899  vol min/aver 0.286  load imb.: force  3.7%  pme mesh/force 0.641
           Step           Time
          40900       81.80000

   Energies (kJ/mol)
       G96Angle    Proper Dih.  Improper Dih.          LJ-14     Coulomb-14
    1.28077e+04    9.93525e+03    7.87573e+02   -1.01737e+03    1.62776e+04
        LJ (SR)  Disper. corr.   Coulomb (SR)   Coul. recip.      Potential
   -3.14946e+04   -1.05137e+03   -1.48864e+05    1.65378e+03   -1.40966e+05
    Kinetic En.   Total Energy  Conserved En.    Temperature Pres. DC (bar)
    1.65783e+04   -1.24388e+05   -7.99067e+04    2.96779e+02   -2.74575e+01
 Pressure (bar)   Constr. rmsd
   -7.50266e+01    4.80534e-06


DD  step 40999  vol min/aver 0.279  load imb.: force  2.2%  pme mesh/force 0.609
           Step           Time
          41000       82.00000

   Energies (kJ/mol)
       G96Angle    Proper Dih.  Improper Dih.          LJ-14     Coulomb-14
    1.25872e+04    9.76152e+03    7.53187e+02   -8.43557e+02    1.62662e+04
        LJ (SR)  Disper. corr.   Coulomb (SR)   Coul. recip.      Potential
   -3.16317e+04   -1.05137e+03   -1.48750e+05    1.68486e+03   -1.41224e+05
    Kinetic En.   Total Energy  Conserved En.    Temperature Pres. DC (bar)
    1.66507e+04   -1.24573e+05   -7.99030e+04    2.98076e+02   -2.74575e+01
 Pressure (bar)   Constr. rmsd
   -7.39686e+01    4.62406e-06


DD  step 41099  vol min/aver 0.275  load imb.: force  4.1%  pme mesh/force 0.616
           Step           Time
          41100       82.20000

   Energies (kJ/mol)
       G96Angle    Proper Dih.  Improper Dih.          LJ-14     Coulomb-14
    1.27651e+04    9.91726e+03    7.41388e+02   -1.13977e+03    1.62260e+04
        LJ (SR)  Disper. corr.   Coulomb (SR)   Coul. recip.      Potential
   -3.15975e+04   -1.05137e+03   -1.48762e+05    1.65050e+03   -1.41250e+05
    Kinetic En.   Total Energy  Conserved En.    Temperature Pres. DC (bar)
    1.65010e+04   -1.24749e+05   -7.99044e+04    2.95395e+02   -2.74575e+01
 Pressure (bar)   Constr. rmsd
   -1.05591e+02    4.79434e-06


DD  step 41199  vol min/aver 0.277  load imb.: force  2.9%  pme mesh/force 0.586
           Step           Time
          41200       82.40000

   Energies (kJ/mol)
       G96Angle    Proper Dih.  Improper Dih.          LJ-14     Coulomb-14
    1.30198e+04    1.00497e+04    6.89510e+02   -9.15890e+02    1.58658e+04
        LJ (SR)  Disper. corr.   Coulomb (SR)   Coul. recip.      Potential
   -3.17432e+04   -1.05137e+03   -1.48382e+05    1.74066e+03   -1.40727e+05
    Kinetic En.   Total Energy  Conserved En.    Temperature Pres. DC (bar)
    1.63317e+04   -1.24395e+05   -7.99023e+04    2.92365e+02   -2.74575e+01
 Pressure (bar)   Constr. rmsd
   -8.71724e+01    4.62067e-06


DD  step 41299  vol min/aver 0.282  load imb.: force  4.5%  pme mesh/force 0.542
           Step           Time
          41300       82.60000

   Energies (kJ/mol)
       G96Angle    Proper Dih.  Improper Dih.          LJ-14     Coulomb-14
    1.29325e+04    1.00429e+04    7.42443e+02   -9.29810e+02    1.61281e+04
        LJ (SR)  Disper. corr.   Coulomb (SR)   Coul. recip.      Potential
   -3.14869e+04   -1.05137e+03   -1.48791e+05    1.69418e+03   -1.40719e+05
    Kinetic En.   Total Energy  Conserved En.    Temperature Pres. DC (bar)
    1.64617e+04   -1.24258e+05   -7.99026e+04    2.94691e+02   -2.74575e+01
 Pressure (bar)   Constr. rmsd
   -1.51847e+02    4.71261e-06


DD  step 41399  vol min/aver 0.287  load imb.: force  2.6%  pme mesh/force 0.638
           Step           Time
          41400       82.80000

   Energies (kJ/mol)
       G96Angle    Proper Dih.  Improper Dih.          LJ-14     Coulomb-14
    1.26927e+04    9.91500e+03    7.09015e+02   -1.01163e+03    1.63871e+04
        LJ (SR)  Disper. corr.   Coulomb (SR)   Coul. recip.      Potential
   -3.16456e+04   -1.05137e+03   -1.48518e+05    1.72841e+03   -1.40794e+05
    Kinetic En.   Total Energy  Conserved En.    Temperature Pres. DC (bar)
    1.67059e+04   -1.24088e+05   -7.99063e+04    2.99064e+02   -2.74575e+01
 Pressure (bar)   Constr. rmsd
   -1.67360e+02    4.77896e-06


DD  step 41499  vol min/aver 0.289  load imb.: force  4.6%  pme mesh/force 0.586
           Step           Time
          41500       83.00000

   Energies (kJ/mol)
       G96Angle    Proper Dih.  Improper Dih.          LJ-14     Coulomb-14
    1.26740e+04    9.70167e+03    7.02857e+02   -1.06561e+03    1.65476e+04
        LJ (SR)  Disper. corr.   Coulomb (SR)   Coul. recip.      Potential
   -3.16702e+04   -1.05137e+03   -1.48769e+05    1.72723e+03   -1.41203e+05
    Kinetic En.   Total Energy  Conserved En.    Temperature Pres. DC (bar)
    1.61750e+04   -1.25028e+05   -7.99049e+04    2.89560e+02   -2.74575e+01
 Pressure (bar)   Constr. rmsd
   -2.19785e+02    4.81716e-06


DD  step 41599  vol min/aver 0.292  load imb.: force  4.8%  pme mesh/force 0.607
           Step           Time
          41600       83.20000

   Energies (kJ/mol)
       G96Angle    Proper Dih.  Improper Dih.          LJ-14     Coulomb-14
    1.28909e+04    9.62261e+03    6.38245e+02   -7.97702e+02    1.60087e+04
        LJ (SR)  Disper. corr.   Coulomb (SR)   Coul. recip.      Potential
   -3.15219e+04   -1.05137e+03   -1.48574e+05    1.70478e+03   -1.41080e+05
    Kinetic En.   Total Energy  Conserved En.    Temperature Pres. DC (bar)
    1.64714e+04   -1.24608e+05   -7.99045e+04    2.94866e+02   -2.74575e+01
 Pressure (bar)   Constr. rmsd
   -7.03859e+01    4.79204e-06


DD  step 41699  vol min/aver 0.289  load imb.: force  2.4%  pme mesh/force 0.618
           Step           Time
          41700       83.40000

   Energies (kJ/mol)
       G96Angle    Proper Dih.  Improper Dih.          LJ-14     Coulomb-14
    1.25996e+04    9.96511e+03    7.09070e+02   -9.99952e+02    1.63155e+04
        LJ (SR)  Disper. corr.   Coulomb (SR)   Coul. recip.      Potential
   -3.16437e+04   -1.05137e+03   -1.48734e+05    1.69197e+03   -1.41148e+05
    Kinetic En.   Total Energy  Conserved En.    Temperature Pres. DC (bar)
    1.64433e+04   -1.24705e+05   -7.99035e+04    2.94362e+02   -2.74575e+01
 Pressure (bar)   Constr. rmsd
   -1.25090e+02    4.80350e-06


DD  step 41799  vol min/aver 0.291  load imb.: force  5.0%  pme mesh/force 0.610
           Step           Time
          41800       83.60000

   Energies (kJ/mol)
       G96Angle    Proper Dih.  Improper Dih.          LJ-14     Coulomb-14
    1.25849e+04    1.00607e+04    7.08214e+02   -8.78917e+02    1.62990e+04
        LJ (SR)  Disper. corr.   Coulomb (SR)   Coul. recip.      Potential
   -3.16445e+04   -1.05137e+03   -1.48693e+05    1.70709e+03   -1.40908e+05
    Kinetic En.   Total Energy  Conserved En.    Temperature Pres. DC (bar)
    1.59939e+04   -1.24914e+05   -7.99025e+04    2.86317e+02   -2.74575e+01
 Pressure (bar)   Constr. rmsd
   -1.86370e+02    4.61742e-06


DD  step 41899  vol min/aver 0.289  load imb.: force 10.8%  pme mesh/force 0.571
           Step           Time
          41900       83.80000

   Energies (kJ/mol)
       G96Angle    Proper Dih.  Improper Dih.          LJ-14     Coulomb-14
    1.25226e+04    9.86775e+03    7.41480e+02   -9.30959e+02    1.63064e+04
        LJ (SR)  Disper. corr.   Coulomb (SR)   Coul. recip.      Potential
   -3.13916e+04   -1.05137e+03   -1.48859e+05    1.68749e+03   -1.41108e+05
    Kinetic En.   Total Energy  Conserved En.    Temperature Pres. DC (bar)
    1.65911e+04   -1.24516e+05   -7.99031e+04    2.97008e+02   -2.74575e+01
 Pressure (bar)   Constr. rmsd
   -7.26921e+01    4.82305e-06


DD  step 41999  vol min/aver 0.288  load imb.: force  4.2%  pme mesh/force 0.604
           Step           Time
          42000       84.00000

   Energies (kJ/mol)
       G96Angle    Proper Dih.  Improper Dih.          LJ-14     Coulomb-14
    1.28458e+04    9.96442e+03    8.08700e+02   -1.08000e+03    1.63035e+04
        LJ (SR)  Disper. corr.   Coulomb (SR)   Coul. recip.      Potential
   -3.18248e+04   -1.05137e+03   -1.48256e+05    1.75367e+03   -1.40536e+05
    Kinetic En.   Total Energy  Conserved En.    Temperature Pres. DC (bar)
    1.65246e+04   -1.24011e+05   -7.99012e+04    2.95818e+02   -2.74575e+01
 Pressure (bar)   Constr. rmsd
   -2.59082e+02    4.79194e-06


DD  step 42099  vol min/aver 0.292  load imb.: force  2.2%  pme mesh/force 0.585
           Step           Time
          42100       84.20000

   Energies (kJ/mol)
       G96Angle    Proper Dih.  Improper Dih.          LJ-14     Coulomb-14
    1.26214e+04    1.00059e+04    7.23487e+02   -8.24675e+02    1.61491e+04
        LJ (SR)  Disper. corr.   Coulomb (SR)   Coul. recip.      Potential
   -3.16887e+04   -1.05137e+03   -1.48629e+05    1.71528e+03   -1.40979e+05
    Kinetic En.   Total Energy  Conserved En.    Temperature Pres. DC (bar)
    1.66273e+04   -1.24351e+05   -7.99030e+04    2.97656e+02   -2.74575e+01
 Pressure (bar)   Constr. rmsd
   -3.37623e+01    4.58192e-06


DD  step 42199  vol min/aver 0.295  load imb.: force  3.2%  pme mesh/force 0.592
           Step           Time
          42200       84.40000

   Energies (kJ/mol)
       G96Angle    Proper Dih.  Improper Dih.          LJ-14     Coulomb-14
    1.29966e+04    9.90997e+03    7.40212e+02   -1.00730e+03    1.62538e+04
        LJ (SR)  Disper. corr.   Coulomb (SR)   Coul. recip.      Potential
   -3.17387e+04   -1.05137e+03   -1.48715e+05    1.70565e+03   -1.40906e+05
    Kinetic En.   Total Energy  Conserved En.    Temperature Pres. DC (bar)
    1.68921e+04   -1.24014e+05   -7.99033e+04    3.02396e+02   -2.74575e+01
 Pressure (bar)   Constr. rmsd
   -4.85889e+01    4.67235e-06


DD  step 42299  vol min/aver 0.300  load imb.: force  3.5%  pme mesh/force 0.568
           Step           Time
          42300       84.60000

   Energies (kJ/mol)
       G96Angle    Proper Dih.  Improper Dih.          LJ-14     Coulomb-14
    1.25293e+04    1.01067e+04    6.39175e+02   -9.70247e+02    1.64940e+04
        LJ (SR)  Disper. corr.   Coulomb (SR)   Coul. recip.      Potential
   -3.14434e+04   -1.05137e+03   -1.48782e+05    1.72656e+03   -1.40752e+05
    Kinetic En.   Total Energy  Conserved En.    Temperature Pres. DC (bar)
    1.63712e+04   -1.24380e+05   -7.99034e+04    2.93072e+02   -2.74575e+01
 Pressure (bar)   Constr. rmsd
    6.18729e+01    4.60411e-06


DD  step 42399  vol min/aver 0.297  load imb.: force  3.5%  pme mesh/force 0.621
           Step           Time
          42400       84.80000

   Energies (kJ/mol)
       G96Angle    Proper Dih.  Improper Dih.          LJ-14     Coulomb-14
    1.25952e+04    1.00356e+04    7.17173e+02   -9.27080e+02    1.60644e+04
        LJ (SR)  Disper. corr.   Coulomb (SR)   Coul. recip.      Potential
   -3.15545e+04   -1.05137e+03   -1.48465e+05    1.70503e+03   -1.40880e+05
    Kinetic En.   Total Energy  Conserved En.    Temperature Pres. DC (bar)
    1.64899e+04   -1.24390e+05   -7.99044e+04    2.95197e+02   -2.74575e+01
 Pressure (bar)   Constr. rmsd
   -1.32328e+02    4.90494e-06


DD  step 42499  vol min/aver 0.302  load imb.: force  7.5%  pme mesh/force 0.606
           Step           Time
          42500       85.00000

   Energies (kJ/mol)
       G96Angle    Proper Dih.  Improper Dih.          LJ-14     Coulomb-14
    1.28097e+04    9.81486e+03    7.71720e+02   -9.06997e+02    1.61270e+04
        LJ (SR)  Disper. corr.   Coulomb (SR)   Coul. recip.      Potential
   -3.16062e+04   -1.05137e+03   -1.48837e+05    1.67644e+03   -1.41202e+05
    Kinetic En.   Total Energy  Conserved En.    Temperature Pres. DC (bar)
    1.67104e+04   -1.24491e+05   -7.99021e+04    2.99145e+02   -2.74575e+01
 Pressure (bar)   Constr. rmsd
    2.43076e+00    4.64272e-06


DD  step 42599  vol min/aver 0.301  load imb.: force  5.9%  pme mesh/force 0.586
           Step           Time
          42600       85.20000

   Energies (kJ/mol)
       G96Angle    Proper Dih.  Improper Dih.          LJ-14     Coulomb-14
    1.25112e+04    1.02170e+04    7.23423e+02   -9.13164e+02    1.62844e+04
        LJ (SR)  Disper. corr.   Coulomb (SR)   Coul. recip.      Potential
   -3.17111e+04   -1.05137e+03   -1.48577e+05    1.68779e+03   -1.40829e+05
    Kinetic En.   Total Energy  Conserved En.    Temperature Pres. DC (bar)
    1.64289e+04   -1.24400e+05   -7.99024e+04    2.94104e+02   -2.74575e+01
 Pressure (bar)   Constr. rmsd
   -1.16638e+02    4.81207e-06


DD  step 42699  vol min/aver 0.300  load imb.: force  3.6%  pme mesh/force 0.575
           Step           Time
          42700       85.40000

   Energies (kJ/mol)
       G96Angle    Proper Dih.  Improper Dih.          LJ-14     Coulomb-14
    1.26649e+04    9.99746e+03    7.63590e+02   -7.13232e+02    1.61409e+04
        LJ (SR)  Disper. corr.   Coulomb (SR)   Coul. recip.      Potential
   -3.17021e+04   -1.05137e+03   -1.48526e+05    1.73676e+03   -1.40689e+05
    Kinetic En.   Total Energy  Conserved En.    Temperature Pres. DC (bar)
    1.65206e+04   -1.24168e+05   -7.99026e+04    2.95746e+02   -2.74575e+01
 Pressure (bar)   Constr. rmsd
   -1.27298e+02    4.82369e-06


DD  step 42799  vol min/aver 0.295  load imb.: force  5.1%  pme mesh/force 0.570
           Step           Time
          42800       85.60000

   Energies (kJ/mol)
       G96Angle    Proper Dih.  Improper Dih.          LJ-14     Coulomb-14
    1.29409e+04    1.01463e+04    7.24897e+02   -9.25807e+02    1.62535e+04
        LJ (SR)  Disper. corr.   Coulomb (SR)   Coul. recip.      Potential
   -3.15218e+04   -1.05137e+03   -1.48629e+05    1.70060e+03   -1.40362e+05
    Kinetic En.   Total Energy  Conserved En.    Temperature Pres. DC (bar)
    1.68747e+04   -1.23487e+05   -7.99009e+04    3.02085e+02   -2.74575e+01
 Pressure (bar)   Constr. rmsd
   -6.59822e+01    4.91184e-06


DD  step 42899  vol min/aver 0.285  load imb.: force  3.8%  pme mesh/force 0.623
           Step           Time
          42900       85.80000

   Energies (kJ/mol)
       G96Angle    Proper Dih.  Improper Dih.          LJ-14     Coulomb-14
    1.30353e+04    1.00518e+04    8.13989e+02   -1.02447e+03    1.62664e+04
        LJ (SR)  Disper. corr.   Coulomb (SR)   Coul. recip.      Potential
   -3.14037e+04   -1.05137e+03   -1.48589e+05    1.72427e+03   -1.40177e+05
    Kinetic En.   Total Energy  Conserved En.    Temperature Pres. DC (bar)
    1.69459e+04   -1.23231e+05   -7.99018e+04    3.03360e+02   -2.74575e+01
 Pressure (bar)   Constr. rmsd
   -1.09999e+02    5.02368e-06


DD  step 42999  vol min/aver 0.284  load imb.: force  6.2%  pme mesh/force 0.605
           Step           Time
          43000       86.00000

   Energies (kJ/mol)
       G96Angle    Proper Dih.  Improper Dih.          LJ-14     Coulomb-14
    1.30444e+04    1.00720e+04    6.82233e+02   -1.14384e+03    1.64212e+04
        LJ (SR)  Disper. corr.   Coulomb (SR)   Coul. recip.      Potential
   -3.14239e+04   -1.05137e+03   -1.48766e+05    1.70957e+03   -1.40456e+05
    Kinetic En.   Total Energy  Conserved En.    Temperature Pres. DC (bar)
    1.67600e+04   -1.23696e+05   -7.99024e+04    3.00031e+02   -2.74575e+01
 Pressure (bar)   Constr. rmsd
   -1.95647e+02    4.74017e-06


DD  step 43099  vol min/aver 0.280  load imb.: force  3.1%  pme mesh/force 0.583
           Step           Time
          43100       86.20000

   Energies (kJ/mol)
       G96Angle    Proper Dih.  Improper Dih.          LJ-14     Coulomb-14
    1.27983e+04    1.00065e+04    7.22273e+02   -1.00979e+03    1.65954e+04
        LJ (SR)  Disper. corr.   Coulomb (SR)   Coul. recip.      Potential
   -3.16284e+04   -1.05137e+03   -1.48762e+05    1.71367e+03   -1.40615e+05
    Kinetic En.   Total Energy  Conserved En.    Temperature Pres. DC (bar)
    1.68206e+04   -1.23795e+05   -7.99035e+04    3.01117e+02   -2.74575e+01
 Pressure (bar)   Constr. rmsd
   -1.94453e+02    4.87457e-06


DD  step 43199  vol min/aver 0.280  load imb.: force 50.1%  pme mesh/force 0.384
           Step           Time
          43200       86.40000

   Energies (kJ/mol)
       G96Angle    Proper Dih.  Improper Dih.          LJ-14     Coulomb-14
    1.27773e+04    1.00672e+04    7.14262e+02   -8.70906e+02    1.66803e+04
        LJ (SR)  Disper. corr.   Coulomb (SR)   Coul. recip.      Potential
   -3.13444e+04   -1.05137e+03   -1.49074e+05    1.68789e+03   -1.40414e+05
    Kinetic En.   Total Energy  Conserved En.    Temperature Pres. DC (bar)
    1.70213e+04   -1.23393e+05   -7.99016e+04    3.04710e+02   -2.74575e+01
 Pressure (bar)   Constr. rmsd
    2.65090e+01    4.85376e-06


DD  step 43299  vol min/aver 0.254  load imb.: force 10.5%  pme mesh/force 0.547
           Step           Time
          43300       86.60000

   Energies (kJ/mol)
       G96Angle    Proper Dih.  Improper Dih.          LJ-14     Coulomb-14
    1.25872e+04    9.95385e+03    7.02895e+02   -9.65264e+02    1.63992e+04
        LJ (SR)  Disper. corr.   Coulomb (SR)   Coul. recip.      Potential
   -3.16077e+04   -1.05137e+03   -1.48660e+05    1.76334e+03   -1.40878e+05
    Kinetic En.   Total Energy  Conserved En.    Temperature Pres. DC (bar)
    1.68282e+04   -1.24050e+05   -7.99025e+04    3.01252e+02   -2.74575e+01
 Pressure (bar)   Constr. rmsd
   -2.43061e+02    4.97074e-06


DD  step 43399  vol min/aver 0.279  load imb.: force  3.2%  pme mesh/force 0.601
           Step           Time
          43400       86.80000

   Energies (kJ/mol)
       G96Angle    Proper Dih.  Improper Dih.          LJ-14     Coulomb-14
    1.28949e+04    1.02362e+04    7.57579e+02   -1.01492e+03    1.60882e+04
        LJ (SR)  Disper. corr.   Coulomb (SR)   Coul. recip.      Potential
   -3.15401e+04   -1.05137e+03   -1.48594e+05    1.69417e+03   -1.40529e+05
    Kinetic En.   Total Energy  Conserved En.    Temperature Pres. DC (bar)
    1.68553e+04   -1.23674e+05   -7.99018e+04    3.01737e+02   -2.74575e+01
 Pressure (bar)   Constr. rmsd
   -1.77000e+02    5.03336e-06


DD  step 43499  vol min/aver 0.283  load imb.: force  4.4%  pme mesh/force 0.610
           Step           Time
          43500       87.00000

   Energies (kJ/mol)
       G96Angle    Proper Dih.  Improper Dih.          LJ-14     Coulomb-14
    1.26854e+04    1.00147e+04    7.09641e+02   -1.08440e+03    1.62966e+04
        LJ (SR)  Disper. corr.   Coulomb (SR)   Coul. recip.      Potential
   -3.15091e+04   -1.05137e+03   -1.48631e+05    1.75015e+03   -1.40819e+05
    Kinetic En.   Total Energy  Conserved En.    Temperature Pres. DC (bar)
    1.69944e+04   -1.23825e+05   -7.99046e+04    3.04229e+02   -2.74575e+01
 Pressure (bar)   Constr. rmsd
   -1.89862e+02    5.24815e-06


DD  step 43599  vol min/aver 0.289  load imb.: force  2.9%  pme mesh/force 0.590
           Step           Time
          43600       87.20000

   Energies (kJ/mol)
       G96Angle    Proper Dih.  Improper Dih.          LJ-14     Coulomb-14
    1.29260e+04    1.01044e+04    6.66471e+02   -1.00459e+03    1.64962e+04
        LJ (SR)  Disper. corr.   Coulomb (SR)   Coul. recip.      Potential
   -3.13211e+04   -1.05137e+03   -1.48900e+05    1.73009e+03   -1.40354e+05
    Kinetic En.   Total Energy  Conserved En.    Temperature Pres. DC (bar)
    1.64447e+04   -1.23909e+05   -7.99002e+04    2.94388e+02   -2.74575e+01
 Pressure (bar)   Constr. rmsd
   -5.58894e+01    4.62928e-06


DD  step 43699  vol min/aver 0.296  load imb.: force  3.6%  pme mesh/force 0.565
           Step           Time
          43700       87.40000

   Energies (kJ/mol)
       G96Angle    Proper Dih.  Improper Dih.          LJ-14     Coulomb-14
    1.31156e+04    9.96440e+03    6.94880e+02   -7.69583e+02    1.57798e+04
        LJ (SR)  Disper. corr.   Coulomb (SR)   Coul. recip.      Potential
   -3.14363e+04   -1.05137e+03   -1.48584e+05    1.71722e+03   -1.40569e+05
    Kinetic En.   Total Energy  Conserved En.    Temperature Pres. DC (bar)
    1.66211e+04   -1.23948e+05   -7.99023e+04    2.97545e+02   -2.74575e+01
 Pressure (bar)   Constr. rmsd
   -1.34927e+02    5.03622e-06


DD  step 43799  vol min/aver 0.296  load imb.: force  4.3%  pme mesh/force 0.621
           Step           Time
          43800       87.60000

   Energies (kJ/mol)
       G96Angle    Proper Dih.  Improper Dih.          LJ-14     Coulomb-14
    1.26717e+04    9.93130e+03    6.56952e+02   -1.04876e+03    1.64062e+04
        LJ (SR)  Disper. corr.   Coulomb (SR)   Coul. recip.      Potential
   -3.14717e+04   -1.05137e+03   -1.48614e+05    1.77660e+03   -1.40743e+05
    Kinetic En.   Total Energy  Conserved En.    Temperature Pres. DC (bar)
    1.70904e+04   -1.23652e+05   -7.99020e+04    3.05946e+02   -2.74575e+01
 Pressure (bar)   Constr. rmsd
   -1.34265e+02    4.95265e-06


DD  step 43899  vol min/aver 0.293  load imb.: force  4.1%  pme mesh/force 0.587
           Step           Time
          43900       87.80000

   Energies (kJ/mol)
       G96Angle    Proper Dih.  Improper Dih.          LJ-14     Coulomb-14
    1.26006e+04    1.02917e+04    6.66019e+02   -9.56033e+02    1.62080e+04
        LJ (SR)  Disper. corr.   Coulomb (SR)   Coul. recip.      Potential
   -3.15398e+04   -1.05137e+03   -1.48709e+05    1.73787e+03   -1.40752e+05
    Kinetic En.   Total Energy  Conserved En.    Temperature Pres. DC (bar)
    1.67057e+04   -1.24046e+05   -7.99014e+04    2.99061e+02   -2.74575e+01
 Pressure (bar)   Constr. rmsd
   -1.32639e+02    4.71980e-06


DD  step 43999  vol min/aver 0.289  load imb.: force  3.2%  pme mesh/force 0.608
           Step           Time
          44000       88.00000

   Energies (kJ/mol)
       G96Angle    Proper Dih.  Improper Dih.          LJ-14     Coulomb-14
    1.27055e+04    1.03277e+04    7.11721e+02   -1.05678e+03    1.64925e+04
        LJ (SR)  Disper. corr.   Coulomb (SR)   Coul. recip.      Potential
   -3.17924e+04   -1.05137e+03   -1.48873e+05    1.72986e+03   -1.40806e+05
    Kinetic En.   Total Energy  Conserved En.    Temperature Pres. DC (bar)
    1.67135e+04   -1.24092e+05   -7.99017e+04    2.99200e+02   -2.74575e+01
 Pressure (bar)   Constr. rmsd
   -1.08906e+02    4.56462e-06


DD  step 44099  vol min/aver 0.286  load imb.: force  4.3%  pme mesh/force 0.622
           Step           Time
          44100       88.20000

   Energies (kJ/mol)
       G96Angle    Proper Dih.  Improper Dih.          LJ-14     Coulomb-14
    1.25981e+04    1.02472e+04    7.36641e+02   -8.82780e+02    1.60784e+04
        LJ (SR)  Disper. corr.   Coulomb (SR)   Coul. recip.      Potential
   -3.15625e+04   -1.05137e+03   -1.48727e+05    1.71079e+03   -1.40852e+05
    Kinetic En.   Total Energy  Conserved En.    Temperature Pres. DC (bar)
    1.67470e+04   -1.24105e+05   -7.99014e+04    2.99799e+02   -2.74575e+01
 Pressure (bar)   Constr. rmsd
   -1.21973e+02    5.10595e-06


DD  step 44199  vol min/aver 0.286  load imb.: force  4.0%  pme mesh/force 0.639
           Step           Time
          44200       88.40000

   Energies (kJ/mol)
       G96Angle    Proper Dih.  Improper Dih.          LJ-14     Coulomb-14
    1.30493e+04    1.01509e+04    6.58468e+02   -9.15944e+02    1.60545e+04
        LJ (SR)  Disper. corr.   Coulomb (SR)   Coul. recip.      Potential
   -3.16292e+04   -1.05137e+03   -1.48684e+05    1.68683e+03   -1.40681e+05
    Kinetic En.   Total Energy  Conserved En.    Temperature Pres. DC (bar)
    1.65782e+04   -1.24103e+05   -7.99009e+04    2.96777e+02   -2.74575e+01
 Pressure (bar)   Constr. rmsd
   -1.33957e+02    4.80009e-06


DD  step 44299  vol min/aver 0.295  load imb.: force  5.0%  pme mesh/force 0.587
           Step           Time
          44300       88.60000

   Energies (kJ/mol)
       G96Angle    Proper Dih.  Improper Dih.          LJ-14     Coulomb-14
    1.26112e+04    1.01295e+04    7.17262e+02   -1.13130e+03    1.60899e+04
        LJ (SR)  Disper. corr.   Coulomb (SR)   Coul. recip.      Potential
   -3.18355e+04   -1.05137e+03   -1.48300e+05    1.73477e+03   -1.41036e+05
    Kinetic En.   Total Energy  Conserved En.    Temperature Pres. DC (bar)
    1.68242e+04   -1.24212e+05   -7.99019e+04    3.01180e+02   -2.74575e+01
 Pressure (bar)   Constr. rmsd
   -1.76624e+02    4.58506e-06


DD  step 44399  vol min/aver 0.294  load imb.: force  4.6%  pme mesh/force 0.578
           Step           Time
          44400       88.80000

   Energies (kJ/mol)
       G96Angle    Proper Dih.  Improper Dih.          LJ-14     Coulomb-14
    1.27982e+04    1.02371e+04    7.12732e+02   -1.07633e+03    1.62225e+04
        LJ (SR)  Disper. corr.   Coulomb (SR)   Coul. recip.      Potential
   -3.17802e+04   -1.05137e+03   -1.48602e+05    1.67257e+03   -1.40867e+05
    Kinetic En.   Total Energy  Conserved En.    Temperature Pres. DC (bar)
    1.68124e+04   -1.24054e+05   -7.99011e+04    3.00969e+02   -2.74575e+01
 Pressure (bar)   Constr. rmsd
   -1.49089e+02    4.77423e-06


DD  step 44499  vol min/aver 0.291  load imb.: force  3.1%  pme mesh/force 0.598
           Step           Time
          44500       89.00000

   Energies (kJ/mol)
       G96Angle    Proper Dih.  Improper Dih.          LJ-14     Coulomb-14
    1.30391e+04    1.03012e+04    7.62796e+02   -7.23662e+02    1.59465e+04
        LJ (SR)  Disper. corr.   Coulomb (SR)   Coul. recip.      Potential
   -3.16788e+04   -1.05137e+03   -1.48609e+05    1.73972e+03   -1.40273e+05
    Kinetic En.   Total Energy  Conserved En.    Temperature Pres. DC (bar)
    1.62471e+04   -1.24026e+05   -7.98984e+04    2.90851e+02   -2.74575e+01
 Pressure (bar)   Constr. rmsd
   -8.83173e+01    4.70842e-06


DD  step 44599  vol min/aver 0.286  load imb.: force  6.2%  pme mesh/force 0.640
           Step           Time
          44600       89.20000

   Energies (kJ/mol)
       G96Angle    Proper Dih.  Improper Dih.          LJ-14     Coulomb-14
    1.27106e+04    1.03038e+04    7.94074e+02   -8.19957e+02    1.61755e+04
        LJ (SR)  Disper. corr.   Coulomb (SR)   Coul. recip.      Potential
   -3.16908e+04   -1.05137e+03   -1.48646e+05    1.70729e+03   -1.40517e+05
    Kinetic En.   Total Energy  Conserved En.    Temperature Pres. DC (bar)
    1.69729e+04   -1.23544e+05   -7.98996e+04    3.03843e+02   -2.74575e+01
 Pressure (bar)   Constr. rmsd
   -7.99378e+01    4.76904e-06


DD  step 44699  vol min/aver 0.274  load imb.: force  4.0%  pme mesh/force 0.621
           Step           Time
          44700       89.40000

   Energies (kJ/mol)
       G96Angle    Proper Dih.  Improper Dih.          LJ-14     Coulomb-14
    1.25495e+04    1.01269e+04    8.14077e+02   -9.95334e+02    1.64279e+04
        LJ (SR)  Disper. corr.   Coulomb (SR)   Coul. recip.      Potential
   -3.16626e+04   -1.05137e+03   -1.48640e+05    1.72265e+03   -1.40708e+05
    Kinetic En.   Total Energy  Conserved En.    Temperature Pres. DC (bar)
    1.67413e+04   -1.23967e+05   -7.99007e+04    2.99696e+02   -2.74575e+01
 Pressure (bar)   Constr. rmsd
   -2.22841e+02    5.09912e-06


DD  step 44799  vol min/aver 0.280  load imb.: force  3.8%  pme mesh/force 0.604
           Step           Time
          44800       89.60000

   Energies (kJ/mol)
       G96Angle    Proper Dih.  Improper Dih.          LJ-14     Coulomb-14
    1.28152e+04    9.95073e+03    7.19123e+02   -9.16563e+02    1.60621e+04
        LJ (SR)  Disper. corr.   Coulomb (SR)   Coul. recip.      Potential
   -3.17400e+04   -1.05137e+03   -1.48477e+05    1.69153e+03   -1.40946e+05
    Kinetic En.   Total Energy  Conserved En.    Temperature Pres. DC (bar)
    1.70333e+04   -1.23913e+05   -7.98997e+04    3.04925e+02   -2.74575e+01
 Pressure (bar)   Constr. rmsd
   -1.11865e+02    5.29411e-06


DD  step 44899  vol min/aver 0.285  load imb.: force  3.8%  pme mesh/force 0.600
           Step           Time
          44900       89.80000

   Energies (kJ/mol)
       G96Angle    Proper Dih.  Improper Dih.          LJ-14     Coulomb-14
    1.28682e+04    9.91169e+03    7.48817e+02   -7.89728e+02    1.60271e+04
        LJ (SR)  Disper. corr.   Coulomb (SR)   Coul. recip.      Potential
   -3.16072e+04   -1.05137e+03   -1.48559e+05    1.71754e+03   -1.40734e+05
    Kinetic En.   Total Energy  Conserved En.    Temperature Pres. DC (bar)
    1.69949e+04   -1.23739e+05   -7.98991e+04    3.04237e+02   -2.74575e+01
 Pressure (bar)   Constr. rmsd
   -1.53992e+02    5.08085e-06


DD  step 44999  vol min/aver 0.290  load imb.: force  5.9%  pme mesh/force 0.610
           Step           Time
          45000       90.00000

   Energies (kJ/mol)
       G96Angle    Proper Dih.  Improper Dih.          LJ-14     Coulomb-14
    1.29913e+04    1.03124e+04    7.64139e+02   -8.87974e+02    1.63721e+04
        LJ (SR)  Disper. corr.   Coulomb (SR)   Coul. recip.      Potential
   -3.17474e+04   -1.05137e+03   -1.48864e+05    1.67276e+03   -1.40438e+05
    Kinetic En.   Total Energy  Conserved En.    Temperature Pres. DC (bar)
    1.66328e+04   -1.23805e+05   -7.98972e+04    2.97755e+02   -2.74575e+01
 Pressure (bar)   Constr. rmsd
   -1.41870e+02    4.71343e-06


DD  step 45099  vol min/aver 0.289  load imb.: force  2.5%  pme mesh/force 0.555
           Step           Time
          45100       90.20000

   Energies (kJ/mol)
       G96Angle    Proper Dih.  Improper Dih.          LJ-14     Coulomb-14
    1.27433e+04    1.00291e+04    6.98439e+02   -7.76226e+02    1.60324e+04
        LJ (SR)  Disper. corr.   Coulomb (SR)   Coul. recip.      Potential
   -3.17115e+04   -1.05137e+03   -1.48565e+05    1.67287e+03   -1.40928e+05
    Kinetic En.   Total Energy  Conserved En.    Temperature Pres. DC (bar)
    1.68010e+04   -1.24127e+05   -7.98972e+04    3.00766e+02   -2.74575e+01
 Pressure (bar)   Constr. rmsd
   -1.13634e+02    4.63395e-06


DD  step 45199  vol min/aver 0.291  load imb.: force  3.3%  pme mesh/force 0.625
           Step           Time
          45200       90.40000

   Energies (kJ/mol)
       G96Angle    Proper Dih.  Improper Dih.          LJ-14     Coulomb-14
    1.29272e+04    9.87471e+03    7.39718e+02   -9.06035e+02    1.62502e+04
        LJ (SR)  Disper. corr.   Coulomb (SR)   Coul. recip.      Potential
   -3.16624e+04   -1.05137e+03   -1.48687e+05    1.68830e+03   -1.40827e+05
    Kinetic En.   Total Energy  Conserved En.    Temperature Pres. DC (bar)
    1.68415e+04   -1.23985e+05   -7.98972e+04    3.01491e+02   -2.74575e+01
 Pressure (bar)   Constr. rmsd
   -1.36711e+02    4.74029e-06


DD  step 45299  vol min/aver 0.293  load imb.: force  2.2%  pme mesh/force 0.578
           Step           Time
          45300       90.60000

   Energies (kJ/mol)
       G96Angle    Proper Dih.  Improper Dih.          LJ-14     Coulomb-14
    1.29771e+04    9.95929e+03    7.35734e+02   -9.41265e+02    1.63023e+04
        LJ (SR)  Disper. corr.   Coulomb (SR)   Coul. recip.      Potential
   -3.14209e+04   -1.05137e+03   -1.48755e+05    1.75732e+03   -1.40437e+05
    Kinetic En.   Total Energy  Conserved En.    Temperature Pres. DC (bar)
    1.70394e+04   -1.23398e+05   -7.98985e+04    3.05033e+02   -2.74575e+01
 Pressure (bar)   Constr. rmsd
   -1.72365e+02    5.11042e-06


DD  step 45399  vol min/aver 0.295  load imb.: force  2.0%  pme mesh/force 0.599
           Step           Time
          45400       90.80000

   Energies (kJ/mol)
       G96Angle    Proper Dih.  Improper Dih.          LJ-14     Coulomb-14
    1.26787e+04    1.00375e+04    8.01680e+02   -9.68728e+02    1.62275e+04
        LJ (SR)  Disper. corr.   Coulomb (SR)   Coul. recip.      Potential
   -3.16423e+04   -1.05137e+03   -1.48714e+05    1.69319e+03   -1.40938e+05
    Kinetic En.   Total Energy  Conserved En.    Temperature Pres. DC (bar)
    1.69025e+04   -1.24035e+05   -7.99008e+04    3.02583e+02   -2.74575e+01
 Pressure (bar)   Constr. rmsd
   -1.35476e+02    4.94447e-06


DD  step 45499  vol min/aver 0.293  load imb.: force  2.4%  pme mesh/force 0.612
           Step           Time
          45500       91.00000

   Energies (kJ/mol)
       G96Angle    Proper Dih.  Improper Dih.          LJ-14     Coulomb-14
    1.27007e+04    1.03053e+04    7.00937e+02   -8.79278e+02    1.59481e+04
        LJ (SR)  Disper. corr.   Coulomb (SR)   Coul. recip.      Potential
   -3.16939e+04   -1.05137e+03   -1.48500e+05    1.72411e+03   -1.40745e+05
    Kinetic En.   Total Energy  Conserved En.    Temperature Pres. DC (bar)
    1.69139e+04   -1.23831e+05   -7.98992e+04    3.02787e+02   -2.74575e+01
 Pressure (bar)   Constr. rmsd
   -1.37446e+02    5.30270e-06


DD  step 45599  vol min/aver 0.296  load imb.: force  3.9%  pme mesh/force 0.626
           Step           Time
          45600       91.20000

   Energies (kJ/mol)
       G96Angle    Proper Dih.  Improper Dih.          LJ-14     Coulomb-14
    1.32909e+04    1.00790e+04    7.25249e+02   -8.80315e+02    1.57554e+04
        LJ (SR)  Disper. corr.   Coulomb (SR)   Coul. recip.      Potential
   -3.15831e+04   -1.05137e+03   -1.48542e+05    1.71223e+03   -1.40494e+05
    Kinetic En.   Total Energy  Conserved En.    Temperature Pres. DC (bar)
    1.66401e+04   -1.23854e+05   -7.98967e+04    2.97886e+02   -2.74575e+01
 Pressure (bar)   Constr. rmsd
   -1.78482e+02    5.05764e-06


DD  step 45699  vol min/aver 0.299  load imb.: force  6.7%  pme mesh/force 0.599
           Step           Time
          45700       91.40000

   Energies (kJ/mol)
       G96Angle    Proper Dih.  Improper Dih.          LJ-14     Coulomb-14
    1.25563e+04    1.01656e+04    7.23896e+02   -1.04127e+03    1.63620e+04
        LJ (SR)  Disper. corr.   Coulomb (SR)   Coul. recip.      Potential
   -3.15984e+04   -1.05137e+03   -1.48717e+05    1.65554e+03   -1.40945e+05
    Kinetic En.   Total Energy  Conserved En.    Temperature Pres. DC (bar)
    1.67877e+04   -1.24157e+05   -7.98990e+04    3.00527e+02   -2.74575e+01
 Pressure (bar)   Constr. rmsd
   -1.23227e+02    4.78228e-06


DD  step 45799  vol min/aver 0.304  load imb.: force  2.7%  pme mesh/force 0.606
           Step           Time
          45800       91.60000

   Energies (kJ/mol)
       G96Angle    Proper Dih.  Improper Dih.          LJ-14     Coulomb-14
    1.30152e+04    1.01559e+04    7.81569e+02   -1.11589e+03    1.66543e+04
        LJ (SR)  Disper. corr.   Coulomb (SR)   Coul. recip.      Potential
   -3.17967e+04   -1.05137e+03   -1.48827e+05    1.74067e+03   -1.40443e+05
    Kinetic En.   Total Energy  Conserved En.    Temperature Pres. DC (bar)
    1.66902e+04   -1.23753e+05   -7.98966e+04    2.98783e+02   -2.74575e+01
 Pressure (bar)   Constr. rmsd
   -1.39459e+02    4.69139e-06


DD  step 45899  vol min/aver 0.299  load imb.: force  2.8%  pme mesh/force 0.574
           Step           Time
          45900       91.80000

   Energies (kJ/mol)
       G96Angle    Proper Dih.  Improper Dih.          LJ-14     Coulomb-14
    1.27687e+04    9.94924e+03    7.18840e+02   -9.82340e+02    1.62298e+04
        LJ (SR)  Disper. corr.   Coulomb (SR)   Coul. recip.      Potential
   -3.16974e+04   -1.05137e+03   -1.48629e+05    1.66670e+03   -1.41027e+05
    Kinetic En.   Total Energy  Conserved En.    Temperature Pres. DC (bar)
    1.71437e+04   -1.23883e+05   -7.98991e+04    3.06901e+02   -2.74575e+01
 Pressure (bar)   Constr. rmsd
   -1.57625e+02    4.90705e-06


DD  step 45999  vol min/aver 0.294  load imb.: force  4.3%  pme mesh/force 0.596
           Step           Time
          46000       92.00000

   Energies (kJ/mol)
       G96Angle    Proper Dih.  Improper Dih.          LJ-14     Coulomb-14
    1.26674e+04    1.00016e+04    7.14653e+02   -9.00350e+02    1.62283e+04
        LJ (SR)  Disper. corr.   Coulomb (SR)   Coul. recip.      Potential
   -3.16160e+04   -1.05137e+03   -1.48605e+05    1.75144e+03   -1.40810e+05
    Kinetic En.   Total Energy  Conserved En.    Temperature Pres. DC (bar)
    1.66959e+04   -1.24114e+05   -7.98975e+04    2.98885e+02   -2.74575e+01
 Pressure (bar)   Constr. rmsd
   -1.19718e+02    4.79420e-06


DD  step 46099  vol min/aver 0.290  load imb.: force  3.0%  pme mesh/force 0.565
           Step           Time
          46100       92.20000

   Energies (kJ/mol)
       G96Angle    Proper Dih.  Improper Dih.          LJ-14     Coulomb-14
    1.26519e+04    1.00388e+04    7.55641e+02   -9.17043e+02    1.61806e+04
        LJ (SR)  Disper. corr.   Coulomb (SR)   Coul. recip.      Potential
   -3.18480e+04   -1.05137e+03   -1.48445e+05    1.76786e+03   -1.40866e+05
    Kinetic En.   Total Energy  Conserved En.    Temperature Pres. DC (bar)
    1.65156e+04   -1.24351e+05   -7.98965e+04    2.95657e+02   -2.74575e+01
 Pressure (bar)   Constr. rmsd
   -2.21614e+02    4.84212e-06


DD  step 46199  vol min/aver 0.287  load imb.: force  5.5%  pme mesh/force 0.624
           Step           Time
          46200       92.40000

   Energies (kJ/mol)
       G96Angle    Proper Dih.  Improper Dih.          LJ-14     Coulomb-14
    1.27494e+04    9.98939e+03    6.69379e+02   -7.95986e+02    1.61618e+04
        LJ (SR)  Disper. corr.   Coulomb (SR)   Coul. recip.      Potential
   -3.17741e+04   -1.05137e+03   -1.48746e+05    1.72105e+03   -1.41076e+05
    Kinetic En.   Total Energy  Conserved En.    Temperature Pres. DC (bar)
    1.67957e+04   -1.24280e+05   -7.98978e+04    3.00670e+02   -2.74575e+01
 Pressure (bar)   Constr. rmsd
   -1.13253e+01    4.97010e-06


DD  step 46299  vol min/aver 0.302  load imb.: force 10.8%  pme mesh/force 0.619
           Step           Time
          46300       92.60000

   Energies (kJ/mol)
       G96Angle    Proper Dih.  Improper Dih.          LJ-14     Coulomb-14
    1.25155e+04    1.01568e+04    7.13459e+02   -9.57779e+02    1.60589e+04
        LJ (SR)  Disper. corr.   Coulomb (SR)   Coul. recip.      Potential
   -3.15530e+04   -1.05137e+03   -1.48504e+05    1.69808e+03   -1.40924e+05
    Kinetic En.   Total Energy  Conserved En.    Temperature Pres. DC (bar)
    1.68902e+04   -1.24033e+05   -7.98989e+04    3.02363e+02   -2.74575e+01
 Pressure (bar)   Constr. rmsd
   -8.44557e+01    5.04067e-06


DD  step 46399  vol min/aver 0.313  load imb.: force  3.0%  pme mesh/force 0.561
           Step           Time
          46400       92.80000

   Energies (kJ/mol)
       G96Angle    Proper Dih.  Improper Dih.          LJ-14     Coulomb-14
    1.30009e+04    1.01083e+04    7.53697e+02   -8.66929e+02    1.64178e+04
        LJ (SR)  Disper. corr.   Coulomb (SR)   Coul. recip.      Potential
   -3.16376e+04   -1.05137e+03   -1.48849e+05    1.70580e+03   -1.40418e+05
    Kinetic En.   Total Energy  Conserved En.    Temperature Pres. DC (bar)
    1.68481e+04   -1.23570e+05   -7.98948e+04    3.01609e+02   -2.74575e+01
 Pressure (bar)   Constr. rmsd
   -1.29827e+02    4.87260e-06


DD  step 46499  vol min/aver 0.308  load imb.: force  4.5%  pme mesh/force 0.573
           Step           Time
          46500       93.00000

   Energies (kJ/mol)
       G96Angle    Proper Dih.  Improper Dih.          LJ-14     Coulomb-14
    1.27342e+04    9.92817e+03    6.72765e+02   -8.05456e+02    1.66376e+04
        LJ (SR)  Disper. corr.   Coulomb (SR)   Coul. recip.      Potential
   -3.15000e+04   -1.05137e+03   -1.48924e+05    1.73651e+03   -1.40572e+05
    Kinetic En.   Total Energy  Conserved En.    Temperature Pres. DC (bar)
    1.67519e+04   -1.23820e+05   -7.98951e+04    2.99886e+02   -2.74575e+01
 Pressure (bar)   Constr. rmsd
   -3.25024e+01    4.65581e-06


DD  step 46599  vol min/aver 0.306  load imb.: force  5.6%  pme mesh/force 0.561
           Step           Time
          46600       93.20000

   Energies (kJ/mol)
       G96Angle    Proper Dih.  Improper Dih.          LJ-14     Coulomb-14
    1.30031e+04    9.80921e+03    7.23275e+02   -7.76757e+02    1.59835e+04
        LJ (SR)  Disper. corr.   Coulomb (SR)   Coul. recip.      Potential
   -3.17909e+04   -1.05137e+03   -1.48474e+05    1.74961e+03   -1.40824e+05
    Kinetic En.   Total Energy  Conserved En.    Temperature Pres. DC (bar)
    1.67700e+04   -1.24054e+05   -7.98964e+04    3.00211e+02   -2.74575e+01
 Pressure (bar)   Constr. rmsd
   -1.22259e+02    4.82157e-06


DD  step 46699  vol min/aver 0.301  load imb.: force  3.2%  pme mesh/force 0.578
           Step           Time
          46700       93.40000

   Energies (kJ/mol)
       G96Angle    Proper Dih.  Improper Dih.          LJ-14     Coulomb-14
    1.24883e+04    9.97335e+03    6.69298e+02   -9.06914e+02    1.64274e+04
        LJ (SR)  Disper. corr.   Coulomb (SR)   Coul. recip.      Potential
   -3.15317e+04   -1.05137e+03   -1.48701e+05    1.76513e+03   -1.40867e+05
    Kinetic En.   Total Energy  Conserved En.    Temperature Pres. DC (bar)
    1.67061e+04   -1.24161e+05   -7.98960e+04    2.99067e+02   -2.74575e+01
 Pressure (bar)   Constr. rmsd
   -7.70055e+01    4.91065e-06


DD  step 46799  vol min/aver 0.295  load imb.: force  4.3%  pme mesh/force 0.607
           Step           Time
          46800       93.60000

   Energies (kJ/mol)
       G96Angle    Proper Dih.  Improper Dih.          LJ-14     Coulomb-14
    1.26601e+04    9.92072e+03    7.29048e+02   -9.93881e+02    1.68968e+04
        LJ (SR)  Disper. corr.   Coulomb (SR)   Coul. recip.      Potential
   -3.17806e+04   -1.05137e+03   -1.48957e+05    1.73764e+03   -1.40838e+05
    Kinetic En.   Total Energy  Conserved En.    Temperature Pres. DC (bar)
    1.70003e+04   -1.23838e+05   -7.98963e+04    3.04334e+02   -2.74575e+01
 Pressure (bar)   Constr. rmsd
   -9.79141e+01    4.92921e-06


DD  step 46899  vol min/aver 0.290  load imb.: force  3.6%  pme mesh/force 0.552
           Step           Time
          46900       93.80000

   Energies (kJ/mol)
       G96Angle    Proper Dih.  Improper Dih.          LJ-14     Coulomb-14
    1.27915e+04    1.00613e+04    7.62431e+02   -8.05766e+02    1.60815e+04
        LJ (SR)  Disper. corr.   Coulomb (SR)   Coul. recip.      Potential
   -3.13783e+04   -1.05137e+03   -1.49047e+05    1.67826e+03   -1.40907e+05
    Kinetic En.   Total Energy  Conserved En.    Temperature Pres. DC (bar)
    1.70631e+04   -1.23844e+05   -7.98993e+04    3.05458e+02   -2.74575e+01
 Pressure (bar)   Constr. rmsd
    7.86520e+01    4.83093e-06


DD  step 46999  vol min/aver 0.290  load imb.: force  2.0%  pme mesh/force 0.637
           Step           Time
          47000       94.00000

   Energies (kJ/mol)
       G96Angle    Proper Dih.  Improper Dih.          LJ-14     Coulomb-14
    1.27951e+04    1.00189e+04    6.73001e+02   -8.50619e+02    1.62561e+04
        LJ (SR)  Disper. corr.   Coulomb (SR)   Coul. recip.      Potential
   -3.17964e+04   -1.05137e+03   -1.48712e+05    1.68745e+03   -1.40980e+05
    Kinetic En.   Total Energy  Conserved En.    Temperature Pres. DC (bar)
    1.66387e+04   -1.24341e+05   -7.98946e+04    2.97860e+02   -2.74575e+01
 Pressure (bar)   Constr. rmsd
   -1.63696e+02    4.73162e-06


DD  step 47099  vol min/aver 0.290  load imb.: force  4.5%  pme mesh/force 0.572
           Step           Time
          47100       94.20000

   Energies (kJ/mol)
       G96Angle    Proper Dih.  Improper Dih.          LJ-14     Coulomb-14
    1.27772e+04    1.01160e+04    7.13139e+02   -1.05130e+03    1.63243e+04
        LJ (SR)  Disper. corr.   Coulomb (SR)   Coul. recip.      Potential
   -3.15500e+04   -1.05137e+03   -1.48814e+05    1.69565e+03   -1.40840e+05
    Kinetic En.   Total Energy  Conserved En.    Temperature Pres. DC (bar)
    1.66486e+04   -1.24191e+05   -7.98932e+04    2.98037e+02   -2.74575e+01
 Pressure (bar)   Constr. rmsd
   -1.72169e+02    4.95079e-06


DD  step 47199  vol min/aver 0.293  load imb.: force  3.6%  pme mesh/force 0.618
           Step           Time
          47200       94.40000

   Energies (kJ/mol)
       G96Angle    Proper Dih.  Improper Dih.          LJ-14     Coulomb-14
    1.28557e+04    9.95780e+03    8.12553e+02   -1.01711e+03    1.64292e+04
        LJ (SR)  Disper. corr.   Coulomb (SR)   Coul. recip.      Potential
   -3.15902e+04   -1.05137e+03   -1.48779e+05    1.72341e+03   -1.40659e+05
    Kinetic En.   Total Energy  Conserved En.    Temperature Pres. DC (bar)
    1.65084e+04   -1.24151e+05   -7.98955e+04    2.95527e+02   -2.74575e+01
 Pressure (bar)   Constr. rmsd
   -8.76855e+01    4.89504e-06


DD  step 47299  vol min/aver 0.292  load imb.: force  3.4%  pme mesh/force 0.613
           Step           Time
          47300       94.60000

   Energies (kJ/mol)
       G96Angle    Proper Dih.  Improper Dih.          LJ-14     Coulomb-14
    1.26095e+04    9.88380e+03    7.62846e+02   -9.00368e+02    1.63341e+04
        LJ (SR)  Disper. corr.   Coulomb (SR)   Coul. recip.      Potential
   -3.15230e+04   -1.05137e+03   -1.48845e+05    1.74456e+03   -1.40985e+05
    Kinetic En.   Total Energy  Conserved En.    Temperature Pres. DC (bar)
    1.65501e+04   -1.24435e+05   -7.98944e+04    2.96274e+02   -2.74575e+01
 Pressure (bar)   Constr. rmsd
   -8.61514e+00    4.81110e-06


DD  step 47399  vol min/aver 0.285  load imb.: force  4.2%  pme mesh/force 0.585
           Step           Time
          47400       94.80000

   Energies (kJ/mol)
       G96Angle    Proper Dih.  Improper Dih.          LJ-14     Coulomb-14
    1.27152e+04    9.93203e+03    7.49496e+02   -9.63151e+02    1.66835e+04
        LJ (SR)  Disper. corr.   Coulomb (SR)   Coul. recip.      Potential
   -3.18182e+04   -1.05137e+03   -1.48822e+05    1.69393e+03   -1.40881e+05
    Kinetic En.   Total Energy  Conserved En.    Temperature Pres. DC (bar)
    1.69650e+04   -1.23916e+05   -7.98941e+04    3.03702e+02   -2.74575e+01
 Pressure (bar)   Constr. rmsd
   -1.70242e+02    4.86022e-06


DD  step 47499  vol min/aver 0.301  load imb.: force  3.1%  pme mesh/force 0.575
           Step           Time
          47500       95.00000

   Energies (kJ/mol)
       G96Angle    Proper Dih.  Improper Dih.          LJ-14     Coulomb-14
    1.32185e+04    9.91528e+03    7.74582e+02   -9.96983e+02    1.61367e+04
        LJ (SR)  Disper. corr.   Coulomb (SR)   Coul. recip.      Potential
   -3.16715e+04   -1.05137e+03   -1.48692e+05    1.68800e+03   -1.40679e+05
    Kinetic En.   Total Energy  Conserved En.    Temperature Pres. DC (bar)
    1.67304e+04   -1.23949e+05   -7.98926e+04    2.99501e+02   -2.74575e+01
 Pressure (bar)   Constr. rmsd
   -2.66880e+02    4.84274e-06


DD  step 47599  vol min/aver 0.296  load imb.: force  6.3%  pme mesh/force 0.548
           Step           Time
          47600       95.20000

   Energies (kJ/mol)
       G96Angle    Proper Dih.  Improper Dih.          LJ-14     Coulomb-14
    1.25461e+04    9.83654e+03    6.85888e+02   -1.01767e+03    1.66343e+04
        LJ (SR)  Disper. corr.   Coulomb (SR)   Coul. recip.      Potential
   -3.15686e+04   -1.05137e+03   -1.48781e+05    1.73715e+03   -1.40979e+05
    Kinetic En.   Total Energy  Conserved En.    Temperature Pres. DC (bar)
    1.67160e+04   -1.24263e+05   -7.98952e+04    2.99244e+02   -2.74575e+01
 Pressure (bar)   Constr. rmsd
   -2.31762e+02    5.15627e-06


DD  step 47699  vol min/aver 0.299  load imb.: force  4.5%  pme mesh/force 0.596
           Step           Time
          47700       95.40000

   Energies (kJ/mol)
       G96Angle    Proper Dih.  Improper Dih.          LJ-14     Coulomb-14
    1.28109e+04    9.97429e+03    7.43587e+02   -1.00617e+03    1.64112e+04
        LJ (SR)  Disper. corr.   Coulomb (SR)   Coul. recip.      Potential
   -3.15879e+04   -1.05137e+03   -1.48752e+05    1.71419e+03   -1.40744e+05
    Kinetic En.   Total Energy  Conserved En.    Temperature Pres. DC (bar)
    1.68925e+04   -1.23851e+05   -7.98942e+04    3.02403e+02   -2.74575e+01
 Pressure (bar)   Constr. rmsd
   -1.49225e+02    4.95267e-06


DD  step 47799  vol min/aver 0.293  load imb.: force  7.5%  pme mesh/force 0.648
           Step           Time
          47800       95.60000

   Energies (kJ/mol)
       G96Angle    Proper Dih.  Improper Dih.          LJ-14     Coulomb-14
    1.27310e+04    1.00946e+04    7.83079e+02   -1.01102e+03    1.62847e+04
        LJ (SR)  Disper. corr.   Coulomb (SR)   Coul. recip.      Potential
   -3.15550e+04   -1.05137e+03   -1.48733e+05    1.63750e+03   -1.40820e+05
    Kinetic En.   Total Energy  Conserved En.    Temperature Pres. DC (bar)
    1.70571e+04   -1.23763e+05   -7.98937e+04    3.05350e+02   -2.74575e+01
 Pressure (bar)   Constr. rmsd
   -4.40378e+01    4.84077e-06


DD  step 47899  vol min/aver 0.290  load imb.: force  5.3%  pme mesh/force 0.625
           Step           Time
          47900       95.80000

   Energies (kJ/mol)
       G96Angle    Proper Dih.  Improper Dih.          LJ-14     Coulomb-14
    1.28638e+04    9.87226e+03    7.18033e+02   -1.08948e+03    1.63082e+04
        LJ (SR)  Disper. corr.   Coulomb (SR)   Coul. recip.      Potential
   -3.16605e+04   -1.05137e+03   -1.48611e+05    1.73954e+03   -1.40910e+05
    Kinetic En.   Total Energy  Conserved En.    Temperature Pres. DC (bar)
    1.65888e+04   -1.24321e+05   -7.98922e+04    2.96968e+02   -2.74575e+01
 Pressure (bar)   Constr. rmsd
   -1.38790e+02    4.72807e-06


DD  step 47999  vol min/aver 0.286  load imb.: force  3.7%  pme mesh/force 0.581
           Step           Time
          48000       96.00000

   Energies (kJ/mol)
       G96Angle    Proper Dih.  Improper Dih.          LJ-14     Coulomb-14
    1.29954e+04    1.02407e+04    7.24586e+02   -9.16094e+02    1.63238e+04
        LJ (SR)  Disper. corr.   Coulomb (SR)   Coul. recip.      Potential
   -3.15878e+04   -1.05137e+03   -1.48733e+05    1.74404e+03   -1.40260e+05
    Kinetic En.   Total Energy  Conserved En.    Temperature Pres. DC (bar)
    1.68911e+04   -1.23369e+05   -7.98904e+04    3.02380e+02   -2.74575e+01
 Pressure (bar)   Constr. rmsd
    1.23095e+01    4.62596e-06


DD  step 48099  vol min/aver 0.290  load imb.: force  3.7%  pme mesh/force 0.591
           Step           Time
          48100       96.20000

   Energies (kJ/mol)
       G96Angle    Proper Dih.  Improper Dih.          LJ-14     Coulomb-14
    1.29202e+04    9.77145e+03    7.39296e+02   -1.01768e+03    1.64172e+04
        LJ (SR)  Disper. corr.   Coulomb (SR)   Coul. recip.      Potential
   -3.16043e+04   -1.05137e+03   -1.48798e+05    1.73860e+03   -1.40885e+05
    Kinetic En.   Total Energy  Conserved En.    Temperature Pres. DC (bar)
    1.67747e+04   -1.24110e+05   -7.98912e+04    3.00295e+02   -2.74575e+01
 Pressure (bar)   Constr. rmsd
   -1.43814e+02    4.75131e-06


DD  step 48199  vol min/aver 0.290  load imb.: force  4.7%  pme mesh/force 0.579
           Step           Time
          48200       96.40000

   Energies (kJ/mol)
       G96Angle    Proper Dih.  Improper Dih.          LJ-14     Coulomb-14
    1.28658e+04    1.00619e+04    7.25122e+02   -1.01675e+03    1.63568e+04
        LJ (SR)  Disper. corr.   Coulomb (SR)   Coul. recip.      Potential
   -3.16206e+04   -1.05137e+03   -1.48883e+05    1.72289e+03   -1.40840e+05
    Kinetic En.   Total Energy  Conserved En.    Temperature Pres. DC (bar)
    1.67581e+04   -1.24082e+05   -7.98930e+04    2.99997e+02   -2.74575e+01
 Pressure (bar)   Constr. rmsd
   -1.16178e+02    4.56964e-06


DD  step 48299  vol min/aver 0.283  load imb.: force  4.5%  pme mesh/force 0.607
           Step           Time
          48300       96.60000

   Energies (kJ/mol)
       G96Angle    Proper Dih.  Improper Dih.          LJ-14     Coulomb-14
    1.29829e+04    9.93108e+03    7.52095e+02   -9.13804e+02    1.58990e+04
        LJ (SR)  Disper. corr.   Coulomb (SR)   Coul. recip.      Potential
   -3.17474e+04   -1.05137e+03   -1.48588e+05    1.70699e+03   -1.41028e+05
    Kinetic En.   Total Energy  Conserved En.    Temperature Pres. DC (bar)
    1.66864e+04   -1.24342e+05   -7.98940e+04    2.98714e+02   -2.74575e+01
 Pressure (bar)   Constr. rmsd
    1.42413e+01    4.71364e-06


DD  step 48399  vol min/aver 0.275  load imb.: force  3.8%  pme mesh/force 0.587
           Step           Time
          48400       96.80000

   Energies (kJ/mol)
       G96Angle    Proper Dih.  Improper Dih.          LJ-14     Coulomb-14
    1.27449e+04    9.91709e+03    6.70810e+02   -1.03954e+03    1.63500e+04
        LJ (SR)  Disper. corr.   Coulomb (SR)   Coul. recip.      Potential
   -3.14993e+04   -1.05137e+03   -1.48742e+05    1.71369e+03   -1.40935e+05
    Kinetic En.   Total Energy  Conserved En.    Temperature Pres. DC (bar)
    1.70106e+04   -1.23925e+05   -7.98948e+04    3.04517e+02   -2.74575e+01
 Pressure (bar)   Constr. rmsd
   -5.87394e+01    4.57226e-06


DD  step 48499  vol min/aver 0.274  load imb.: force  3.6%  pme mesh/force 0.578
           Step           Time
          48500       97.00000

   Energies (kJ/mol)
       G96Angle    Proper Dih.  Improper Dih.          LJ-14     Coulomb-14
    1.29133e+04    9.76181e+03    7.42995e+02   -1.05167e+03    1.61665e+04
        LJ (SR)  Disper. corr.   Coulomb (SR)   Coul. recip.      Potential
   -3.17740e+04   -1.05137e+03   -1.48433e+05    1.73007e+03   -1.40995e+05
    Kinetic En.   Total Energy  Conserved En.    Temperature Pres. DC (bar)
    1.71230e+04   -1.23872e+05   -7.98959e+04    3.06530e+02   -2.74575e+01
 Pressure (bar)   Constr. rmsd
   -1.92094e+02    4.88041e-06


DD  step 48599  vol min/aver 0.274  load imb.: force  3.6%  pme mesh/force 0.573
           Step           Time
          48600       97.20000

   Energies (kJ/mol)
       G96Angle    Proper Dih.  Improper Dih.          LJ-14     Coulomb-14
    1.30926e+04    1.02282e+04    7.90785e+02   -1.13605e+03    1.64313e+04
        LJ (SR)  Disper. corr.   Coulomb (SR)   Coul. recip.      Potential
   -3.15997e+04   -1.05137e+03   -1.49000e+05    1.72894e+03   -1.40515e+05
    Kinetic En.   Total Energy  Conserved En.    Temperature Pres. DC (bar)
    1.68865e+04   -1.23628e+05   -7.98943e+04    3.02296e+02   -2.74575e+01
 Pressure (bar)   Constr. rmsd
   -1.45773e+02    4.70835e-06


DD  step 48699  vol min/aver 0.268  load imb.: force  3.0%  pme mesh/force 0.508
           Step           Time
          48700       97.40000

   Energies (kJ/mol)
       G96Angle    Proper Dih.  Improper Dih.          LJ-14     Coulomb-14
    1.28912e+04    1.01154e+04    7.88578e+02   -1.07826e+03    1.65505e+04
        LJ (SR)  Disper. corr.   Coulomb (SR)   Coul. recip.      Potential
   -3.17006e+04   -1.05137e+03   -1.48734e+05    1.74972e+03   -1.40469e+05
    Kinetic En.   Total Energy  Conserved En.    Temperature Pres. DC (bar)
    1.70221e+04   -1.23447e+05   -7.98915e+04    3.04725e+02   -2.74575e+01
 Pressure (bar)   Constr. rmsd
   -1.95648e+02    4.96385e-06


DD  step 48799  vol min/aver 0.263  load imb.: force  1.3%  pme mesh/force 0.596
           Step           Time
          48800       97.60000

   Energies (kJ/mol)
       G96Angle    Proper Dih.  Improper Dih.          LJ-14     Coulomb-14
    1.28051e+04    1.00228e+04    7.00131e+02   -1.16431e+03    1.64415e+04
        LJ (SR)  Disper. corr.   Coulomb (SR)   Coul. recip.      Potential
   -3.16027e+04   -1.05137e+03   -1.48828e+05    1.72245e+03   -1.40955e+05
    Kinetic En.   Total Energy  Conserved En.    Temperature Pres. DC (bar)
    1.67581e+04   -1.24197e+05   -7.98952e+04    2.99997e+02   -2.74575e+01
 Pressure (bar)   Constr. rmsd
   -1.21450e+02    4.81720e-06


DD  step 48899  vol min/aver 0.263  load imb.: force  4.9%  pme mesh/force 0.550
           Step           Time
          48900       97.80000

   Energies (kJ/mol)
       G96Angle    Proper Dih.  Improper Dih.          LJ-14     Coulomb-14
    1.27847e+04    1.01701e+04    6.86506e+02   -9.53369e+02    1.65122e+04
        LJ (SR)  Disper. corr.   Coulomb (SR)   Coul. recip.      Potential
   -3.14050e+04   -1.05137e+03   -1.48892e+05    1.66652e+03   -1.40482e+05
    Kinetic En.   Total Energy  Conserved En.    Temperature Pres. DC (bar)
    1.65848e+04   -1.23897e+05   -7.98930e+04    2.96895e+02   -2.74575e+01
 Pressure (bar)   Constr. rmsd
    3.82316e+01    4.64409e-06


DD  step 48999  vol min/aver 0.258  load imb.: force  3.6%  pme mesh/force 0.561
           Step           Time
          49000       98.00000

   Energies (kJ/mol)
       G96Angle    Proper Dih.  Improper Dih.          LJ-14     Coulomb-14
    1.27446e+04    1.01721e+04    6.49723e+02   -7.59023e+02    1.61369e+04
        LJ (SR)  Disper. corr.   Coulomb (SR)   Coul. recip.      Potential
   -3.15325e+04   -1.05137e+03   -1.48801e+05    1.69620e+03   -1.40744e+05
    Kinetic En.   Total Energy  Conserved En.    Temperature Pres. DC (bar)
    1.66619e+04   -1.24082e+05   -7.98929e+04    2.98276e+02   -2.74575e+01
 Pressure (bar)   Constr. rmsd
   -9.77582e+01    4.62782e-06


DD  step 49099  vol min/aver 0.257  load imb.: force  4.6%  pme mesh/force 0.564
           Step           Time
          49100       98.20000

   Energies (kJ/mol)
       G96Angle    Proper Dih.  Improper Dih.          LJ-14     Coulomb-14
    1.28450e+04    1.01597e+04    7.00342e+02   -9.03456e+02    1.57811e+04
        LJ (SR)  Disper. corr.   Coulomb (SR)   Coul. recip.      Potential
   -3.16003e+04   -1.05137e+03   -1.48319e+05    1.71918e+03   -1.40669e+05
    Kinetic En.   Total Energy  Conserved En.    Temperature Pres. DC (bar)
    1.66506e+04   -1.24019e+05   -7.98943e+04    2.98073e+02   -2.74575e+01
 Pressure (bar)   Constr. rmsd
   -6.27152e+01    4.63957e-06


DD  step 49199  vol min/aver 0.258  load imb.: force  5.4%  pme mesh/force 0.518
           Step           Time
          49200       98.40000

   Energies (kJ/mol)
       G96Angle    Proper Dih.  Improper Dih.          LJ-14     Coulomb-14
    1.30677e+04    1.01352e+04    6.88898e+02   -9.12833e+02    1.61025e+04
        LJ (SR)  Disper. corr.   Coulomb (SR)   Coul. recip.      Potential
   -3.14333e+04   -1.05137e+03   -1.48946e+05    1.69727e+03   -1.40652e+05
    Kinetic En.   Total Energy  Conserved En.    Temperature Pres. DC (bar)
    1.68729e+04   -1.23779e+05   -7.98912e+04    3.02053e+02   -2.74575e+01
 Pressure (bar)   Constr. rmsd
   -2.99202e+01    4.68081e-06


DD  step 49299  vol min/aver 0.262  load imb.: force  3.3%  pme mesh/force 0.558
           Step           Time
          49300       98.60000

   Energies (kJ/mol)
       G96Angle    Proper Dih.  Improper Dih.          LJ-14     Coulomb-14
    1.28021e+04    1.02835e+04    6.73485e+02   -1.10214e+03    1.63074e+04
        LJ (SR)  Disper. corr.   Coulomb (SR)   Coul. recip.      Potential
   -3.16301e+04   -1.05137e+03   -1.48641e+05    1.71249e+03   -1.40646e+05
    Kinetic En.   Total Energy  Conserved En.    Temperature Pres. DC (bar)
    1.67668e+04   -1.23879e+05   -7.98916e+04    3.00153e+02   -2.74575e+01
 Pressure (bar)   Constr. rmsd
   -1.78187e+02    4.73865e-06


DD  step 49399  vol min/aver 0.266  load imb.: force  2.6%  pme mesh/force 0.593
           Step           Time
          49400       98.80000

   Energies (kJ/mol)
       G96Angle    Proper Dih.  Improper Dih.          LJ-14     Coulomb-14
    1.29456e+04    1.02550e+04    7.05874e+02   -1.07484e+03    1.63514e+04
        LJ (SR)  Disper. corr.   Coulomb (SR)   Coul. recip.      Potential
   -3.15480e+04   -1.05137e+03   -1.48676e+05    1.69658e+03   -1.40396e+05
    Kinetic En.   Total Energy  Conserved En.    Temperature Pres. DC (bar)
    1.64292e+04   -1.23967e+05   -7.98897e+04    2.94110e+02   -2.74575e+01
 Pressure (bar)   Constr. rmsd
   -2.16696e+02    4.77994e-06


DD  step 49499  vol min/aver 0.268  load imb.: force  4.4%  pme mesh/force 0.540
           Step           Time
          49500       99.00000

   Energies (kJ/mol)
       G96Angle    Proper Dih.  Improper Dih.          LJ-14     Coulomb-14
    1.28266e+04    1.02031e+04    6.88244e+02   -8.54654e+02    1.60937e+04
        LJ (SR)  Disper. corr.   Coulomb (SR)   Coul. recip.      Potential
   -3.13967e+04   -1.05137e+03   -1.48805e+05    1.61483e+03   -1.40681e+05
    Kinetic En.   Total Energy  Conserved En.    Temperature Pres. DC (bar)
    1.66494e+04   -1.24032e+05   -7.98914e+04    2.98052e+02   -2.74575e+01
 Pressure (bar)   Constr. rmsd
   -1.71261e+02    4.72432e-06


DD  step 49599  vol min/aver 0.268  load imb.: force  4.5%  pme mesh/force 0.541
           Step           Time
          49600       99.20000

   Energies (kJ/mol)
       G96Angle    Proper Dih.  Improper Dih.          LJ-14     Coulomb-14
    1.27407e+04    9.96334e+03    7.61791e+02   -8.98014e+02    1.60687e+04
        LJ (SR)  Disper. corr.   Coulomb (SR)   Coul. recip.      Potential
   -3.16967e+04   -1.05137e+03   -1.48585e+05    1.70166e+03   -1.40995e+05
    Kinetic En.   Total Energy  Conserved En.    Temperature Pres. DC (bar)
    1.68089e+04   -1.24186e+05   -7.98910e+04    3.00907e+02   -2.74575e+01
 Pressure (bar)   Constr. rmsd
   -1.11783e+02    4.65256e-06


DD  step 49699  vol min/aver 0.270  load imb.: force  3.1%  pme mesh/force 0.586
           Step           Time
          49700       99.40000

   Energies (kJ/mol)
       G96Angle    Proper Dih.  Improper Dih.          LJ-14     Coulomb-14
    1.30980e+04    9.97470e+03    6.87100e+02   -1.06935e+03    1.63246e+04
        LJ (SR)  Disper. corr.   Coulomb (SR)   Coul. recip.      Potential
   -3.16637e+04   -1.05137e+03   -1.48611e+05    1.71288e+03   -1.40598e+05
    Kinetic En.   Total Energy  Conserved En.    Temperature Pres. DC (bar)
    1.70047e+04   -1.23593e+05   -7.98917e+04    3.04412e+02   -2.74575e+01
 Pressure (bar)   Constr. rmsd
   -2.12571e+02    5.15265e-06


DD  step 49799  vol min/aver 0.270  load imb.: force  4.2%  pme mesh/force 0.589
           Step           Time
          49800       99.60000

   Energies (kJ/mol)
       G96Angle    Proper Dih.  Improper Dih.          LJ-14     Coulomb-14
    1.29266e+04    9.95129e+03    7.66955e+02   -9.51688e+02    1.64408e+04
        LJ (SR)  Disper. corr.   Coulomb (SR)   Coul. recip.      Potential
   -3.16752e+04   -1.05137e+03   -1.48687e+05    1.71083e+03   -1.40569e+05
    Kinetic En.   Total Energy  Conserved En.    Temperature Pres. DC (bar)
    1.70731e+04   -1.23496e+05   -7.98914e+04    3.05637e+02   -2.74575e+01
 Pressure (bar)   Constr. rmsd
   -1.47590e+02    4.82792e-06


DD  step 49899  vol min/aver 0.266  load imb.: force  4.9%  pme mesh/force 0.604
           Step           Time
          49900       99.80000

   Energies (kJ/mol)
       G96Angle    Proper Dih.  Improper Dih.          LJ-14     Coulomb-14
    1.24630e+04    1.00002e+04    6.78931e+02   -1.05474e+03    1.67564e+04
        LJ (SR)  Disper. corr.   Coulomb (SR)   Coul. recip.      Potential
   -3.15600e+04   -1.05137e+03   -1.48986e+05    1.70877e+03   -1.41045e+05
    Kinetic En.   Total Energy  Conserved En.    Temperature Pres. DC (bar)
    1.73419e+04   -1.23703e+05   -7.98937e+04    3.10449e+02   -2.74575e+01
 Pressure (bar)   Constr. rmsd
   -8.28187e+01    4.67624e-06


DD  step 49999  vol min/aver 0.263  load imb.: force  3.6%  pme mesh/force 0.568
           Step           Time
          50000      100.00000

Writing checkpoint, step 50000 at Fri Oct  2 12:06:56 2026


   Energies (kJ/mol)
       G96Angle    Proper Dih.  Improper Dih.          LJ-14     Coulomb-14
    1.30072e+04    1.01618e+04    7.63171e+02   -8.66832e+02    1.61923e+04
        LJ (SR)  Disper. corr.   Coulomb (SR)   Coul. recip.      Potential
   -3.15480e+04   -1.05137e+03   -1.49057e+05    1.68269e+03   -1.40716e+05
    Kinetic En.   Total Energy  Conserved En.    Temperature Pres. DC (bar)
    1.66837e+04   -1.24032e+05   -7.98900e+04    2.98665e+02   -2.74575e+01
 Pressure (bar)   Constr. rmsd
   -8.29564e+01    4.70226e-06


Energy conservation over simulation part #1 of length 100 ps, time 0 to 100 ps
  Conserved energy drift: 1.21e-03 kJ/mol/ps per atom


	<======  ###############  ==>
	<====  A V E R A G E S  ====>
	<==  ###############  ======>

	Statistics over 50001 steps using 501 frames

   Energies (kJ/mol)
       G96Angle    Proper Dih.  Improper Dih.          LJ-14     Coulomb-14
    1.26501e+04    1.02953e+04    7.16873e+02   -1.00008e+03    1.70565e+04
        LJ (SR)  Disper. corr.   Coulomb (SR)   Coul. recip.      Potential
   -3.08064e+04   -1.05137e+03   -1.49033e+05    1.84212e+03   -1.39330e+05
    Kinetic En.   Total Energy  Conserved En.    Temperature Pres. DC (bar)
    1.67979e+04   -1.22532e+05   -7.99363e+04    3.00710e+02   -2.74575e+01
 Pressure (bar)   Constr. rmsd
   -1.07551e+02    0.00000e+00

   Total Virial (kJ/mol)
    8.10507e+03   -1.58696e+02   -1.25616e+01
   -1.58696e+02    8.98133e+03   -1.22609e+00
   -1.25622e+01   -1.22622e+00    5.93011e+03

   Pressure (bar)
   -1.20446e+02    9.27015e+00   -4.51875e-02
    9.27019e+00   -1.66866e+02    2.14654e-01
   -4.51545e-02    2.14661e-01   -3.53412e+01


       P P   -   P M E   L O A D   B A L A N C I N G

 PP/PME load balancing changed the cut-off and PME settings:
           particle-particle                    PME
            rcoulomb  rlist            grid      spacing   1/beta
   initial  1.200 nm  1.201 nm      40  40 100   0.160 nm  0.384 nm
   final    1.200 nm  1.201 nm      40  40 100   0.160 nm  0.384 nm
 cost-ratio           1.00             1.00
 (note that these numbers concern only part of the total PP and PME load)


	M E G A - F L O P S   A C C O U N T I N G

 NB=Group-cutoff nonbonded kernels    NxN=N-by-N cluster Verlet kernels
 RF=Reaction-Field  VdW=Van der Waals  QSTab=quadratic-spline table
 W3=SPC/TIP3p  W4=TIP4p (single or pairs)
 V&F=Potential and force  V=Potential only  F=Force only

 Computing:                               M-Number         M-Flops  % Flops
-----------------------------------------------------------------------------
 Pair Search distance check             837.910172        7541.192     0.1
 NxN Ewald Elec. + LJ [F]             70643.753136     4662487.707    43.3
 NxN Ewald Elec. + LJ [V&F]             715.063632       76511.809     0.7
 NxN LJ [F]                           92638.792224     3057080.143    28.4
 NxN LJ [V&F]                           937.615424       40317.463     0.4
 NxN Ewald Elec. [F]                    203.374512       12405.845     0.1
 NxN Ewald Elec. [V&F]                    2.057680         172.845     0.0
 1,4 nonbonded interactions             345.606912       31104.622     0.3
 Calc Weights                           998.419968       35943.119     0.3
 Spread Q Bspline                     21299.625984       42599.252     0.4
 Gather F Bspline                     21299.625984      127797.756     1.2
 3D-FFT                              276608.832066     2212870.657    20.5
 Solve PME                             4080.081600      261125.222     2.4
 Reset In Box                             3.334656          10.004     0.0
 CG-CoM                                   3.341312          10.024     0.0
 Angles                                 377.607552       63438.069     0.6
 Propers                                281.605632       64487.690     0.6
 Impropers                               25.600512        5324.906     0.0
 Virial                                   3.695376          66.517     0.0
 Stop-CM                                332.813312        3328.133     0.0
 Calc-Ekin                              332.813312        8985.959     0.1
 Lincs                                  497.366967       29842.018     0.3
 Lincs-Mat                             6680.843280       26723.373     0.2
 Constraint-V                           994.717662        8952.459     0.1
 Constraint-Vir                           4.983402         119.602     0.0
-----------------------------------------------------------------------------
 Total                                                10779246.386   100.0
-----------------------------------------------------------------------------


    D O M A I N   D E C O M P O S I T I O N   S T A T I S T I C S

 av. #atoms communicated per step for force:  2 x 17752.5
 av. #atoms communicated per step for LINCS:  2 x 3966.4


Dynamic load balancing report:
 DLB was turned on during the run due to measured imbalance.
 Average load imbalance: 5.5%.
 The balanceable part of the MD step is 69%, load imbalance is computed from this.
 Part of the total run time spent waiting due to load imbalance: 3.7%.
 Steps where the load balancing was limited by -rdd, -rcon and/or -dds: X 0 % Y 0 % Z 0 %
 Average PME mesh/force load: 0.608
 Part of the total run time spent waiting due to PP/PME imbalance: 13.8 %

NOTE: 13.8 % performance was lost because the PME ranks
      had less work to do than the PP ranks.
      You might want to decrease the number of PME ranks
      or decrease the cut-off and the grid spacing.


      R E A L   C Y C L E   A N D   T I M E   A C C O U N T I N G

On 16 MPI ranks doing PP, and
on 16 MPI ranks doing PME

 Activity:              Num   Num      Call    Wall time         Giga-Cycles
                        Ranks Threads  Count      (s)         total sum    %
--------------------------------------------------------------------------------
 Domain decomp.           16    1        501       0.408         20.826   1.0
 DD comm. load            16    1        500       0.001          0.035   0.0
 DD comm. bounds          16    1        499       0.038          1.933   0.1
 Send X to PME            16    1      50001       0.060          3.083   0.1
 Neighbor search          16    1        501       0.202         10.291   0.5
 Comm. coord.             16    1      49500       0.685         34.936   1.6
 Force                    16    1      50001      12.321        628.241  29.0
 Wait + Comm. F           16    1      50001       2.100        107.093   4.9
 PME mesh *               16    1      50001       8.965        457.141  21.1
 PME wait for PP *                                12.263        625.296  28.9
 Wait + Recv. PME F       16    1      50001       0.401         20.445   0.9
 NB X/F buffer ops.       16    1     149502       0.315         16.050   0.7
 Write traj.              16    1        501       0.089          4.544   0.2
 Update                   16    1      50001       0.087          4.456   0.2
 Constraints              16    1      50003       3.573        182.210   8.4
 Kinetic energy           16    1      50001       0.089          4.528   0.2
 Comm. energies           16    1      50001       0.697         35.565   1.6
 Rest                                              0.161          8.223   0.4
--------------------------------------------------------------------------------
 Total                                            21.229       2164.915 100.0
--------------------------------------------------------------------------------
(*) Note that with separate PME ranks, the walltime column actually sums to
    twice the total reported, but the cycle count total and % are correct.
--------------------------------------------------------------------------------
 Breakdown of PME mesh activities
--------------------------------------------------------------------------------
 PME redist. X/F          16    1     100002       1.855         94.606   4.4
 PME spread               16    1      50001       1.039         52.973   2.4
 PME gather               16    1      50001       1.012         51.591   2.4
 PME 3D-FFT               16    1     100002       3.241        165.266   7.6
 PME 3D-FFT Comm.         16    1     200004       1.313         66.956   3.1
 PME solve Elec           16    1      50001       0.488         24.865   1.1
--------------------------------------------------------------------------------
 Note that the cycle count and % columns are weighted by the number of ranks,
 while walltimes are not. Hence, with separate PME ranks, the fraction of each
 activity's walltime does not correspond to the cycle %.
--------------------------------------------------------------------------------

               Core t (s)   Wall t (s)        (%)
       Time:      679.282       21.229     3199.8
                 (ns/day)    (hour/ns)    (ms/step)  (Matom*steps/s) 
Performance:      407.006        0.059        0.425           15.677 
Finished mdrun on rank 0 Fri Oct  2 12:06:56 2026

